id,text,sentiment
1,"Samarqand haqida yangilik o'qidim, hech qanday o'zgarish sezilmadi. 😐",neutral
2,"o'tgan oy o'qituvchi bilan qisqa suhbatlashdim, oddatdagidek. 😶",neutral
3,"😡 😡 kitob sifati kutilganidek emas, juda sust ishlayapti, xafa bo'ldim.",negative
4,"ilova bo'yicha kino mavzusi zo'r chiqibdi, rosa yoqdi 😄",positive
5,qattiq hafsalam pir bo'ldi 😞,negative
6,"Samsung A55 haqida fikrlar turlicha, hozircha hech qanday o'zgarish sezilmadi. ℹ️",neutral
7,"Toshkent haqida yangilik o'qidim, oddiy bo'ldi. 🙄",neutral
8,"YouTubeda kofe haqida e'lon ko'rdim, hozircha faqat ma'lumot yig'ayapman, oddatdagidek.",neutral
9,"kitob sotib oldim, narxi arzon emas, lekin sifati uchun mamnunman.",positive
10,"o'qib qo'ydim xolos, ko'rdim xolos 😶",neutral
11,"folloverlar umuman tushuntira olmadi, qattiq hafsalam pir bo'ldi =/",negative
12,"ertaga Buxoroda bo'lgan majlis menga umuman yoqmadi, xafa bo'ldim. 😞 😠",negative
13,"majlis juda samarali o'tdi, hamkasbim tushuntirgan mavzu juda foydali bo'ldi, hayratda qoldim. 👍",positive
14,"kelasi oy Buxoroda bo'lgan dars menga umuman yoqmadi, hafsalam pir bo'ldi. 😔",negative
15,"😎 😎 Samarqanddagi sayohatim ajoyib o'tdi, xizmatlar hammasi darajasida, yoqib qoldi.",positive
16,"bugun Samarqandda uchrashuv bo'lib o'tdi, men faqat qatnashdim, shunchaki ma'lumot uchun. ℹ️",neutral
17,"hamkasbim va'da qilgan ishini bajarmadi, natijadan hafsalam pir bo'ldi. 💔",negative
18,"🙄 Telegramda Samsung A55 haqida e'lon ko'rdim, hozircha faqat ma'lumot yig'ayapman, hech qanday o'zgarish sezilmadi.",neutral
19,"Instagramda Redmi Note 13 haqida e'lon ko'rdim, hozircha faqat ma'lumot yig'ayapman, oddiy bo'ldi.",neutral
20,"Andijondagi sayohatim ajoyib o'tdi, xizmatlar hammasi darajasida, juda xursand bo'ldim. 😊 😊",positive
21,"noutbuk sifati kutilganidek emas, juda sust ishlayapti, xafa bo'ldim. 😔",negative
22,"📌 o'tgan oy Farg'onada seminar bo'lib o'tdi, men faqat qatnashdim, neytral qarayman.",neutral
23,"Qo'qon haqida yangilik o'qidim, neytral qarayman. 🤔 ℹ️",neutral
24,"o'qib qo'ydim xolos, norm ✍️",neutral
25,"🙄 📌 Instagramda Redmi Note 13 haqida e'lon ko'rdim, hozircha faqat ma'lumot yig'ayapman, hech qanday o'zgarish sezilmadi.",neutral
26,"Farg'onadagi sayohatim ajoyib o'tdi, xizmatlar hammasi darajasida, mamnunman. 😄 😎",positive
27,"bugungi kommentlar mavzusi zerikarli bo'ldi, bekor ketdi hamma narsasi 🤬",negative
28,😔 🤦‍♀️ :(,negative
29,"✨ iPhone 15 sotib oldim, narxi arzon emas, lekin sifati uchun yoqib qoldi.",positive
30,;) :D,positive
31,"😊 dars juda samarali o'tdi, professor tushuntirgan mavzu juda foydali bo'ldi, yoqib qoldi.",positive
32,"Yangi internet xizmati ishga tushdi, hozircha hammasi yaxshi ishlayapti, zo'r bo'ldi.",positive
33,"🥰 Samsung A55 sotib oldim, narxi arzon emas, lekin sifati uchun kayfiyatim ko'tarildi.",positive
34,"ilova bo'yicha futbol mavzusi zo'r chiqibdi, chiqqan joyi yoqdi 🔥",positive
35,zor 😊,positive
36,"📌 Facebookda planshet haqida e'lon ko'rdim, hozircha faqat ma'lumot yig'ayapman, oddiy bo'ldi.",neutral
37,"planshet haqida fikrlar turlicha, hozircha oddiy bo'ldi.",neutral
38,"admin nimadir yozibdi, lekin men uchun norm 😶",neutral
39,"bugun professor bilan qisqa suhbatlashdim, hech qanday o'zgarish sezilmadi.",neutral
40,"😶 📌 noutbuk haqida fikrlar turlicha, hozircha hech qanday o'zgarish sezilmadi.",neutral
41,"oyin bo'yicha texnika mavzusi zo'r chiqibdi, rosa yoqdi 😄",positive
42,"kelasi oy Samarqandga bordim, hamma narsa juda xursand bo'ldim. 👍",positive
43,😭 😭,negative
44,"opa juda chiroyli tushuntiribdi, super 🤩",positive
45,"🤩 kofe sotib oldim, narxi arzon emas, lekin sifati uchun juda xursand bo'ldim.",positive
46,"opa juda chiroyli tushuntiribdi, chiqqan joyi yoqdi 😁",positive
47,"👍 😄 kecha Andijonga bordim, hamma narsa mamnunman.",positive
48,"😠 rahbar va'da qilgan ishini bajarmadi, natijadan xafa bo'ldim.",negative
49,"imtihon juda samarali o'tdi, hamkasbim tushuntirgan mavzu juda foydali bo'ldi, yoqib qoldi. 🥰 😄",positive
50,"imtihon juda samarali o'tdi, professor tushuntirgan mavzu juda foydali bo'ldi, kayfiyatim ko'tarildi. 😊",positive
51,"Instagramdagi reklamalar juda asabga tegayapti, afsuslandim. 👎",negative
52,"📌 ertaga Toshkentda dars bo'lib o'tdi, men faqat qatnashdim, hech qanday o'zgarish sezilmadi.",neutral
53,"ℹ️ telefon operatori bo'yicha yangilanish chiqdi, lekin hozircha oddatdagidek.",neutral
54,"dastur sifati yana tushib ketgan, bekor ketdi hamma narsasi 😞",negative
55,"😶 Facebookda aviachiptalar haqida e'lon ko'rdim, hozircha faqat ma'lumot yig'ayapman, hech qanday o'zgarish sezilmadi.",neutral
56,"ertaga Andijonga bordim, hamma narsa zo'r bo'ldi.",positive
57,"bugun texnika bo'yicha faqat kuzatib turdim, shunchaki",neutral
58,"Toshkentga borish rejam buzildi, chiptalar bilan muammo bo'ldi, juda jahlim chiqdi. 🤬",negative
59,"o'tgan oy Xivaga bordim, hamma narsa hayratda qoldim. 👍 🤩",positive
60,"😍 Yangi dastur ishga tushdi, hozircha hammasi yaxshi ishlayapti, kayfiyatim ko'tarildi.",positive
61,"👎 💔 Namanganga borish rejam buzildi, chiptalar bilan muammo bo'ldi, noroziman.",negative
62,"Samarqandga borish rejam buzildi, chiptalar bilan muammo bo'ldi, hafsalam pir bo'ldi. 😞 😔",negative
63,"😎 Yangi bank xizmati ishga tushdi, hozircha hammasi yaxshi ishlayapti, hayratda qoldim.",positive
64,"kelasi oy Andijonda seminar bo'lib o'tdi, men faqat qatnashdim, hech qanday o'zgarish sezilmadi.",neutral
65,"😐 ilova bo'yicha yangilanish chiqdi, lekin hozircha oddiy bo'ldi.",neutral
66,"👍 Namangandagi sayohatim ajoyib o'tdi, xizmatlar hammasi darajasida, mamnunman.",positive
67,"kommentlarni o'qidim, shunchaki 😶",neutral
68,"kommentlarni o'qidim, hech narsa o'zgarmadi 😐",neutral
69,"Samarqanddagi sayohatim ajoyib o'tdi, xizmatlar hammasi darajasida, kayfiyatim ko'tarildi. 🥰",positive
70,"✨ 🥰 majlis juda samarali o'tdi, o'qituvchi tushuntirgan mavzu juda foydali bo'ldi, juda xursand bo'ldim.",positive
71,"shu hafta Buxoroga bordim, hamma narsa juda xursand bo'ldim.",positive
72,"folloverlar umuman tushuntira olmadi, juda yomon 😞",negative
73,"Instagramdagi reklamalar juda asabga tegayapti, hafsalam pir bo'ldi. 😠",negative
74,"majlis juda samarali o'tdi, do'stim tushuntirgan mavzu juda foydali bo'ldi, zo'r bo'ldi. 🥰 😍",positive
75,"aviachiptalar sotib oldim, narxi arzon emas, lekin sifati uchun zo'r bo'ldi.",positive
76,"😭 Samarqandga borish rejam buzildi, chiptalar bilan muammo bo'ldi, noroziman.",negative
77,"Buxorodagi sayohatim ajoyib o'tdi, xizmatlar hammasi darajasida, kayfiyatim ko'tarildi. 😊",positive
78,"bugungi ilova haqidagi futbol videolari yoqdi, rosa yoqdi 😍",positive
79,"o'tgan oy professor bilan qisqa suhbatlashdim, shunchaki ma'lumot uchun.",neutral
80,"✨ aviachiptalar sotib oldim, narxi arzon emas, lekin sifati uchun yoqib qoldi.",positive
81,"😍 o'tgan oy Farg'onaga bordim, hamma narsa juda xursand bo'ldim.",positive
82,"Xiva haqida yangilik o'qidim, neytral qarayman. ℹ️",neutral
83,"kelasi oy Farg'onada majlis bo'lib o'tdi, men faqat qatnashdim, hech qanday o'zgarish sezilmadi.",neutral
84,"Farg'ona haqida yangilik o'qidim, neytral qarayman. 📌 📌",neutral
85,"Yangi internet xizmati ishga tushdi, hozircha hammasi yaxshi ishlayapti, zo'r bo'ldi. 😁 😊",positive
86,"ilova bilan muammo chiqdi, qo'llab-quvvatlash xizmati javob bermadi, afsuslandim.",negative
87,"shu hafta Andijonda majlis bo'lib o'tdi, men faqat qatnashdim, shunchaki ma'lumot uchun. ℹ️",neutral
88,"bugun Qo'qonga bordim, hamma narsa yoqib qoldi. 😁",positive
89,"shu hafta o'qituvchi bilan qisqa suhbatlashdim, oddiy bo'ldi. 📌 🤔",neutral
90,"😎 Buxorodagi sayohatim ajoyib o'tdi, xizmatlar hammasi darajasida, zo'r bo'ldi.",positive
91,"YouTubeda yangi Samsung A55 haqida post ko'rdim, menga juda yoqdi, kayfiyatim ko'tarildi. ✨ 🤩",positive
92,"kelasi oy Samarqandda bo'lgan majlis menga umuman yoqmadi, hafsalam pir bo'ldi. 😔",negative
93,"Facebookda Samsung A55 haqida e'lon ko'rdim, hozircha faqat ma'lumot yig'ayapman, neytral qarayman. 🙄",neutral
94,"🙄 Andijon haqida yangilik o'qidim, shunchaki ma'lumot uchun.",neutral
95,"🤩 uchrashuv juda samarali o'tdi, rahbar tushuntirgan mavzu juda foydali bo'ldi, hayratda qoldim.",positive
96,"😍 😁 YouTubeda yangi Redmi Note 13 haqida post ko'rdim, menga juda yoqdi, juda xursand bo'ldim.",positive
97,"Facebookdagi reklamalar juda asabga tegayapti, noroziman. 👎",negative
98,"😎 Facebookda yangi kofe haqida post ko'rdim, menga juda yoqdi, zo'r bo'ldi.",positive
99,"📌 aviachiptalar haqida fikrlar turlicha, hozircha shunchaki ma'lumot uchun.",neutral
100,"😐 Instagramda aviachiptalar haqida e'lon ko'rdim, hozircha faqat ma'lumot yig'ayapman, hech qanday o'zgarish sezilmadi.",neutral
101,"kelasi oy Xivada imtihon bo'lib o'tdi, men faqat qatnashdim, shunchaki ma'lumot uchun. 📌",neutral
102,"odamlar juda chiroyli tushuntiribdi, top 🤩",positive
103,"kelasi oy hamkasbim bilan qisqa suhbatlashdim, shunchaki ma'lumot uchun.",neutral
104,chiqqan joyi yoqdi 😎,positive
105,"😁 ✨ seminar juda samarali o'tdi, o'qituvchi tushuntirgan mavzu juda foydali bo'ldi, hayratda qoldim.",positive
106,"🥰 😍 iPhone 15 sotib oldim, narxi arzon emas, lekin sifati uchun zo'r bo'ldi.",positive
107,🤦‍♂️ >:( :-/ 👎,negative
108,"o'tgan oy dekan bilan qisqa suhbatlashdim, shunchaki ma'lumot uchun.",neutral
109,"Namanganga borish rejam buzildi, chiptalar bilan muammo bo'ldi, noroziman. 😡 😡",negative
110,"Yangi telefon operatori ishga tushdi, hozircha hammasi yaxshi ishlayapti, zo'r bo'ldi. ✨",positive
111,"ilova bilan muammo chiqdi, qo'llab-quvvatlash xizmati javob bermadi, xafa bo'ldim.",negative
112,"✨ 😄 noutbuk sotib oldim, narxi arzon emas, lekin sifati uchun juda xursand bo'ldim.",positive
113,"Xivadagi sayohatim ajoyib o'tdi, xizmatlar hammasi darajasida, hayratda qoldim.",positive
114,"😶 bugun Qo'qonda majlis bo'lib o'tdi, men faqat qatnashdim, hech qanday o'zgarish sezilmadi.",neutral
115,😠 😡,negative
116,prosta savol !?,neutral
117,"konferensiya juda samarali o'tdi, rahbar tushuntirgan mavzu juda foydali bo'ldi, mamnunman.",positive
118,"💔 ertaga Samarqandda bo'lgan konferensiya menga umuman yoqmadi, xafa bo'ldim.",negative
119,"bugun direktor bilan qisqa suhbatlashdim, shunchaki ma'lumot uchun.",neutral
120,"bugungi oyin haqidagi talim videolari yoqdi, super 🤩",positive
121,"kecha Qo'qonda majlis bo'lib o'tdi, men faqat qatnashdim, oddatdagidek.",neutral
122,"😁 Namangandagi sayohatim ajoyib o'tdi, xizmatlar hammasi darajasida, juda xursand bo'ldim.",positive
123,"folloverlar juda chiroyli tushuntiribdi, top ✨",positive
124,"😢 Qo'qonga borish rejam buzildi, chiptalar bilan muammo bo'ldi, umuman yoqmadi.",negative
125,?? ??,neutral
126,"bugun yangiliklar bo'yicha faqat kuzatib turdim, neytralman ✍️",neutral
127,😎 ;),positive
128,"kecha direktor bilan qisqa suhbatlashdim, neytral qarayman.",neutral
129,"😎 bugun Namanganga bordim, hamma narsa juda xursand bo'ldim.",positive
130,"o'tgan oy Qo'qonga bordim, hamma narsa zo'r bo'ldi. ✨ 🥰",positive
131,ℹ️ ℹ️ ℹ️,neutral
132,"💔 iPhone 15 sifati kutilganidek emas, juda sust ishlayapti, juda jahlim chiqdi.",negative
133,"kecha Toshkentga bordim, hamma narsa juda xursand bo'ldim. 😄",positive
134,"video bo'yicha futbol mavzusi zo'r chiqibdi, gap yo'q 😍",positive
135,"uchrashuv juda samarali o'tdi, hamkasbim tushuntirgan mavzu juda foydali bo'ldi, hayratda qoldim. ✨ 😍",positive
136,"😊 konferensiya juda samarali o'tdi, o'qituvchi tushuntirgan mavzu juda foydali bo'ldi, juda xursand bo'ldim.",positive
137,"ertaga Toshkentga bordim, hamma narsa mamnunman.",positive
138,"aka juda chiroyli tushuntiribdi, rosa yoqdi 😍",positive
139,"o'qib qo'ydim xolos, kulib qo'ydim xolos 🤔",neutral
140,"YouTubeda yangi Samsung A55 haqida post ko'rdim, menga juda yoqdi, yoqib qoldi. 😎",positive
141,"Farg'onadagi sayohatim ajoyib o'tdi, xizmatlar hammasi darajasida, hayratda qoldim. 👍",positive
142,"😎 😍 Yangi kuryer xizmati ishga tushdi, hozircha hammasi yaxshi ishlayapti, juda xursand bo'ldim.",positive
143,"😐 🙄 kecha Namanganda uchrashuv bo'lib o'tdi, men faqat qatnashdim, neytral qarayman.",neutral
144,"Farg'onadagi sayohatim ajoyib o'tdi, xizmatlar hammasi darajasida, juda xursand bo'ldim. 😄 😄",positive
145,😄 😎 🥰 :),positive
146,"ℹ️ Buxoro haqida yangilik o'qidim, oddiy bo'ldi.",neutral
147,"🥰 seminar juda samarali o'tdi, hamkasbim tushuntirgan mavzu juda foydali bo'ldi, yoqib qoldi.",positive
148,"shu hafta Samarqandga bordim, hamma narsa juda xursand bo'ldim. 🤩",positive
149,"direktor va'da qilgan ishini bajarmadi, natijadan hafsalam pir bo'ldi.",negative
150,"Buxoro haqida yangilik o'qidim, neytral qarayman. 😶",neutral
151,"o'qib qo'ydim xolos, prosta savol 🙄",neutral
152,"Andijondagi sayohatim ajoyib o'tdi, xizmatlar hammasi darajasida, hayratda qoldim. 😍",positive
153,"Buxoro haqida yangilik o'qidim, oddatdagidek.",neutral
154,"ertaga Xivaga bordim, hamma narsa kayfiyatim ko'tarildi.",positive
155,<3 ❤️ 😁,positive
156,"Andijon haqida yangilik o'qidim, shunchaki ma'lumot uchun. 🤔",neutral
157,"o'tgan oy o'qituvchi bilan qisqa suhbatlashdim, oddiy bo'ldi.",neutral
158,"😶 ℹ️ aviachiptalar haqida fikrlar turlicha, hozircha hech qanday o'zgarish sezilmadi.",neutral
159,"Telegramda kitob haqida e'lon ko'rdim, hozircha faqat ma'lumot yig'ayapman, neytral qarayman. 🙄",neutral
160,"admin nimadir yozibdi, lekin men uchun shunchaki 🤔",neutral
161,"Telegramda yangi aviachiptalar haqida post ko'rdim, menga juda yoqdi, zo'r bo'ldi. 😁",positive
162,"bloger umuman tushuntira olmadi, tavsiya etmayman 😔",negative
163,"dars juda samarali o'tdi, hamkasbim tushuntirgan mavzu juda foydali bo'ldi, mamnunman. 😎",positive
164,"Farg'onadagi sayohatim ajoyib o'tdi, xizmatlar hammasi darajasida, zo'r bo'ldi. 😍 🤩",positive
165,"✨ 🥰 dars juda samarali o'tdi, professor tushuntirgan mavzu juda foydali bo'ldi, mamnunman.",positive
166,"Facebookda kofe haqida e'lon ko'rdim, hozircha faqat ma'lumot yig'ayapman, neytral qarayman. 📌",neutral
167,"bugun Toshkentga bordim, hamma narsa mamnunman. 😄",positive
168,"😍 Andijondagi sayohatim ajoyib o'tdi, xizmatlar hammasi darajasida, yoqib qoldi.",positive
169,"Twitterda yangi aviachiptalar haqida post ko'rdim, menga juda yoqdi, hayratda qoldim. 😎",positive
170,"😡 😡 telefon operatori bilan muammo chiqdi, qo'llab-quvvatlash xizmati javob bermadi, juda jahlim chiqdi.",negative
171,"kofe sotib oldim, narxi arzon emas, lekin sifati uchun hayratda qoldim. ✨",positive
172,:D 🔥,positive
173,"YouTubeda yangi kofe haqida post ko'rdim, menga juda yoqdi, yoqib qoldi. 🥰",positive
174,"😁 YouTubeda yangi noutbuk haqida post ko'rdim, menga juda yoqdi, zo'r bo'ldi.",positive
175,"👎 o'qituvchi va'da qilgan ishini bajarmadi, natijadan xafa bo'ldim.",negative
176,"bugun Buxoroga bordim, hamma narsa kayfiyatim ko'tarildi. 😁",positive
177,juda yomon =/,negative
178,"😞 💔 ertaga Andijonda bo'lgan uchrashuv menga umuman yoqmadi, xafa bo'ldim.",negative
179,servis noldan ham past 😡,negative
180,"bugun talim bo'yicha faqat kuzatib turdim, fikir yo'q ...",neutral
181,"Qo'qon haqida yangilik o'qidim, oddiy bo'ldi. 🙄",neutral
182,"✨ Yangi kuryer xizmati ishga tushdi, hozircha hammasi yaxshi ishlayapti, kayfiyatim ko'tarildi.",positive
183,"shu hafta Andijonga bordim, hamma narsa yoqib qoldi. 👍",positive
184,"ertaga Namanganda imtihon bo'lib o'tdi, men faqat qatnashdim, oddiy bo'ldi.",neutral
185,"dars juda samarali o'tdi, o'qituvchi tushuntirgan mavzu juda foydali bo'ldi, juda xursand bo'ldim.",positive
186,"🤔 shu hafta do'stim bilan qisqa suhbatlashdim, shunchaki ma'lumot uchun.",neutral
187,"video sifati yana tushib ketgan, bekor ketdi hamma narsasi 😠",negative
188,"seminar juda samarali o'tdi, hamkasbim tushuntirgan mavzu juda foydali bo'ldi, mamnunman.",positive
189,"kelasi oy Farg'onada uchrashuv bo'lib o'tdi, men faqat qatnashdim, shunchaki ma'lumot uchun. 😐",neutral
190,😡 :-/ 🤦‍♀️,negative
191,"post bo'yicha futbol postini ko'rdim, bilmayman ...",neutral
192,kommentlarni o'qib rostdan ham gap yo'q 😍,positive
193,"📌 o'tgan oy Qo'qonda dars bo'lib o'tdi, men faqat qatnashdim, oddiy bo'ldi.",neutral
194,"ertaga Namanganda dars bo'lib o'tdi, men faqat qatnashdim, hech qanday o'zgarish sezilmadi.",neutral
195,"bugungi video haqidagi kino videolari yoqdi, menga yoqdi",positive
196,"💔 telefon operatori bilan muammo chiqdi, qo'llab-quvvatlash xizmati javob bermadi, hafsalam pir bo'ldi.",negative
197,"✨ noutbuk sotib oldim, narxi arzon emas, lekin sifati uchun kayfiyatim ko'tarildi.",positive
198,"🤩 Yangi mijozlarga xizmat ko'rsatish ishga tushdi, hozircha hammasi yaxshi ishlayapti, zo'r bo'ldi.",positive
199,"bugun Qo'qonga bordim, hamma narsa juda xursand bo'ldim.",positive
200,"post bo'yicha blog mavzusi zo'r chiqibdi, rosa yoqdi 😄",positive
201,"video bo'yicha futbol mavzusi zo'r chiqibdi, chiqqan joyi yoqdi",positive
202,"ertaga Andijonda seminar bo'lib o'tdi, men faqat qatnashdim, hech qanday o'zgarish sezilmadi. 🙄",neutral
203,"ertaga Toshkentda seminar bo'lib o'tdi, men faqat qatnashdim, oddiy bo'ldi.",neutral
204,"😍 Facebookda yangi Redmi Note 13 haqida post ko'rdim, menga juda yoqdi, juda xursand bo'ldim.",positive
205,"bugungi dastur haqidagi blog videolari yoqdi, zor 😎",positive
206,"post bo'yicha futbol postini ko'rdim, info uchun",neutral
207,"💔 Facebookdagi reklamalar juda asabga tegayapti, umuman yoqmadi.",negative
208,"YouTubeda kofe haqida e'lon ko'rdim, hozircha faqat ma'lumot yig'ayapman, hech qanday o'zgarish sezilmadi.",neutral
209,"🤔 🙄 Andijon haqida yangilik o'qidim, oddiy bo'ldi.",neutral
210,"bugun texnika bo'yicha faqat kuzatib turdim, bilmayman :|",neutral
211,"Yangi internet xizmati ishga tushdi, hozircha hammasi yaxshi ishlayapti, juda xursand bo'ldim. 🥰",positive
212,"😶 iPhone 15 haqida fikrlar turlicha, hozircha oddatdagidek.",neutral
213,"bugun Xivaga bordim, hamma narsa hayratda qoldim. 😎",positive
214,"📌 Instagramda kitob haqida e'lon ko'rdim, hozircha faqat ma'lumot yig'ayapman, neytral qarayman.",neutral
215,"Yangi internet xizmati ishga tushdi, hozircha hammasi yaxshi ishlayapti, mamnunman.",positive
216,"😶 shu hafta Toshkentda dars bo'lib o'tdi, men faqat qatnashdim, oddatdagidek.",neutral
217,"YouTubeda planshet haqida e'lon ko'rdim, hozircha faqat ma'lumot yig'ayapman, oddatdagidek.",neutral
218,"✨ Instagramda yangi kofe haqida post ko'rdim, menga juda yoqdi, juda xursand bo'ldim.",positive
219,"👍 Facebookda yangi kitob haqida post ko'rdim, menga juda yoqdi, yoqib qoldi.",positive
220,😡 =/ 💔 👎,negative
221,"😊 Instagramda yangi kofe haqida post ko'rdim, menga juda yoqdi, mamnunman.",positive
222,"majlis juda samarali o'tdi, o'qituvchi tushuntirgan mavzu juda foydali bo'ldi, juda xursand bo'ldim. 😁 🤩",positive
223,"😄 uchrashuv juda samarali o'tdi, dekan tushuntirgan mavzu juda foydali bo'ldi, yoqib qoldi.",positive
224,"shu hafta Farg'onada majlis bo'lib o'tdi, men faqat qatnashdim, oddiy bo'ldi.",neutral
225,"😊 shu hafta Namanganga bordim, hamma narsa zo'r bo'ldi.",positive
226,"🙄 Namangan haqida yangilik o'qidim, neytral qarayman.",neutral
227,"kecha Toshkentga bordim, hamma narsa juda xursand bo'ldim.",positive
228,"🤔 🤔 o'tgan oy do'stim bilan qisqa suhbatlashdim, neytral qarayman.",neutral
229,"Yangi ilova ishga tushdi, hozircha hammasi yaxshi ishlayapti, mamnunman. 😎 😄",positive
230,"Facebookda kofe haqida e'lon ko'rdim, hozircha faqat ma'lumot yig'ayapman, neytral qarayman.",neutral
231,"kelasi oy Qo'qonda imtihon bo'lib o'tdi, men faqat qatnashdim, oddatdagidek. 🤔",neutral
232,otliii 😍,positive
233,"kecha Namanganga bordim, hamma narsa hayratda qoldim. ✨ 🤩",positive
234,"servis sifati yana tushib ketgan, bunday bo'lmasligi kerak edi :(",negative
235,kommentlarni o'qib rostdan ham zo'r ✨,positive
236,"🥰 majlis juda samarali o'tdi, o'qituvchi tushuntirgan mavzu juda foydali bo'ldi, zo'r bo'ldi.",positive
237,"😐 Twitterda aviachiptalar haqida e'lon ko'rdim, hozircha faqat ma'lumot yig'ayapman, oddatdagidek.",neutral
238,"folloverlar nimadir yozibdi, lekin men uchun norm 😐",neutral
239,!? !? ...,neutral
240,"ilova bo'yicha talim mavzusi zo'r chiqibdi, super 😊",positive
241,"Farg'onaga borish rejam buzildi, chiptalar bilan muammo bo'ldi, xafa bo'ldim. 😡",negative
242,<3 =) ❤️,positive
243,"😁 noutbuk sotib oldim, narxi arzon emas, lekin sifati uchun juda xursand bo'ldim.",positive
244,"📌 Xiva haqida yangilik o'qidim, oddatdagidek.",neutral
245,😊 =) ✨,positive
246,"😁 Instagramda yangi Samsung A55 haqida post ko'rdim, menga juda yoqdi, mamnunman.",positive
247,"Buxoro haqida yangilik o'qidim, hech qanday o'zgarish sezilmadi. 😐 ℹ️",neutral
248,"😶 shu hafta hamkasbim bilan qisqa suhbatlashdim, oddatdagidek.",neutral
249,"kecha do'stim bilan qisqa suhbatlashdim, oddatdagidek. 📌",neutral
250,"admin juda chiroyli tushuntiribdi, menga yoqdi 😎",positive
251,"do'stlar umuman tushuntira olmadi, bekor ekan 🤬",negative
252,"🤩 😎 kecha Xivaga bordim, hamma narsa kayfiyatim ko'tarildi.",positive
253,"✨ Xivadagi sayohatim ajoyib o'tdi, xizmatlar hammasi darajasida, hayratda qoldim.",positive
254,"Qo'qonga borish rejam buzildi, chiptalar bilan muammo bo'ldi, afsuslandim. 🤬",negative
255,bekor ekan 😡,negative
256,"Instagramda iPhone 15 haqida e'lon ko'rdim, hozircha faqat ma'lumot yig'ayapman, oddiy bo'ldi. 🤔 ℹ️",neutral
257,kommentlarni o'qib rostdan ham bombaaa ;),positive
258,"dastur bilan muammo chiqdi, qo'llab-quvvatlash xizmati javob bermadi, xafa bo'ldim.",negative
259,"yana shunaqa reklama chiqdi, charchatdi :(",negative
260,"bugungi telegram kanal haqidagi blog videolari yoqdi, yaxshi ishlayapti 🤩",positive
261,"ℹ️ shu hafta Xivada dars bo'lib o'tdi, men faqat qatnashdim, neytral qarayman.",neutral
262,"👍 shu hafta Andijonga bordim, hamma narsa kayfiyatim ko'tarildi.",positive
263,"Samsung A55 haqida fikrlar turlicha, hozircha oddatdagidek. 🤔",neutral
264,"kelasi oy Namanganda bo'lgan konferensiya menga umuman yoqmadi, umuman yoqmadi.",negative
265,"iPhone 15 sotib oldim, narxi arzon emas, lekin sifati uchun juda xursand bo'ldim. 😍 ✨",positive
266,?? 🙄,neutral
267,"kecha o'qituvchi bilan qisqa suhbatlashdim, shunchaki ma'lumot uchun.",neutral
268,"internet bo'yicha kommentlar mavzusi zo'r chiqibdi, rosa yoqdi ❤️",positive
269,"Qo'qondagi sayohatim ajoyib o'tdi, xizmatlar hammasi darajasida, zo'r bo'ldi. 👍",positive
270,"Namangan haqida yangilik o'qidim, oddatdagidek. 😐",neutral
271,"post bo'yicha musiqa mavzusi zo'r chiqibdi, super :D",positive
272,"✨ shu hafta Samarqandga bordim, hamma narsa kayfiyatim ko'tarildi.",positive
273,"kuryer xizmati bilan muammo chiqdi, qo'llab-quvvatlash xizmati javob bermadi, umuman yoqmadi. 😭",negative
274,"ℹ️ Toshkent haqida yangilik o'qidim, oddiy bo'ldi.",neutral
275,"bugungi siyosat mavzusi zerikarli bo'ldi, yoqmadi 💔",negative
276,"🤩 😊 Instagramda yangi kitob haqida post ko'rdim, menga juda yoqdi, kayfiyatim ko'tarildi.",positive
277,"🙄 shu hafta rahbar bilan qisqa suhbatlashdim, shunchaki ma'lumot uchun.",neutral
278,"bank xizmati bo'yicha yangilanish chiqdi, lekin hozircha neytral qarayman. 😶",neutral
279,"bugun Farg'onada imtihon bo'lib o'tdi, men faqat qatnashdim, oddatdagidek.",neutral
280,"😄 shu hafta Andijonga bordim, hamma narsa kayfiyatim ko'tarildi.",positive
281,"opa juda chiroyli tushuntiribdi, menga yoqdi 😊",positive
282,"👍 o'tgan oy Andijonga bordim, hamma narsa hayratda qoldim.",positive
283,"😎 😍 Telegramda yangi noutbuk haqida post ko'rdim, menga juda yoqdi, kayfiyatim ko'tarildi.",positive
284,"ilova bilan muammo chiqdi, qo'llab-quvvatlash xizmati javob bermadi, hafsalam pir bo'ldi. 👎",negative
285,"YouTubeda Samsung A55 haqida e'lon ko'rdim, hozircha faqat ma'lumot yig'ayapman, oddatdagidek.",neutral
286,"👍 😁 Andijondagi sayohatim ajoyib o'tdi, xizmatlar hammasi darajasida, zo'r bo'ldi.",positive
287,"🤬 😢 o'qituvchi va'da qilgan ishini bajarmadi, natijadan noroziman.",negative
288,"ertaga Buxoroga bordim, hamma narsa mamnunman.",positive
289,"😊 Qo'qondagi sayohatim ajoyib o'tdi, xizmatlar hammasi darajasida, hayratda qoldim.",positive
290,😢 💔 😠,negative
291,"uchrashuv juda samarali o'tdi, hamkasbim tushuntirgan mavzu juda foydali bo'ldi, zo'r bo'ldi. ✨",positive
292,"✨ Telegramda yangi Samsung A55 haqida post ko'rdim, menga juda yoqdi, yoqib qoldi.",positive
293,😁 🥰 😎,positive
294,"internet sifati yana tushib ketgan, qattiq hafsalam pir bo'ldi",negative
295,"kommentlarda hammasi urush, bunday bo'lmasligi kerak edi 🤦‍♀️",negative
296,"bugun talim bo'yicha faqat kuzatib turdim, ok :|",neutral
297,"😄 Twitterda yangi noutbuk haqida post ko'rdim, menga juda yoqdi, juda xursand bo'ldim.",positive
298,"👍 😍 konferensiya juda samarali o'tdi, direktor tushuntirgan mavzu juda foydali bo'ldi, hayratda qoldim.",positive
299,"🤬 😭 ilova bilan muammo chiqdi, qo'llab-quvvatlash xizmati javob bermadi, umuman yoqmadi.",negative
300,😢 😞 😞,negative
301,"🥰 🤩 Yangi telefon operatori ishga tushdi, hozircha hammasi yaxshi ishlayapti, mamnunman.",positive
302,"professor va'da qilgan ishini bajarmadi, natijadan noroziman. 👎 💔",negative
303,"Buxorodagi sayohatim ajoyib o'tdi, xizmatlar hammasi darajasida, yoqib qoldi. 👍",positive
304,"😊 Qo'qondagi sayohatim ajoyib o'tdi, xizmatlar hammasi darajasida, juda xursand bo'ldim.",positive
305,"telefon operatori bilan muammo chiqdi, qo'llab-quvvatlash xizmati javob bermadi, juda jahlim chiqdi.",negative
306,kommentlarni o'qib rostdan ham zor 😍,positive
307,"do'stlar juda chiroyli tushuntiribdi, rahmat, zo'r ekan",positive
308,"ertaga professor bilan qisqa suhbatlashdim, shunchaki ma'lumot uchun. 🙄 📌",neutral
309,"shu hafta Qo'qonda seminar bo'lib o'tdi, men faqat qatnashdim, hech qanday o'zgarish sezilmadi.",neutral
310,"🤬 aviachiptalar sifati kutilganidek emas, juda sust ishlayapti, xafa bo'ldim.",negative
311,"👎 aviachiptalar sifati kutilganidek emas, juda sust ishlayapti, afsuslandim.",negative
312,"😔 😞 Twitterdagi reklamalar juda asabga tegayapti, umuman yoqmadi.",negative
313,"aka nimadir yozibdi, lekin men uchun bilmayman ✍️",neutral
314,"🤩 ertaga Farg'onaga bordim, hamma narsa mamnunman.",positive
315,"kitob sotib oldim, narxi arzon emas, lekin sifati uchun juda xursand bo'ldim. 😊",positive
316,"ilova bo'yicha pul mavzusi zo'r chiqibdi, menga yoqdi 😍",positive
317,"o'tgan oy Toshkentga bordim, hamma narsa mamnunman.",positive
318,"kecha direktor bilan qisqa suhbatlashdim, oddiy bo'ldi. 📌",neutral
319,"bugungi ilova haqidagi siyosat videolari yoqdi, super ❤️",positive
320,"🥰 Twitterda yangi planshet haqida post ko'rdim, menga juda yoqdi, kayfiyatim ko'tarildi.",positive
321,"😎 kofe sotib oldim, narxi arzon emas, lekin sifati uchun hayratda qoldim.",positive
322,"😁 kecha Andijonga bordim, hamma narsa mamnunman.",positive
323,"shu hafta Namanganda majlis bo'lib o'tdi, men faqat qatnashdim, shunchaki ma'lumot uchun.",neutral
324,✨ 🥰 😁,positive
325,"kommentlarda hammasi urush, bekor ketdi hamma narsasi 👎",negative
326,"📌 bugun Toshkentda dars bo'lib o'tdi, men faqat qatnashdim, hech qanday o'zgarish sezilmadi.",neutral
327,"🥰 😁 imtihon juda samarali o'tdi, dekan tushuntirgan mavzu juda foydali bo'ldi, zo'r bo'ldi.",positive
328,"Telegramda yangi planshet haqida post ko'rdim, menga juda yoqdi, mamnunman.",positive
329,"mijozlarga xizmat ko'rsatish bilan muammo chiqdi, qo'llab-quvvatlash xizmati javob bermadi, noroziman. 😞",negative
330,ℹ️ ?? 😶,neutral
331,"Redmi Note 13 sotib oldim, narxi arzon emas, lekin sifati uchun yoqib qoldi. 👍 😎",positive
332,"kelasi oy direktor bilan qisqa suhbatlashdim, oddatdagidek.",neutral
333,"kuryer xizmati bilan muammo chiqdi, qo'llab-quvvatlash xizmati javob bermadi, juda jahlim chiqdi. 👎",negative
334,"😢 o'tgan oy Namanganda bo'lgan seminar menga umuman yoqmadi, juda jahlim chiqdi.",negative
335,"noutbuk sotib oldim, narxi arzon emas, lekin sifati uchun kayfiyatim ko'tarildi. 😊",positive
336,"YouTubedagi reklamalar juda asabga tegayapti, afsuslandim. 😔 😠",negative
337,"folloverlar umuman tushuntira olmadi, qattiq hafsalam pir bo'ldi 💔",negative
338,"👎 Telegramdagi reklamalar juda asabga tegayapti, juda jahlim chiqdi.",negative
339,"😶 ℹ️ kuryer xizmati bo'yicha yangilanish chiqdi, lekin hozircha neytral qarayman.",neutral
340,"kecha Toshkentga bordim, hamma narsa kayfiyatim ko'tarildi. 🤩 ✨",positive
341,"iPhone 15 haqida fikrlar turlicha, hozircha hech qanday o'zgarish sezilmadi. 🤔 🙄",neutral
342,"📌 YouTubeda kitob haqida e'lon ko'rdim, hozircha faqat ma'lumot yig'ayapman, oddatdagidek.",neutral
343,"Toshkent haqida yangilik o'qidim, oddiy bo'ldi.",neutral
344,"😶 📌 Namangan haqida yangilik o'qidim, shunchaki ma'lumot uchun.",neutral
345,"noutbuk sotib oldim, narxi arzon emas, lekin sifati uchun juda xursand bo'ldim. 😊",positive
346,"bugun direktor bilan qisqa suhbatlashdim, hech qanday o'zgarish sezilmadi. 🤔 🤔",neutral
347,"planshet haqida fikrlar turlicha, hozircha neytral qarayman.",neutral
348,zerikarli 🤬,negative
349,"Facebookda planshet haqida e'lon ko'rdim, hozircha faqat ma'lumot yig'ayapman, oddatdagidek. 😶",neutral
350,"kelasi oy Qo'qonda konferensiya bo'lib o'tdi, men faqat qatnashdim, hech qanday o'zgarish sezilmadi.",neutral
351,"Yangi dastur ishga tushdi, hozircha hammasi yaxshi ishlayapti, juda xursand bo'ldim. 😄",positive
352,"😄 😎 YouTubeda yangi aviachiptalar haqida post ko'rdim, menga juda yoqdi, mamnunman.",positive
353,"💔 kecha Namanganda bo'lgan uchrashuv menga umuman yoqmadi, noroziman.",negative
354,"😐 😶 kecha do'stim bilan qisqa suhbatlashdim, oddatdagidek.",neutral
355,😶 🤔,neutral
356,"kecha Andijonga bordim, hamma narsa hayratda qoldim.",positive
357,"seminar juda samarali o'tdi, do'stim tushuntirgan mavzu juda foydali bo'ldi, yoqib qoldi.",positive
358,"noutbuk sotib oldim, narxi arzon emas, lekin sifati uchun juda xursand bo'ldim.",positive
359,"oyin bo'yicha texnika mavzusi zo'r chiqibdi, klass :D",positive
360,"🙄 🤔 Samsung A55 haqida fikrlar turlicha, hozircha shunchaki ma'lumot uchun.",neutral
361,?? :| 😶,neutral
362,"professor va'da qilgan ishini bajarmadi, natijadan hafsalam pir bo'ldi. 😡",negative
363,:) =) 🔥 ✨,positive
364,"ertaga Xivaga bordim, hamma narsa mamnunman. ✨",positive
365,"😍 Samarqanddagi sayohatim ajoyib o'tdi, xizmatlar hammasi darajasida, hayratda qoldim.",positive
366,"Samarqandga borish rejam buzildi, chiptalar bilan muammo bo'ldi, afsuslandim. 😞 😢",negative
367,"Andijon haqida yangilik o'qidim, neytral qarayman. ℹ️",neutral
368,"sayt sifati yana tushib ketgan, qattiq hafsalam pir bo'ldi 😞",negative
369,"😎 YouTubeda yangi planshet haqida post ko'rdim, menga juda yoqdi, hayratda qoldim.",positive
370,"kofe sotib oldim, narxi arzon emas, lekin sifati uchun kayfiyatim ko'tarildi. 😍",positive
371,🔥 <3 😄 ✨,positive
372,"do'stlar umuman tushuntira olmadi, qattiq hafsalam pir bo'ldi",negative
373,"shu hafta Xivaga bordim, hamma narsa juda xursand bo'ldim. 👍",positive
374,"kommentlarni o'qib rostdan ham rahmat, zo'r ekan ✨",positive
375,"📌 kecha Toshkentda seminar bo'lib o'tdi, men faqat qatnashdim, neytral qarayman.",neutral
376,"kitob sotib oldim, narxi arzon emas, lekin sifati uchun hayratda qoldim. 😁",positive
377,"bugungi kommentlar mavzusi zerikarli bo'ldi, servis noldan ham past 🤦‍♂️",negative
378,"bank xizmati bo'yicha yangilanish chiqdi, lekin hozircha oddatdagidek. 😶",neutral
379,"instagram sahifa sifati yana tushib ketgan, qattiq hafsalam pir bo'ldi 😢",negative
380,"Farg'ona haqida yangilik o'qidim, hech qanday o'zgarish sezilmadi. 📌",neutral
381,"bugun Xivaga bordim, hamma narsa juda xursand bo'ldim. 😍",positive
382,"👍 Yangi telefon operatori ishga tushdi, hozircha hammasi yaxshi ishlayapti, juda xursand bo'ldim.",positive
383,bombaaa,positive
384,"Toshkentdagi sayohatim ajoyib o'tdi, xizmatlar hammasi darajasida, hayratda qoldim. 🤩 🥰",positive
385,"shu hafta Buxoroda konferensiya bo'lib o'tdi, men faqat qatnashdim, neytral qarayman. 😐",neutral
386,;) 🔥 👍 <3,positive
387,"dastur bo'yicha yangilanish chiqdi, lekin hozircha neytral qarayman. 🤔",neutral
388,😁 :) 😎,positive
389,rosa yoqdi ❤️,positive
390,"😎 konferensiya juda samarali o'tdi, direktor tushuntirgan mavzu juda foydali bo'ldi, kayfiyatim ko'tarildi.",positive
391,"YouTubeda kitob haqida e'lon ko'rdim, hozircha faqat ma'lumot yig'ayapman, neytral qarayman. 😶",neutral
392,"kecha Qo'qonda dars bo'lib o'tdi, men faqat qatnashdim, oddiy bo'ldi.",neutral
393,"Samsung A55 sifati kutilganidek emas, juda sust ishlayapti, xafa bo'ldim. 🤬",negative
394,"planshet sifati kutilganidek emas, juda sust ishlayapti, hafsalam pir bo'ldi.",negative
395,"kofe haqida fikrlar turlicha, hozircha shunchaki ma'lumot uchun. 😐",neutral
396,"YouTubeda Redmi Note 13 haqida e'lon ko'rdim, hozircha faqat ma'lumot yig'ayapman, shunchaki ma'lumot uchun. 😶",neutral
397,"bugun Samarqandda seminar bo'lib o'tdi, men faqat qatnashdim, oddiy bo'ldi. 🤔",neutral
398,"😶 mijozlarga xizmat ko'rsatish bo'yicha yangilanish chiqdi, lekin hozircha shunchaki ma'lumot uchun.",neutral
399,"kommentlarni o'qidim, fikir yo'q 😐",neutral
400,"Yangi internet xizmati ishga tushdi, hozircha hammasi yaxshi ishlayapti, yoqib qoldi. 😊",positive
401,"planshet haqida fikrlar turlicha, hozircha hech qanday o'zgarish sezilmadi. 😶",neutral
402,"ℹ️ o'tgan oy hamkasbim bilan qisqa suhbatlashdim, oddatdagidek.",neutral
403,"hamkasbim va'da qilgan ishini bajarmadi, natijadan juda jahlim chiqdi.",negative
404,"bugun Farg'onada konferensiya bo'lib o'tdi, men faqat qatnashdim, oddiy bo'ldi. 😶 📌",neutral
405,"🙄 Farg'ona haqida yangilik o'qidim, oddiy bo'ldi.",neutral
406,"bugun Andijonga bordim, hamma narsa zo'r bo'ldi. 😎",positive
407,juda yomon 👎,negative
408,"seminar juda samarali o'tdi, dekan tushuntirgan mavzu juda foydali bo'ldi, yoqib qoldi.",positive
409,"Twitterdagi reklamalar juda asabga tegayapti, umuman yoqmadi. 😔",negative
410,😢 :( >:( 💔,negative
411,"Yangi telefon operatori ishga tushdi, hozircha hammasi yaxshi ishlayapti, kayfiyatim ko'tarildi. 👍",positive
412,"Yangi mijozlarga xizmat ko'rsatish ishga tushdi, hozircha hammasi yaxshi ishlayapti, mamnunman. 😎",positive
413,"Redmi Note 13 sifati kutilganidek emas, juda sust ishlayapti, juda jahlim chiqdi. 👎",negative
414,"😔 YouTubedagi reklamalar juda asabga tegayapti, afsuslandim.",negative
415,"bugun Samarqandga bordim, hamma narsa juda xursand bo'ldim.",positive
416,"bugun yangiliklar bo'yicha faqat kuzatib turdim, norm 🤔",neutral
417,"o'tgan oy Andijonda bo'lgan seminar menga umuman yoqmadi, noroziman.",negative
418,🤦‍♂️ =/ 👎 :(,negative
419,"🤔 kecha Buxoroda imtihon bo'lib o'tdi, men faqat qatnashdim, shunchaki ma'lumot uchun.",neutral
420,"😶 😶 Namangan haqida yangilik o'qidim, shunchaki ma'lumot uchun.",neutral
421,"seminar juda samarali o'tdi, rahbar tushuntirgan mavzu juda foydali bo'ldi, zo'r bo'ldi. 🥰",positive
422,yoqmadi 🤬,negative
423,"iPhone 15 sotib oldim, narxi arzon emas, lekin sifati uchun mamnunman.",positive
424,"kecha Xivaga bordim, hamma narsa mamnunman. ✨",positive
425,"kelasi oy Samarqandga bordim, hamma narsa kayfiyatim ko'tarildi.",positive
426,"Yangi internet xizmati ishga tushdi, hozircha hammasi yaxshi ishlayapti, yoqib qoldi. 😄",positive
427,"ℹ️ 😶 YouTubeda planshet haqida e'lon ko'rdim, hozircha faqat ma'lumot yig'ayapman, neytral qarayman.",neutral
428,"iPhone 15 sotib oldim, narxi arzon emas, lekin sifati uchun mamnunman. 😎",positive
429,"kecha Qo'qonda bo'lgan konferensiya menga umuman yoqmadi, juda jahlim chiqdi. 🤬 😡",negative
430,"kelasi oy Namanganga bordim, hamma narsa kayfiyatim ko'tarildi. 😊",positive
431,"😄 konferensiya juda samarali o'tdi, hamkasbim tushuntirgan mavzu juda foydali bo'ldi, zo'r bo'ldi.",positive
432,"Yangi telefon operatori ishga tushdi, hozircha hammasi yaxshi ishlayapti, mamnunman. 😍 😄",positive
433,"o'qib qo'ydim xolos, ok ℹ️",neutral
434,"😢 ertaga Buxoroda bo'lgan dars menga umuman yoqmadi, noroziman.",negative
435,"🙄 kecha Farg'onada dars bo'lib o'tdi, men faqat qatnashdim, shunchaki ma'lumot uchun.",neutral
436,"majlis juda samarali o'tdi, rahbar tushuntirgan mavzu juda foydali bo'ldi, kayfiyatim ko'tarildi.",positive
437,"kecha Buxoroga bordim, hamma narsa kayfiyatim ko'tarildi.",positive
438,"👍 🥰 dars juda samarali o'tdi, dekan tushuntirgan mavzu juda foydali bo'ldi, zo'r bo'ldi.",positive
439,"YouTubeda yangi kitob haqida post ko'rdim, menga juda yoqdi, juda xursand bo'ldim.",positive
440,"YouTubeda planshet haqida e'lon ko'rdim, hozircha faqat ma'lumot yig'ayapman, neytral qarayman. 😶",neutral
441,❤️ :D :D 🔥,positive
442,"😍 kecha Samarqandga bordim, hamma narsa hayratda qoldim.",positive
443,"💔 🤬 Facebookdagi reklamalar juda asabga tegayapti, afsuslandim.",negative
444,"bugungi post haqidagi kommentlar videolari yoqdi, yaxshi ishlayapti 🔥",positive
445,"kommentlarda hammasi urush, qattiq hafsalam pir bo'ldi 🤦‍♂️",negative
446,"📌 Buxoro haqida yangilik o'qidim, oddatdagidek.",neutral
447,bunday bo'lmasligi kerak edi 🤦‍♂️,negative
448,"👎 😡 Redmi Note 13 sifati kutilganidek emas, juda sust ishlayapti, juda jahlim chiqdi.",negative
449,"😍 😄 Facebookda yangi aviachiptalar haqida post ko'rdim, menga juda yoqdi, zo'r bo'ldi.",positive
450,otliii =),positive
451,"seminar juda samarali o'tdi, o'qituvchi tushuntirgan mavzu juda foydali bo'ldi, juda xursand bo'ldim.",positive
452,"uchrashuv juda samarali o'tdi, do'stim tushuntirgan mavzu juda foydali bo'ldi, mamnunman. 😁 😎",positive
453,"internet bo'yicha talim postini ko'rdim, fikir yo'q 🙄",neutral
454,"majlis juda samarali o'tdi, direktor tushuntirgan mavzu juda foydali bo'ldi, hayratda qoldim.",positive
455,juda yomon :'(,negative
456,"planshet haqida fikrlar turlicha, hozircha oddiy bo'ldi. 🙄",neutral
457,"bugungi musiqa mavzusi zerikarli bo'ldi, aldashdi 😞",negative
458,"telefon operatori bo'yicha yangilanish chiqdi, lekin hozircha hech qanday o'zgarish sezilmadi.",neutral
459,"bugungi ilova haqidagi kino videolari yoqdi, otliii 😁",positive
460,"Facebookdagi reklamalar juda asabga tegayapti, afsuslandim. 👎",negative
461,"📌 🙄 shu hafta direktor bilan qisqa suhbatlashdim, hech qanday o'zgarish sezilmadi.",neutral
462,"kelasi oy do'stim bilan qisqa suhbatlashdim, shunchaki ma'lumot uchun. 🙄",neutral
463,"😁 😄 o'tgan oy Xivaga bordim, hamma narsa juda xursand bo'ldim.",positive
464,"Samarqanddagi sayohatim ajoyib o'tdi, xizmatlar hammasi darajasida, hayratda qoldim. 🥰",positive
465,"post bo'yicha yangiliklar postini ko'rdim, shunchaki ...",neutral
466,"uchrashuv juda samarali o'tdi, do'stim tushuntirgan mavzu juda foydali bo'ldi, mamnunman. 🥰",positive
467,"😔 bank xizmati bilan muammo chiqdi, qo'llab-quvvatlash xizmati javob bermadi, umuman yoqmadi.",negative
468,"uchrashuv juda samarali o'tdi, dekan tushuntirgan mavzu juda foydali bo'ldi, juda xursand bo'ldim.",positive
469,"👎 Qo'qonga borish rejam buzildi, chiptalar bilan muammo bo'ldi, xafa bo'ldim.",negative
470,kommentlarni o'qib rostdan ham yaxshi ishlayapti 🥰,positive
471,"Farg'ona haqida yangilik o'qidim, oddiy bo'ldi. 😐",neutral
472,"Telegramda yangi iPhone 15 haqida post ko'rdim, menga juda yoqdi, hayratda qoldim.",positive
473,"kelasi oy Samarqandga bordim, hamma narsa hayratda qoldim. 😍",positive
474,"🙄 🙄 Toshkent haqida yangilik o'qidim, hech qanday o'zgarish sezilmadi.",neutral
475,"👍 uchrashuv juda samarali o'tdi, do'stim tushuntirgan mavzu juda foydali bo'ldi, mamnunman.",positive
476,"shu hafta Samarqandga bordim, hamma narsa mamnunman.",positive
477,📌 ... 📌,neutral
478,;) 😁 ✨,positive
479,"Yangi telefon operatori ishga tushdi, hozircha hammasi yaxshi ishlayapti, juda xursand bo'ldim. 😁",positive
480,"Facebookda Samsung A55 haqida e'lon ko'rdim, hozircha faqat ma'lumot yig'ayapman, oddiy bo'ldi.",neutral
481,"📌 😐 aviachiptalar haqida fikrlar turlicha, hozircha oddiy bo'ldi.",neutral
482,"Telegramda Redmi Note 13 haqida e'lon ko'rdim, hozircha faqat ma'lumot yig'ayapman, neytral qarayman.",neutral
483,"Twitterda iPhone 15 haqida e'lon ko'rdim, hozircha faqat ma'lumot yig'ayapman, neytral qarayman. 🤔",neutral
484,"kofe sotib oldim, narxi arzon emas, lekin sifati uchun yoqib qoldi.",positive
485,"kitob sotib oldim, narxi arzon emas, lekin sifati uchun yoqib qoldi.",positive
486,"🤩 Facebookda yangi Samsung A55 haqida post ko'rdim, menga juda yoqdi, juda xursand bo'ldim.",positive
487,"🤬 Redmi Note 13 sifati kutilganidek emas, juda sust ishlayapti, afsuslandim.",negative
488,"kuryer xizmati bilan muammo chiqdi, qo'llab-quvvatlash xizmati javob bermadi, umuman yoqmadi. 👎",negative
489,yaxshi ishlayapti 🤩,positive
490,"😍 Yangi internet xizmati ishga tushdi, hozircha hammasi yaxshi ishlayapti, juda xursand bo'ldim.",positive
491,"bugun siyosat bo'yicha faqat kuzatib turdim, norm ℹ️",neutral
492,"😊 Yangi internet xizmati ishga tushdi, hozircha hammasi yaxshi ishlayapti, yoqib qoldi.",positive
493,"Buxoro haqida yangilik o'qidim, oddatdagidek. 🙄",neutral
494,😊 🤩 👍 :),positive
495,😍 ❤️,positive
496,"😶 ertaga Buxoroda majlis bo'lib o'tdi, men faqat qatnashdim, hech qanday o'zgarish sezilmadi.",neutral
497,"kelasi oy Samarqandga bordim, hamma narsa yoqib qoldi. 🥰 😊",positive
498,"dastur bo'yicha yangilanish chiqdi, lekin hozircha oddiy bo'ldi.",neutral
499,"bugun Buxoroda uchrashuv bo'lib o'tdi, men faqat qatnashdim, hech qanday o'zgarish sezilmadi. 😶",neutral
500,"Telegramda yangi planshet haqida post ko'rdim, menga juda yoqdi, yoqib qoldi.",positive
501,info uchun ??,neutral
502,"sayt sifati yana tushib ketgan, pulga achindim",negative
503,😐 :| 😐,neutral
504,"Qo'qonga borish rejam buzildi, chiptalar bilan muammo bo'ldi, hafsalam pir bo'ldi.",negative
505,"😍 🤩 kelasi oy Toshkentga bordim, hamma narsa zo'r bo'ldi.",positive
506,"😐 bank xizmati bo'yicha yangilanish chiqdi, lekin hozircha shunchaki ma'lumot uchun.",neutral
507,"Qo'qondagi sayohatim ajoyib o'tdi, xizmatlar hammasi darajasida, juda xursand bo'ldim.",positive
508,"Namangan haqida yangilik o'qidim, oddatdagidek. ℹ️",neutral
509,"o'tgan oy dekan bilan qisqa suhbatlashdim, oddiy bo'ldi. 📌 ℹ️",neutral
510,"ertaga Toshkentga bordim, hamma narsa zo'r bo'ldi. 😍",positive
511,"majlis juda samarali o'tdi, do'stim tushuntirgan mavzu juda foydali bo'ldi, mamnunman. 😎",positive
512,"😄 😍 Facebookda yangi planshet haqida post ko'rdim, menga juda yoqdi, kayfiyatim ko'tarildi.",positive
513,"ilova bilan muammo chiqdi, qo'llab-quvvatlash xizmati javob bermadi, hafsalam pir bo'ldi. 😔 🤬",negative
514,"ilova bilan muammo chiqdi, qo'llab-quvvatlash xizmati javob bermadi, xafa bo'ldim. 💔",negative
515,"YouTubedagi reklamalar juda asabga tegayapti, xafa bo'ldim. 😭 🤬",negative
516,"imtihon juda samarali o'tdi, o'qituvchi tushuntirgan mavzu juda foydali bo'ldi, zo'r bo'ldi. 🤩",positive
517,"Farg'onaga borish rejam buzildi, chiptalar bilan muammo bo'ldi, juda jahlim chiqdi. 😠",negative
518,"Xiva haqida yangilik o'qidim, oddatdagidek.",neutral
519,"Facebookda iPhone 15 haqida e'lon ko'rdim, hozircha faqat ma'lumot yig'ayapman, oddatdagidek.",neutral
520,"aka nimadir yozibdi, lekin men uchun hech narsa o'zgarmadi 😶",neutral
521,"YouTubeda yangi planshet haqida post ko'rdim, menga juda yoqdi, mamnunman. 😎",positive
522,"bugungi sayt haqidagi talim videolari yoqdi, zo'r 😍",positive
523,"✨ Yangi bank xizmati ishga tushdi, hozircha hammasi yaxshi ishlayapti, zo'r bo'ldi.",positive
524,"bugungi ilova haqidagi musiqa videolari yoqdi, klass 😁",positive
525,"opa juda chiroyli tushuntiribdi, kontent yoqdi ;)",positive
526,"kelasi oy Samarqandda bo'lgan majlis menga umuman yoqmadi, noroziman. 👎",negative
527,"kelasi oy Samarqandda bo'lgan majlis menga umuman yoqmadi, juda jahlim chiqdi.",negative
528,"do'stlar umuman tushuntira olmadi, aldashdi 😔",negative
529,"bugungi siyosat mavzusi zerikarli bo'ldi, bunday bo'lmasligi kerak edi 🤬",negative
530,"bugungi musiqa mavzusi zerikarli bo'ldi, servis noldan ham past 😭",negative
531,"noutbuk haqida fikrlar turlicha, hozircha neytral qarayman. ℹ️",neutral
532,"ertaga Toshkentda uchrashuv bo'lib o'tdi, men faqat qatnashdim, shunchaki ma'lumot uchun. ℹ️",neutral
533,"😎 YouTubeda yangi planshet haqida post ko'rdim, menga juda yoqdi, juda xursand bo'ldim.",positive
534,"Buxoro haqida yangilik o'qidim, oddatdagidek. ℹ️ 😐",neutral
535,"do'stim va'da qilgan ishini bajarmadi, natijadan afsuslandim. 😭 👎",negative
536,"😐 shu hafta Xivada konferensiya bo'lib o'tdi, men faqat qatnashdim, shunchaki ma'lumot uchun.",neutral
537,🥰,positive
538,"mijozlarga xizmat ko'rsatish bo'yicha yangilanish chiqdi, lekin hozircha shunchaki ma'lumot uchun. 😐",neutral
539,"kommentlarni o'qidim, prosta savol 😶",neutral
540,chiqqan joyi yoqdi 😍,positive
541,"admin nimadir yozibdi, lekin men uchun kulib qo'ydim xolos ℹ️",neutral
542,"odamlar umuman tushuntira olmadi, pulga achindim 😔",negative
543,"😭 mijozlarga xizmat ko'rsatish bilan muammo chiqdi, qo'llab-quvvatlash xizmati javob bermadi, juda jahlim chiqdi.",negative
544,"Xiva haqida yangilik o'qidim, hech qanday o'zgarish sezilmadi.",neutral
545,"noutbuk sotib oldim, narxi arzon emas, lekin sifati uchun kayfiyatim ko'tarildi.",positive
546,"internet xizmati bo'yicha yangilanish chiqdi, lekin hozircha shunchaki ma'lumot uchun. 📌",neutral
547,"kofe haqida fikrlar turlicha, hozircha neytral qarayman. 😶 😐",neutral
548,"YouTubeda yangi Samsung A55 haqida post ko'rdim, menga juda yoqdi, hayratda qoldim. 😊",positive
549,zerikarli 😢,negative
550,"Facebookda kofe haqida e'lon ko'rdim, hozircha faqat ma'lumot yig'ayapman, oddiy bo'ldi. 📌 🤔",neutral
551,"aka nimadir yozibdi, lekin men uchun ok 😶",neutral
552,"😄 🥰 planshet sotib oldim, narxi arzon emas, lekin sifati uchun yoqib qoldi.",positive
553,"😍 😄 Andijondagi sayohatim ajoyib o'tdi, xizmatlar hammasi darajasida, mamnunman.",positive
554,"🤩 😎 ertaga Qo'qonga bordim, hamma narsa juda xursand bo'ldim.",positive
555,"iPhone 15 haqida fikrlar turlicha, hozircha oddiy bo'ldi. 📌",neutral
556,"seminar juda samarali o'tdi, hamkasbim tushuntirgan mavzu juda foydali bo'ldi, juda xursand bo'ldim. 😄 😍",positive
557,"😞 💔 noutbuk sifati kutilganidek emas, juda sust ishlayapti, umuman yoqmadi.",negative
558,klass 😎,positive
559,"😠 Facebookdagi reklamalar juda asabga tegayapti, juda jahlim chiqdi.",negative
560,😁 <3 =),positive
561,"o'tgan oy Toshkentga bordim, hamma narsa juda xursand bo'ldim.",positive
562,"😔 kecha Samarqandda bo'lgan uchrashuv menga umuman yoqmadi, afsuslandim.",negative
563,"😶 🤔 shu hafta direktor bilan qisqa suhbatlashdim, neytral qarayman.",neutral
564,"sayt bo'yicha yangiliklar mavzusi zo'r chiqibdi, bombaaa",positive
565,"bugun texnika bo'yicha faqat kuzatib turdim, info uchun 🤔",neutral
566,"uchrashuv juda samarali o'tdi, rahbar tushuntirgan mavzu juda foydali bo'ldi, yoqib qoldi. 🤩 🥰",positive
567,"Yangi internet xizmati ishga tushdi, hozircha hammasi yaxshi ishlayapti, yoqib qoldi. 😄 🤩",positive
568,shunchaki :|,neutral
569,kulib qo'ydim xolos !?,neutral
570,"bank xizmati bilan muammo chiqdi, qo'llab-quvvatlash xizmati javob bermadi, umuman yoqmadi.",negative
571,"😔 bugun Qo'qonda bo'lgan majlis menga umuman yoqmadi, noroziman.",negative
572,"😎 ertaga Qo'qonga bordim, hamma narsa yoqib qoldi.",positive
573,"📌 kelasi oy Xivada majlis bo'lib o'tdi, men faqat qatnashdim, neytral qarayman.",neutral
574,"aviachiptalar haqida fikrlar turlicha, hozircha oddiy bo'ldi. 📌 🙄",neutral
575,"😶 Instagramda Samsung A55 haqida e'lon ko'rdim, hozircha faqat ma'lumot yig'ayapman, oddiy bo'ldi.",neutral
576,"kommentlarda hammasi urush, umidsizlik 😞",negative
577,"dastur bo'yicha futbol postini ko'rdim, ok",neutral
578,!?,neutral
579,"😁 noutbuk sotib oldim, narxi arzon emas, lekin sifati uchun mamnunman.",positive
580,🤬,negative
581,"kitob sotib oldim, narxi arzon emas, lekin sifati uchun mamnunman. 👍",positive
582,"bugun texnika bo'yicha faqat kuzatib turdim, info uchun 😐",neutral
583,"shu hafta Farg'onaga bordim, hamma narsa zo'r bo'ldi.",positive
584,"😶 😐 kitob haqida fikrlar turlicha, hozircha oddatdagidek.",neutral
585,"kecha Farg'onada uchrashuv bo'lib o'tdi, men faqat qatnashdim, hech qanday o'zgarish sezilmadi.",neutral
586,"ertaga Buxoroda dars bo'lib o'tdi, men faqat qatnashdim, hech qanday o'zgarish sezilmadi.",neutral
587,"🙄 📌 kecha professor bilan qisqa suhbatlashdim, oddatdagidek.",neutral
588,"kofe sotib oldim, narxi arzon emas, lekin sifati uchun mamnunman. 😊",positive
589,"aviachiptalar haqida fikrlar turlicha, hozircha oddatdagidek. ℹ️",neutral
590,"dastur bo'yicha yangilanish chiqdi, lekin hozircha shunchaki ma'lumot uchun. 🤔 ℹ️",neutral
591,"😡 internet xizmati bilan muammo chiqdi, qo'llab-quvvatlash xizmati javob bermadi, juda jahlim chiqdi.",negative
592,"bugungi talim mavzusi zerikarli bo'ldi, tavsiya etmayman",negative
593,"Farg'onadagi sayohatim ajoyib o'tdi, xizmatlar hammasi darajasida, juda xursand bo'ldim. 😄 😁",positive
594,"bugun kino bo'yicha faqat kuzatib turdim, neytralman",neutral
595,shunchaki 🙄,neutral
596,"noutbuk haqida fikrlar turlicha, hozircha oddatdagidek.",neutral
597,"✨ o'tgan oy Namanganga bordim, hamma narsa zo'r bo'ldi.",positive
598,"bugun kino bo'yicha faqat kuzatib turdim, shunchaki",neutral
599,"o'tgan oy Andijonga bordim, hamma narsa hayratda qoldim. 😁",positive
600,"ertaga Farg'onada imtihon bo'lib o'tdi, men faqat qatnashdim, neytral qarayman. ℹ️ 😶",neutral
601,"📌 🤔 Facebookda aviachiptalar haqida e'lon ko'rdim, hozircha faqat ma'lumot yig'ayapman, shunchaki ma'lumot uchun.",neutral
602,"kommentlarni o'qidim, kulib qo'ydim xolos",neutral
603,"ertaga professor bilan qisqa suhbatlashdim, hech qanday o'zgarish sezilmadi.",neutral
604,"aviachiptalar haqida fikrlar turlicha, hozircha neytral qarayman. 😶",neutral
605,"😍 uchrashuv juda samarali o'tdi, rahbar tushuntirgan mavzu juda foydali bo'ldi, yoqib qoldi.",positive
606,"oyin bo'yicha blog postini ko'rdim, shunchaki 📌",neutral
607,"👍 bugun Andijonga bordim, hamma narsa hayratda qoldim.",positive
608,"o'qituvchi va'da qilgan ishini bajarmadi, natijadan afsuslandim. 😔",negative
609,"video bo'yicha talim mavzusi zo'r chiqibdi, bombaaa 😊",positive
610,"✨ 😄 Telegramda yangi kofe haqida post ko'rdim, menga juda yoqdi, yoqib qoldi.",positive
611,"shu hafta rahbar bilan qisqa suhbatlashdim, shunchaki ma'lumot uchun.",neutral
612,"Redmi Note 13 sotib oldim, narxi arzon emas, lekin sifati uchun kayfiyatim ko'tarildi.",positive
613,"😞 iPhone 15 sifati kutilganidek emas, juda sust ishlayapti, juda jahlim chiqdi.",negative
614,"bugun texnika bo'yicha faqat kuzatib turdim, prosta savol 🙄",neutral
615,"📌 kuryer xizmati bo'yicha yangilanish chiqdi, lekin hozircha hech qanday o'zgarish sezilmadi.",neutral
616,"opa juda chiroyli tushuntiribdi, klass",positive
617,"planshet sotib oldim, narxi arzon emas, lekin sifati uchun yoqib qoldi. 😁 😎",positive
618,"bugungi siyosat mavzusi zerikarli bo'ldi, hech nima tushunmadim 🤬",negative
619,"Buxorodagi sayohatim ajoyib o'tdi, xizmatlar hammasi darajasida, zo'r bo'ldi. 🥰",positive
620,"🙄 shu hafta professor bilan qisqa suhbatlashdim, shunchaki ma'lumot uchun.",neutral
621,"😍 imtihon juda samarali o'tdi, professor tushuntirgan mavzu juda foydali bo'ldi, zo'r bo'ldi.",positive
622,"YouTubedagi reklamalar juda asabga tegayapti, xafa bo'ldim.",negative
623,"kecha Namanganda dars bo'lib o'tdi, men faqat qatnashdim, shunchaki ma'lumot uchun. 📌",neutral
624,umidsizlik 😢,negative
625,😁 =),positive
626,🙄 🙄,neutral
627,"kommentlarda hammasi urush, juda yomon 😔",negative
628,📌 !?,neutral
629,"Instagramda yangi Samsung A55 haqida post ko'rdim, menga juda yoqdi, mamnunman.",positive
630,"Telegramdagi reklamalar juda asabga tegayapti, umuman yoqmadi. 👎",negative
631,"😍 dars juda samarali o'tdi, direktor tushuntirgan mavzu juda foydali bo'ldi, juda xursand bo'ldim.",positive
632,"😭 kuryer xizmati bilan muammo chiqdi, qo'llab-quvvatlash xizmati javob bermadi, afsuslandim.",negative
633,"dastur sifati yana tushib ketgan, bekor ketdi hamma narsasi >:(",negative
634,"bugungi blog mavzusi zerikarli bo'ldi, bekor ekan 😡",negative
635,servis noldan ham past,negative
636,"Andijondagi sayohatim ajoyib o'tdi, xizmatlar hammasi darajasida, yoqib qoldi. 🤩",positive
637,"kelasi oy o'qituvchi bilan qisqa suhbatlashdim, neytral qarayman. 😐",neutral
638,🥰 ✨ <3 🔥,positive
639,"Twitterda kofe haqida e'lon ko'rdim, hozircha faqat ma'lumot yig'ayapman, oddatdagidek. 😶",neutral
640,"🤔 kuryer xizmati bo'yicha yangilanish chiqdi, lekin hozircha neytral qarayman.",neutral
641,!? 📌 ✍️,neutral
642,"😁 uchrashuv juda samarali o'tdi, dekan tushuntirgan mavzu juda foydali bo'ldi, zo'r bo'ldi.",positive
643,"kelasi oy Samarqandga bordim, hamma narsa zo'r bo'ldi. 👍",positive
644,"😊 dars juda samarali o'tdi, dekan tushuntirgan mavzu juda foydali bo'ldi, zo'r bo'ldi.",positive
645,"opa juda chiroyli tushuntiribdi, top 😍",positive
646,"😔 Instagramdagi reklamalar juda asabga tegayapti, xafa bo'ldim.",negative
647,"Samarqanddagi sayohatim ajoyib o'tdi, xizmatlar hammasi darajasida, mamnunman.",positive
648,"😔 😭 kitob sifati kutilganidek emas, juda sust ishlayapti, xafa bo'ldim.",negative
649,"bloger juda chiroyli tushuntiribdi, menga yoqdi ❤️",positive
650,"o'tgan oy hamkasbim bilan qisqa suhbatlashdim, oddatdagidek.",neutral
651,"bugungi yangiliklar mavzusi zerikarli bo'ldi, juda yomon 🤦‍♂️",negative
652,"aka juda chiroyli tushuntiribdi, super 😎",positive
653,"kofe sifati kutilganidek emas, juda sust ishlayapti, juda jahlim chiqdi. 😡",negative
654,"kommentlarda hammasi urush, bekor ekan 😔",negative
655,"😍 imtihon juda samarali o'tdi, hamkasbim tushuntirgan mavzu juda foydali bo'ldi, kayfiyatim ko'tarildi.",positive
656,"Telegramda kofe haqida e'lon ko'rdim, hozircha faqat ma'lumot yig'ayapman, hech qanday o'zgarish sezilmadi.",neutral
657,"bugungi texnika mavzusi zerikarli bo'ldi, juda yomon 😭",negative
658,"ertaga professor bilan qisqa suhbatlashdim, oddatdagidek. 😶",neutral
659,"Samarqanddagi sayohatim ajoyib o'tdi, xizmatlar hammasi darajasida, hayratda qoldim.",positive
660,"aka umuman tushuntira olmadi, nogiron qilindi",negative
661,bunday bo'lmasligi kerak edi 😠,negative
662,"Telegramda Samsung A55 haqida e'lon ko'rdim, hozircha faqat ma'lumot yig'ayapman, oddiy bo'ldi.",neutral
663,"📌 📌 Redmi Note 13 haqida fikrlar turlicha, hozircha neytral qarayman.",neutral
664,"😔 o'qituvchi va'da qilgan ishini bajarmadi, natijadan noroziman.",negative
665,"😞 Buxoroga borish rejam buzildi, chiptalar bilan muammo bo'ldi, hafsalam pir bo'ldi.",negative
666,"🙄 Toshkent haqida yangilik o'qidim, oddiy bo'ldi.",neutral
667,"shu hafta Toshkentda bo'lgan seminar menga umuman yoqmadi, xafa bo'ldim. 😔 😡",negative
668,"😁 Redmi Note 13 sotib oldim, narxi arzon emas, lekin sifati uchun mamnunman.",positive
669,"👍 🤩 Farg'onadagi sayohatim ajoyib o'tdi, xizmatlar hammasi darajasida, juda xursand bo'ldim.",positive
670,"bloger nimadir yozibdi, lekin men uchun ko'rdim xolos",neutral
671,"imtihon juda samarali o'tdi, o'qituvchi tushuntirgan mavzu juda foydali bo'ldi, zo'r bo'ldi. 😎",positive
672,"Andijon haqida yangilik o'qidim, shunchaki ma'lumot uchun. 😐 🤔",neutral
673,"kitob sotib oldim, narxi arzon emas, lekin sifati uchun yoqib qoldi. 🥰",positive
674,"✨ bugun Samarqandga bordim, hamma narsa mamnunman.",positive
675,"bugungi dastur haqidagi futbol videolari yoqdi, super 😄",positive
676,"telefon operatori bilan muammo chiqdi, qo'llab-quvvatlash xizmati javob bermadi, hafsalam pir bo'ldi. 😔 💔",negative
677,"hamma juda chiroyli tushuntiribdi, chiqqan joyi yoqdi 😊",positive
678,"Instagramda aviachiptalar haqida e'lon ko'rdim, hozircha faqat ma'lumot yig'ayapman, oddatdagidek. 😐 🙄",neutral
679,"💔 Instagramdagi reklamalar juda asabga tegayapti, juda jahlim chiqdi.",negative
680,hech nima tushunmadim 💔,negative
681,🤔,neutral
682,"bugungi futbol mavzusi zerikarli bo'ldi, servis noldan ham past",negative
683,"odamlar juda chiroyli tushuntiribdi, rahmat, zo'r ekan 😁",positive
684,"Yangi internet xizmati ishga tushdi, hozircha hammasi yaxshi ishlayapti, kayfiyatim ko'tarildi. 😄",positive
685,🤔 ℹ️ ℹ️,neutral
686,"✨ bugun Toshkentga bordim, hamma narsa hayratda qoldim.",positive
687,"kecha Namanganga bordim, hamma narsa juda xursand bo'ldim. ✨ 🥰",positive
688,"shu hafta Samarqandda bo'lgan uchrashuv menga umuman yoqmadi, juda jahlim chiqdi.",negative
689,"seminar juda samarali o'tdi, do'stim tushuntirgan mavzu juda foydali bo'ldi, juda xursand bo'ldim.",positive
690,"📌 shu hafta do'stim bilan qisqa suhbatlashdim, hech qanday o'zgarish sezilmadi.",neutral
691,"o'tgan oy do'stim bilan qisqa suhbatlashdim, oddatdagidek.",neutral
692,"👍 Yangi internet xizmati ishga tushdi, hozircha hammasi yaxshi ishlayapti, hayratda qoldim.",positive
693,"🤬 Telegramdagi reklamalar juda asabga tegayapti, afsuslandim.",negative
694,rosa yoqdi 🔥,positive
695,"ℹ️ 😶 YouTubeda kofe haqida e'lon ko'rdim, hozircha faqat ma'lumot yig'ayapman, hech qanday o'zgarish sezilmadi.",neutral
696,"😡 Samarqandga borish rejam buzildi, chiptalar bilan muammo bo'ldi, afsuslandim.",negative
697,"YouTubeda yangi noutbuk haqida post ko'rdim, menga juda yoqdi, mamnunman. 😍",positive
698,"dastur bo'yicha musiqa mavzusi zo'r chiqibdi, top 🔥",positive
699,kommentlarni o'qib rostdan ham klass 😄,positive
700,"opa juda chiroyli tushuntiribdi, top 😊",positive
701,"👍 uchrashuv juda samarali o'tdi, o'qituvchi tushuntirgan mavzu juda foydali bo'ldi, juda xursand bo'ldim.",positive
702,"ertaga Xivada dars bo'lib o'tdi, men faqat qatnashdim, neytral qarayman.",neutral
703,"dastur bo'yicha yangilanish chiqdi, lekin hozircha hech qanday o'zgarish sezilmadi. 🤔 📌",neutral
704,"Xivadagi sayohatim ajoyib o'tdi, xizmatlar hammasi darajasida, kayfiyatim ko'tarildi. 👍",positive
705,"aka nimadir yozibdi, lekin men uchun kulib qo'ydim xolos",neutral
706,"YouTubedagi reklamalar juda asabga tegayapti, afsuslandim. 😭",negative
707,"admin juda chiroyli tushuntiribdi, zo'r 😊",positive
708,"bugun Andijonga bordim, hamma narsa mamnunman. 🥰",positive
709,"ilova bilan muammo chiqdi, qo'llab-quvvatlash xizmati javob bermadi, umuman yoqmadi.",negative
710,"Twitterda yangi kofe haqida post ko'rdim, menga juda yoqdi, hayratda qoldim. 😁 ✨",positive
711,"kelasi oy Qo'qonda dars bo'lib o'tdi, men faqat qatnashdim, shunchaki ma'lumot uchun.",neutral
712,"😐 kelasi oy Xivada seminar bo'lib o'tdi, men faqat qatnashdim, neytral qarayman.",neutral
713,"Twitterda yangi noutbuk haqida post ko'rdim, menga juda yoqdi, juda xursand bo'ldim. 🤩",positive
714,"planshet sotib oldim, narxi arzon emas, lekin sifati uchun zo'r bo'ldi. 😍",positive
715,"Instagramda aviachiptalar haqida e'lon ko'rdim, hozircha faqat ma'lumot yig'ayapman, shunchaki ma'lumot uchun.",neutral
716,hech narsa o'zgarmadi 🙄,neutral
717,"kuryer xizmati bo'yicha yangilanish chiqdi, lekin hozircha oddatdagidek.",neutral
718,"o'tgan oy direktor bilan qisqa suhbatlashdim, neytral qarayman. 🤔",neutral
719,"bugun Samarqandda dars bo'lib o'tdi, men faqat qatnashdim, neytral qarayman. ℹ️",neutral
720,"aka juda chiroyli tushuntiribdi, rahmat, zo'r ekan 🔥",positive
721,"kommentlarni o'qidim, prosta savol 🙄",neutral
722,"😊 Yangi internet xizmati ishga tushdi, hozircha hammasi yaxshi ishlayapti, kayfiyatim ko'tarildi.",positive
723,"✨ imtihon juda samarali o'tdi, o'qituvchi tushuntirgan mavzu juda foydali bo'ldi, juda xursand bo'ldim.",positive
724,"kitob haqida fikrlar turlicha, hozircha neytral qarayman. 😶",neutral
725,🤔 ✍️ 🙄,neutral
726,"✨ uchrashuv juda samarali o'tdi, o'qituvchi tushuntirgan mavzu juda foydali bo'ldi, zo'r bo'ldi.",positive
727,"😄 Twitterda yangi kitob haqida post ko'rdim, menga juda yoqdi, hayratda qoldim.",positive
728,"bugungi sayt haqidagi musiqa videolari yoqdi, gap yo'q 😄",positive
729,"kecha Samarqandga bordim, hamma narsa kayfiyatim ko'tarildi.",positive
730,"ℹ️ 🙄 shu hafta do'stim bilan qisqa suhbatlashdim, neytral qarayman.",neutral
731,"ilova bo'yicha blog postini ko'rdim, ko'rdim xolos 😶",neutral
732,😎,positive
733,"bugungi video haqidagi kommentlar videolari yoqdi, chiqqan joyi yoqdi 😄",positive
734,"🥰 kofe sotib oldim, narxi arzon emas, lekin sifati uchun kayfiyatim ko'tarildi.",positive
735,"Samarqanddagi sayohatim ajoyib o'tdi, xizmatlar hammasi darajasida, juda xursand bo'ldim. 👍",positive
736,"😠 kelasi oy Namanganda bo'lgan majlis menga umuman yoqmadi, noroziman.",negative
737,"Andijon haqida yangilik o'qidim, shunchaki ma'lumot uchun. 📌",neutral
738,"bugungi futbol mavzusi zerikarli bo'ldi, tavsiya etmayman 😭",negative
739,"opa juda chiroyli tushuntiribdi, klass 😁",positive
740,"👍 aviachiptalar sotib oldim, narxi arzon emas, lekin sifati uchun yoqib qoldi.",positive
741,"bugun kino bo'yicha faqat kuzatib turdim, shunchaki ✍️",neutral
742,"bugungi internet haqidagi kino videolari yoqdi, rahmat, zo'r ekan",positive
743,"ilova sifati yana tushib ketgan, bunday bo'lmasligi kerak edi",negative
744,"bugun direktor bilan qisqa suhbatlashdim, oddiy bo'ldi. ℹ️ 🙄",neutral
745,"🤬 hamkasbim va'da qilgan ishini bajarmadi, natijadan noroziman.",negative
746,"Farg'onadagi sayohatim ajoyib o'tdi, xizmatlar hammasi darajasida, hayratda qoldim.",positive
747,"shu hafta Samarqandga bordim, hamma narsa yoqib qoldi.",positive
748,🔥,positive
749,kommentlarni o'qib rostdan ham super 🤩,positive
750,"YouTubeda aviachiptalar haqida e'lon ko'rdim, hozircha faqat ma'lumot yig'ayapman, oddatdagidek.",neutral
751,"🤬 o'qituvchi va'da qilgan ishini bajarmadi, natijadan noroziman.",negative
752,"Telegramda kofe haqida e'lon ko'rdim, hozircha faqat ma'lumot yig'ayapman, neytral qarayman. 😶 🤔",neutral
753,"o'tgan oy do'stim bilan qisqa suhbatlashdim, neytral qarayman.",neutral
754,😐 ...,neutral
755,"aka nimadir yozibdi, lekin men uchun fikir yo'q ✍️",neutral
756,"admin umuman tushuntira olmadi, umidsizlik 😡",negative
757,"Yangi internet xizmati ishga tushdi, hozircha hammasi yaxshi ishlayapti, mamnunman. 😊",positive
758,"servis bo'yicha kino postini ko'rdim, fikir yo'q ✍️",neutral
759,"ertaga Namanganda seminar bo'lib o'tdi, men faqat qatnashdim, hech qanday o'zgarish sezilmadi. 🙄",neutral
760,yoqmadi 😭,negative
761,kommentlarni o'qib rostdan ham rosa yoqdi 👍,positive
762,"✨ Yangi mijozlarga xizmat ko'rsatish ishga tushdi, hozircha hammasi yaxshi ishlayapti, juda xursand bo'ldim.",positive
763,"Samarqandga borish rejam buzildi, chiptalar bilan muammo bo'ldi, xafa bo'ldim.",negative
764,😍 👍 ❤️,positive
765,"o'tgan oy Namanganda bo'lgan dars menga umuman yoqmadi, hafsalam pir bo'ldi.",negative
766,"YouTubeda yangi kitob haqida post ko'rdim, menga juda yoqdi, juda xursand bo'ldim. 👍",positive
767,"😞 🤬 Instagramdagi reklamalar juda asabga tegayapti, afsuslandim.",negative
768,"😎 Farg'onadagi sayohatim ajoyib o'tdi, xizmatlar hammasi darajasida, hayratda qoldim.",positive
769,"bugungi sayt haqidagi talim videolari yoqdi, top 🥰",positive
770,"Twitterda yangi kofe haqida post ko'rdim, menga juda yoqdi, juda xursand bo'ldim. 😍 🥰",positive
771,!? :| ??,neutral
772,"ilova bo'yicha pul mavzusi zo'r chiqibdi, bombaaa 👍",positive
773,"kitob sifati kutilganidek emas, juda sust ishlayapti, hafsalam pir bo'ldi.",negative
774,"😭 ertaga Farg'onada bo'lgan majlis menga umuman yoqmadi, hafsalam pir bo'ldi.",negative
775,"Qo'qon haqida yangilik o'qidim, neytral qarayman.",neutral
776,"Instagramda yangi aviachiptalar haqida post ko'rdim, menga juda yoqdi, juda xursand bo'ldim.",positive
777,kommentlarni o'qib rostdan ham menga yoqdi 😍,positive
778,"ertaga Qo'qonda dars bo'lib o'tdi, men faqat qatnashdim, neytral qarayman.",neutral
779,"Samsung A55 sifati kutilganidek emas, juda sust ishlayapti, xafa bo'ldim. 😞 😠",negative
780,"🤩 Telegramda yangi aviachiptalar haqida post ko'rdim, menga juda yoqdi, mamnunman.",positive
781,"🥰 😍 Yangi dastur ishga tushdi, hozircha hammasi yaxshi ishlayapti, juda xursand bo'ldim.",positive
782,"sayt sifati yana tushib ketgan, servis noldan ham past 😢",negative
783,"Facebookda yangi iPhone 15 haqida post ko'rdim, menga juda yoqdi, mamnunman. 😍",positive
784,"kitob sotib oldim, narxi arzon emas, lekin sifati uchun kayfiyatim ko'tarildi. 🥰",positive
785,"direktor va'da qilgan ishini bajarmadi, natijadan noroziman.",negative
786,"😍 😍 Samarqanddagi sayohatim ajoyib o'tdi, xizmatlar hammasi darajasida, hayratda qoldim.",positive
787,"😍 😁 bugun Toshkentga bordim, hamma narsa mamnunman.",positive
788,"admin juda chiroyli tushuntiribdi, rahmat, zo'r ekan ✨",positive
789,"shu hafta Andijonda uchrashuv bo'lib o'tdi, men faqat qatnashdim, oddiy bo'ldi.",neutral
790,"😁 Telegramda yangi Samsung A55 haqida post ko'rdim, menga juda yoqdi, zo'r bo'ldi.",positive
791,;) 😎 🥰,positive
792,"Instagramda yangi Samsung A55 haqida post ko'rdim, menga juda yoqdi, zo'r bo'ldi. 👍",positive
793,"konferensiya juda samarali o'tdi, o'qituvchi tushuntirgan mavzu juda foydali bo'ldi, kayfiyatim ko'tarildi. 😍",positive
794,😠,negative
795,"😍 bugun Xivaga bordim, hamma narsa hayratda qoldim.",positive
796,"Yangi bank xizmati ishga tushdi, hozircha hammasi yaxshi ishlayapti, zo'r bo'ldi. 😁 😁",positive
797,"instagram sahifa bo'yicha kommentlar postini ko'rdim, info uchun",neutral
798,"Qo'qondagi sayohatim ajoyib o'tdi, xizmatlar hammasi darajasida, hayratda qoldim.",positive
799,"Samarqandga borish rejam buzildi, chiptalar bilan muammo bo'ldi, afsuslandim. 🤬",negative
800,"bugungi telegram kanal haqidagi talim videolari yoqdi, kontent yoqdi 😄",positive
801,yaxshi ishlayapti 🔥,positive
802,🤔 🤔,neutral
803,"😡 kecha Toshkentda bo'lgan dars menga umuman yoqmadi, afsuslandim.",negative
804,servis noldan ham past 😞,negative
805,"Twitterda yangi kitob haqida post ko'rdim, menga juda yoqdi, zo'r bo'ldi.",positive
806,"konferensiya juda samarali o'tdi, rahbar tushuntirgan mavzu juda foydali bo'ldi, juda xursand bo'ldim. ✨ 😁",positive
807,"Yangi mijozlarga xizmat ko'rsatish ishga tushdi, hozircha hammasi yaxshi ishlayapti, juda xursand bo'ldim. 🤩 😊",positive
808,"📌 Farg'ona haqida yangilik o'qidim, oddiy bo'ldi.",neutral
809,"direktor va'da qilgan ishini bajarmadi, natijadan juda jahlim chiqdi.",negative
810,"Toshkentdagi sayohatim ajoyib o'tdi, xizmatlar hammasi darajasida, yoqib qoldi. 😊",positive
811,<3 😁 😎 🥰,positive
812,"opa juda chiroyli tushuntiribdi, kontent yoqdi =)",positive
813,"Yangi telefon operatori ishga tushdi, hozircha hammasi yaxshi ishlayapti, yoqib qoldi. 😎",positive
814,"bugungi telegram kanal haqidagi texnika videolari yoqdi, bombaaa 😄",positive
815,"oyin bo'yicha yangiliklar postini ko'rdim, hech narsa o'zgarmadi 🤔",neutral
816,"bugun Samarqandga bordim, hamma narsa zo'r bo'ldi.",positive
817,"😄 Samarqanddagi sayohatim ajoyib o'tdi, xizmatlar hammasi darajasida, hayratda qoldim.",positive
818,"🙄 😐 Redmi Note 13 haqida fikrlar turlicha, hozircha neytral qarayman.",neutral
819,"🤔 🤔 kuryer xizmati bo'yicha yangilanish chiqdi, lekin hozircha hech qanday o'zgarish sezilmadi.",neutral
820,"😁 Yangi dastur ishga tushdi, hozircha hammasi yaxshi ishlayapti, juda xursand bo'ldim.",positive
821,"iPhone 15 haqida fikrlar turlicha, hozircha neytral qarayman.",neutral
822,"Qo'qonga borish rejam buzildi, chiptalar bilan muammo bo'ldi, umuman yoqmadi. 🤬 😠",negative
823,"😐 kofe haqida fikrlar turlicha, hozircha neytral qarayman.",neutral
824,"Farg'onadagi sayohatim ajoyib o'tdi, xizmatlar hammasi darajasida, yoqib qoldi. 👍 😍",positive
825,"post bo'yicha futbol postini ko'rdim, kulib qo'ydim xolos 🙄",neutral
826,"😐 kitob haqida fikrlar turlicha, hozircha shunchaki ma'lumot uchun.",neutral
827,"Facebookdagi reklamalar juda asabga tegayapti, hafsalam pir bo'ldi. 😞 😢",negative
828,"shu hafta Toshkentda imtihon bo'lib o'tdi, men faqat qatnashdim, oddiy bo'ldi.",neutral
829,"😔 Andijonga borish rejam buzildi, chiptalar bilan muammo bo'ldi, xafa bo'ldim.",negative
830,;) ❤️,positive
831,"ertaga Toshkentga bordim, hamma narsa hayratda qoldim. 😊",positive
832,"😶 Facebookda kitob haqida e'lon ko'rdim, hozircha faqat ma'lumot yig'ayapman, neytral qarayman.",neutral
833,:( 💔 >:( 😭,negative
834,"opa umuman tushuntira olmadi, servis noldan ham past",negative
835,"dars juda samarali o'tdi, o'qituvchi tushuntirgan mavzu juda foydali bo'ldi, yoqib qoldi. 😍",positive
836,"shu hafta Buxoroda imtihon bo'lib o'tdi, men faqat qatnashdim, neytral qarayman.",neutral
837,"🙄 kuryer xizmati bo'yicha yangilanish chiqdi, lekin hozircha oddiy bo'ldi.",neutral
838,"ilova bo'yicha kommentlar mavzusi zo'r chiqibdi, rahmat, zo'r ekan ;)",positive
839,"bugun texnika bo'yicha faqat kuzatib turdim, bilmayman",neutral
840,😶 📌 ℹ️,neutral
841,"😎 imtihon juda samarali o'tdi, dekan tushuntirgan mavzu juda foydali bo'ldi, kayfiyatim ko'tarildi.",positive
842,!? 😐,neutral
843,"mijozlarga xizmat ko'rsatish bo'yicha yangilanish chiqdi, lekin hozircha oddiy bo'ldi. 🙄 😶",neutral
844,"dars juda samarali o'tdi, hamkasbim tushuntirgan mavzu juda foydali bo'ldi, juda xursand bo'ldim.",positive
845,"ertaga do'stim bilan qisqa suhbatlashdim, shunchaki ma'lumot uchun.",neutral
846,"😡 Instagramdagi reklamalar juda asabga tegayapti, juda jahlim chiqdi.",negative
847,"✨ 😄 aviachiptalar sotib oldim, narxi arzon emas, lekin sifati uchun kayfiyatim ko'tarildi.",positive
848,"video bo'yicha blog postini ko'rdim, bilmayman",neutral
849,"bugun dekan bilan qisqa suhbatlashdim, oddatdagidek. 🤔",neutral
850,"Telegramda aviachiptalar haqida e'lon ko'rdim, hozircha faqat ma'lumot yig'ayapman, neytral qarayman. 🤔 🙄",neutral
851,"noutbuk sotib oldim, narxi arzon emas, lekin sifati uchun mamnunman. 😊 😄",positive
852,"Farg'ona haqida yangilik o'qidim, shunchaki ma'lumot uchun. 🙄 🤔",neutral
853,"😭 ilova bilan muammo chiqdi, qo'llab-quvvatlash xizmati javob bermadi, hafsalam pir bo'ldi.",negative
854,"📌 📌 kecha Farg'onada konferensiya bo'lib o'tdi, men faqat qatnashdim, neytral qarayman.",neutral
855,"ℹ️ shu hafta Namanganda seminar bo'lib o'tdi, men faqat qatnashdim, oddatdagidek.",neutral
856,"🙄 o'tgan oy Buxoroda dars bo'lib o'tdi, men faqat qatnashdim, oddiy bo'ldi.",neutral
857,"Xivadagi sayohatim ajoyib o'tdi, xizmatlar hammasi darajasida, kayfiyatim ko'tarildi. 🤩 😍",positive
858,"aviachiptalar haqida fikrlar turlicha, hozircha shunchaki ma'lumot uchun. 🙄",neutral
859,:( 😡 😠 🤬,negative
860,"bugun Samarqandga bordim, hamma narsa hayratda qoldim. 😎",positive
861,"sayt bo'yicha musiqa mavzusi zo'r chiqibdi, gap yo'q",positive
862,"bugungi ilova haqidagi siyosat videolari yoqdi, kontent yoqdi ✨",positive
863,"aviachiptalar haqida fikrlar turlicha, hozircha shunchaki ma'lumot uchun. 🤔",neutral
864,"aka umuman tushuntira olmadi, zerikarli 😞",negative
865,"😄 ✨ o'tgan oy Qo'qonga bordim, hamma narsa yoqib qoldi.",positive
866,"Xivadagi sayohatim ajoyib o'tdi, xizmatlar hammasi darajasida, hayratda qoldim. 😄 🥰",positive
867,😊 😄 ❤️,positive
868,🤦‍♂️ 😞 >:( >:(,negative
869,"bugun yangiliklar bo'yicha faqat kuzatib turdim, hech narsa o'zgarmadi 🙄",neutral
870,"kelasi oy Xivada bo'lgan dars menga umuman yoqmadi, afsuslandim.",negative
871,"Yangi internet xizmati ishga tushdi, hozircha hammasi yaxshi ishlayapti, hayratda qoldim. 😍 😁",positive
872,"konferensiya juda samarali o'tdi, professor tushuntirgan mavzu juda foydali bo'ldi, yoqib qoldi. 🥰",positive
873,"o'tgan oy Samarqandga bordim, hamma narsa zo'r bo'ldi.",positive
874,"bugungi servis haqidagi yangiliklar videolari yoqdi, klass 👍",positive
875,"😎 kecha Namanganga bordim, hamma narsa kayfiyatim ko'tarildi.",positive
876,"🤩 Samsung A55 sotib oldim, narxi arzon emas, lekin sifati uchun yoqib qoldi.",positive
877,"dars juda samarali o'tdi, direktor tushuntirgan mavzu juda foydali bo'ldi, yoqib qoldi.",positive
878,"shu hafta Samarqandda dars bo'lib o'tdi, men faqat qatnashdim, hech qanday o'zgarish sezilmadi.",neutral
879,:| 📌,neutral
880,"o'tgan oy Andijonda bo'lgan dars menga umuman yoqmadi, juda jahlim chiqdi. 💔",negative
881,"Twitterda aviachiptalar haqida e'lon ko'rdim, hozircha faqat ma'lumot yig'ayapman, neytral qarayman.",neutral
882,"😞 kuryer xizmati bilan muammo chiqdi, qo'llab-quvvatlash xizmati javob bermadi, umuman yoqmadi.",negative
883,"bank xizmati bo'yicha yangilanish chiqdi, lekin hozircha oddatdagidek. 🙄 🤔",neutral
884,"Telegramda yangi kitob haqida post ko'rdim, menga juda yoqdi, juda xursand bo'ldim.",positive
885,"Samarqanddagi sayohatim ajoyib o'tdi, xizmatlar hammasi darajasida, juda xursand bo'ldim.",positive
886,😍 😎 ✨,positive
887,"ℹ️ Samarqand haqida yangilik o'qidim, hech qanday o'zgarish sezilmadi.",neutral
888,"o'qib qo'ydim xolos, ko'rdim xolos :|",neutral
889,"noutbuk sotib oldim, narxi arzon emas, lekin sifati uchun zo'r bo'ldi. 🤩",positive
890,😍 ✨ 👍 :D,positive
891,"😶 Twitterda kitob haqida e'lon ko'rdim, hozircha faqat ma'lumot yig'ayapman, shunchaki ma'lumot uchun.",neutral
892,"📌 📌 noutbuk haqida fikrlar turlicha, hozircha oddiy bo'ldi.",neutral
893,"kommentlarni o'qidim, fikir yo'q 🤔",neutral
894,"yana shunaqa reklama chiqdi, charchatdi 😭",negative
895,"ertaga Andijonga bordim, hamma narsa hayratda qoldim.",positive
896,"😞 😭 professor va'da qilgan ishini bajarmadi, natijadan juda jahlim chiqdi.",negative
897,"kitob sotib oldim, narxi arzon emas, lekin sifati uchun zo'r bo'ldi. 👍",positive
898,"kitob sifati kutilganidek emas, juda sust ishlayapti, afsuslandim. 💔",negative
899,"Instagramda yangi planshet haqida post ko'rdim, menga juda yoqdi, yoqib qoldi. 🤩",positive
900,"👎 rahbar va'da qilgan ishini bajarmadi, natijadan afsuslandim.",negative
901,"Twitterda yangi kitob haqida post ko'rdim, menga juda yoqdi, kayfiyatim ko'tarildi.",positive
902,😄,positive
903,"bugungi kommentlar mavzusi zerikarli bo'ldi, bunday bo'lmasligi kerak edi 😭",negative
904,"Xiva haqida yangilik o'qidim, oddatdagidek. 😐",neutral
905,😊 ✨ :),positive
906,😭 :'(,negative
907,"ertaga Buxoroda seminar bo'lib o'tdi, men faqat qatnashdim, hech qanday o'zgarish sezilmadi. 😶",neutral
908,"Samarqanddagi sayohatim ajoyib o'tdi, xizmatlar hammasi darajasida, mamnunman. 😁",positive
909,"Toshkentga borish rejam buzildi, chiptalar bilan muammo bo'ldi, xafa bo'ldim. 😔 😡",negative
910,"🤩 😎 shu hafta Namanganga bordim, hamma narsa hayratda qoldim.",positive
911,"🙄 shu hafta Namanganda majlis bo'lib o'tdi, men faqat qatnashdim, neytral qarayman.",neutral
912,"🤔 Twitterda iPhone 15 haqida e'lon ko'rdim, hozircha faqat ma'lumot yig'ayapman, shunchaki ma'lumot uchun.",neutral
913,"bugun Namanganda majlis bo'lib o'tdi, men faqat qatnashdim, oddiy bo'ldi. 🙄 🤔",neutral
914,"Twitterda yangi noutbuk haqida post ko'rdim, menga juda yoqdi, zo'r bo'ldi. 😄 ✨",positive
915,"uchrashuv juda samarali o'tdi, hamkasbim tushuntirgan mavzu juda foydali bo'ldi, zo'r bo'ldi. 😁",positive
916,kommentlarni o'qib rostdan ham zor 👍,positive
917,"🙄 Telegramda kofe haqida e'lon ko'rdim, hozircha faqat ma'lumot yig'ayapman, hech qanday o'zgarish sezilmadi.",neutral
918,"bugungi oyin haqidagi kino videolari yoqdi, gap yo'q",positive
919,"bugun yangiliklar bo'yicha faqat kuzatib turdim, shunchaki 🤔",neutral
920,"ℹ️ 🙄 Samarqand haqida yangilik o'qidim, shunchaki ma'lumot uchun.",neutral
921,"Twitterda yangi planshet haqida post ko'rdim, menga juda yoqdi, mamnunman. 😎",positive
922,"Samarqand haqida yangilik o'qidim, oddiy bo'ldi. 📌 😐",neutral
923,otliii 🥰,positive
924,"YouTubeda yangi planshet haqida post ko'rdim, menga juda yoqdi, kayfiyatim ko'tarildi. 😎",positive
925,"😞 kitob sifati kutilganidek emas, juda sust ishlayapti, xafa bo'ldim.",negative
926,"iPhone 15 sifati kutilganidek emas, juda sust ishlayapti, xafa bo'ldim. 😔 🤬",negative
927,"bugun Farg'onaga bordim, hamma narsa mamnunman. 😁",positive
928,"😞 noutbuk sifati kutilganidek emas, juda sust ishlayapti, noroziman.",negative
929,"imtihon juda samarali o'tdi, direktor tushuntirgan mavzu juda foydali bo'ldi, mamnunman.",positive
930,"yana shunaqa reklama chiqdi, charchatdi",negative
931,"😁 Samarqanddagi sayohatim ajoyib o'tdi, xizmatlar hammasi darajasida, yoqib qoldi.",positive
932,"servis bo'yicha siyosat mavzusi zo'r chiqibdi, yaxshi ishlayapti 😎",positive
933,"o'qituvchi va'da qilgan ishini bajarmadi, natijadan afsuslandim.",negative
934,"planshet sifati kutilganidek emas, juda sust ishlayapti, hafsalam pir bo'ldi. 😠",negative
935,"kitob haqida fikrlar turlicha, hozircha shunchaki ma'lumot uchun. 🤔 📌",neutral
936,"internet bo'yicha talim postini ko'rdim, fikir yo'q",neutral
937,"😞 Toshkentga borish rejam buzildi, chiptalar bilan muammo bo'ldi, afsuslandim.",negative
938,"Telegramdagi reklamalar juda asabga tegayapti, noroziman. 😡",negative
939,"👍 👍 Instagramda yangi kofe haqida post ko'rdim, menga juda yoqdi, zo'r bo'ldi.",positive
940,"folloverlar juda chiroyli tushuntiribdi, rahmat, zo'r ekan 😍",positive
941,"😐 🙄 Samarqand haqida yangilik o'qidim, shunchaki ma'lumot uchun.",neutral
942,"😭 😡 Facebookdagi reklamalar juda asabga tegayapti, juda jahlim chiqdi.",negative
943,"kommentlarda hammasi urush, bekor ekan 😞",negative
944,"Telegramda yangi aviachiptalar haqida post ko'rdim, menga juda yoqdi, mamnunman.",positive
945,"aviachiptalar sotib oldim, narxi arzon emas, lekin sifati uchun hayratda qoldim.",positive
946,"👍 konferensiya juda samarali o'tdi, dekan tushuntirgan mavzu juda foydali bo'ldi, yoqib qoldi.",positive
947,"Telegramda yangi planshet haqida post ko'rdim, menga juda yoqdi, zo'r bo'ldi. 😄 😄",positive
948,zo'r 😍,positive
949,kommentlarni o'qib rostdan ham yaxshi ishlayapti 🤩,positive
950,"🤩 🥰 Yangi dastur ishga tushdi, hozircha hammasi yaxshi ishlayapti, juda xursand bo'ldim.",positive
951,"😊 Samarqanddagi sayohatim ajoyib o'tdi, xizmatlar hammasi darajasida, juda xursand bo'ldim.",positive
952,"oyin bo'yicha texnika mavzusi zo'r chiqibdi, menga yoqdi",positive
953,"kommentlarda hammasi urush, nogiron qilindi 🤦‍♂️",negative
954,"dastur bo'yicha musiqa mavzusi zo'r chiqibdi, zo'r 😍",positive
955,"Telegramdagi reklamalar juda asabga tegayapti, afsuslandim. 👎",negative
956,"folloverlar nimadir yozibdi, lekin men uchun info uchun 😶",neutral
957,"sayt bo'yicha yangiliklar postini ko'rdim, prosta savol 📌",neutral
958,"bugun musiqa bo'yicha faqat kuzatib turdim, shunchaki ✍️",neutral
959,"konferensiya juda samarali o'tdi, rahbar tushuntirgan mavzu juda foydali bo'ldi, kayfiyatim ko'tarildi. ✨ 😍",positive
960,"dastur bo'yicha yangilanish chiqdi, lekin hozircha shunchaki ma'lumot uchun.",neutral
961,"bugungi instagram sahifa haqidagi kommentlar videolari yoqdi, chiqqan joyi yoqdi 😄",positive
962,"Twitterda yangi aviachiptalar haqida post ko'rdim, menga juda yoqdi, hayratda qoldim. 😊 ✨",positive
963,"💔 Xivaga borish rejam buzildi, chiptalar bilan muammo bo'ldi, umuman yoqmadi.",negative
964,"Instagramda yangi Redmi Note 13 haqida post ko'rdim, menga juda yoqdi, mamnunman. 😁",positive
965,"dekan va'da qilgan ishini bajarmadi, natijadan afsuslandim. 🤬 😞",negative
966,"😎 majlis juda samarali o'tdi, hamkasbim tushuntirgan mavzu juda foydali bo'ldi, kayfiyatim ko'tarildi.",positive
967,ok ℹ️,neutral
968,"kuryer xizmati bilan muammo chiqdi, qo'llab-quvvatlash xizmati javob bermadi, xafa bo'ldim. 👎",negative
969,"😠 aviachiptalar sifati kutilganidek emas, juda sust ishlayapti, noroziman.",negative
970,"noutbuk haqida fikrlar turlicha, hozircha shunchaki ma'lumot uchun. 🤔 🤔",neutral
971,"😁 Yangi ilova ishga tushdi, hozircha hammasi yaxshi ishlayapti, hayratda qoldim.",positive
972,"Instagramda yangi kitob haqida post ko'rdim, menga juda yoqdi, hayratda qoldim. 👍",positive
973,"Twitterdagi reklamalar juda asabga tegayapti, xafa bo'ldim.",negative
974,💔 🤦‍♂️ 🤦‍♂️ 😞,negative
975,"instagram sahifa bo'yicha kino postini ko'rdim, neytralman 😐",neutral
976,:'( 🤦‍♂️ >:(,negative
977,"😍 konferensiya juda samarali o'tdi, direktor tushuntirgan mavzu juda foydali bo'ldi, yoqib qoldi.",positive
978,"kelasi oy rahbar bilan qisqa suhbatlashdim, oddatdagidek.",neutral
979,"uchrashuv juda samarali o'tdi, o'qituvchi tushuntirgan mavzu juda foydali bo'ldi, kayfiyatim ko'tarildi. 😁",positive
980,"Instagramdagi reklamalar juda asabga tegayapti, umuman yoqmadi.",negative
981,"📌 Twitterda iPhone 15 haqida e'lon ko'rdim, hozircha faqat ma'lumot yig'ayapman, shunchaki ma'lumot uchun.",neutral
982,"🙄 🤔 shu hafta Samarqandda majlis bo'lib o'tdi, men faqat qatnashdim, oddiy bo'ldi.",neutral
983,"Facebookda yangi aviachiptalar haqida post ko'rdim, menga juda yoqdi, kayfiyatim ko'tarildi. 🥰 😍",positive
984,🔥 😄 🥰 🥰,positive
985,"hamma juda chiroyli tushuntiribdi, chiqqan joyi yoqdi 😄",positive
986,"👍 🤩 Yangi mijozlarga xizmat ko'rsatish ishga tushdi, hozircha hammasi yaxshi ishlayapti, kayfiyatim ko'tarildi.",positive
987,"o'qib qo'ydim xolos, hech narsa o'zgarmadi 😶",neutral
988,"🤩 ✨ bugun Samarqandga bordim, hamma narsa juda xursand bo'ldim.",positive
989,"✨ 😍 Namangandagi sayohatim ajoyib o'tdi, xizmatlar hammasi darajasida, kayfiyatim ko'tarildi.",positive
990,"rahbar va'da qilgan ishini bajarmadi, natijadan noroziman. 👎",negative
991,"🤩 seminar juda samarali o'tdi, direktor tushuntirgan mavzu juda foydali bo'ldi, juda xursand bo'ldim.",positive
992,"Instagramda yangi aviachiptalar haqida post ko'rdim, menga juda yoqdi, yoqib qoldi.",positive
993,"shu hafta Qo'qonga bordim, hamma narsa mamnunman. 😊 😁",positive
994,:| 📌 ...,neutral
995,bunday bo'lmasligi kerak edi :'(,negative
996,"😠 bugun Andijonda bo'lgan konferensiya menga umuman yoqmadi, afsuslandim.",negative
997,"bugun o'qituvchi bilan qisqa suhbatlashdim, neytral qarayman. ℹ️ 🙄",neutral
998,gap yo'q 🔥,positive
999,"imtihon juda samarali o'tdi, dekan tushuntirgan mavzu juda foydali bo'ldi, yoqib qoldi.",positive
1000,"iPhone 15 haqida fikrlar turlicha, hozircha oddiy bo'ldi. 🙄",neutral
1001,"kommentlarda hammasi urush, tavsiya etmayman 😞",negative
1002,"🤩 Facebookda yangi kitob haqida post ko'rdim, menga juda yoqdi, mamnunman.",positive
1003,"kitob sifati kutilganidek emas, juda sust ishlayapti, hafsalam pir bo'ldi. 😔",negative
1004,"bloger nimadir yozibdi, lekin men uchun norm 🙄",neutral
1005,"bugun Farg'onaga bordim, hamma narsa mamnunman. 😍",positive
1006,"Facebookda yangi Samsung A55 haqida post ko'rdim, menga juda yoqdi, mamnunman. 😊",positive
1007,"Toshkentdagi sayohatim ajoyib o'tdi, xizmatlar hammasi darajasida, hayratda qoldim. 😊",positive
1008,"iPhone 15 sotib oldim, narxi arzon emas, lekin sifati uchun yoqib qoldi. 😍",positive
1009,"😎 😁 ertaga Samarqandga bordim, hamma narsa hayratda qoldim.",positive
1010,"ℹ️ bugun hamkasbim bilan qisqa suhbatlashdim, shunchaki ma'lumot uchun.",neutral
1011,ko'rdim xolos 🙄,neutral
1012,"😊 uchrashuv juda samarali o'tdi, direktor tushuntirgan mavzu juda foydali bo'ldi, mamnunman.",positive
1013,"bugun Buxoroda bo'lgan dars menga umuman yoqmadi, afsuslandim. 🤬",negative
1014,"Instagramda kofe haqida e'lon ko'rdim, hozircha faqat ma'lumot yig'ayapman, oddatdagidek. 📌 🙄",neutral
1015,"kelasi oy o'qituvchi bilan qisqa suhbatlashdim, oddatdagidek. 📌",neutral
1016,umidsizlik 😭,negative
1017,"Telegramda yangi Samsung A55 haqida post ko'rdim, menga juda yoqdi, hayratda qoldim. 😁 😄",positive
1018,"Redmi Note 13 haqida fikrlar turlicha, hozircha hech qanday o'zgarish sezilmadi. 😐",neutral
1019,"bugungi internet haqidagi kino videolari yoqdi, rosa yoqdi 😎",positive
1020,"🤩 🤩 o'tgan oy Namanganga bordim, hamma narsa zo'r bo'ldi.",positive
1021,"💔 Xivaga borish rejam buzildi, chiptalar bilan muammo bo'ldi, afsuslandim.",negative
1022,"Samsung A55 sotib oldim, narxi arzon emas, lekin sifati uchun hayratda qoldim.",positive
1023,"bugun talim bo'yicha faqat kuzatib turdim, fikir yo'q",neutral
1024,"Yangi dastur ishga tushdi, hozircha hammasi yaxshi ishlayapti, yoqib qoldi. ✨ 🥰",positive
1025,"internet xizmati bo'yicha yangilanish chiqdi, lekin hozircha shunchaki ma'lumot uchun.",neutral
1026,kommentlarni o'qib rostdan ham otliii 🥰,positive
1027,🙄 !? :|,neutral
1028,😠 😭 🤦‍♀️ 😞,negative
1029,ℹ️ ... ...,neutral
1030,bunaqa kontent ko'proq bo'lsa zo'r bo'lardi 🔥,positive
1031,"Redmi Note 13 sotib oldim, narxi arzon emas, lekin sifati uchun yoqib qoldi. 🤩",positive
1032,"😍 kelasi oy Xivaga bordim, hamma narsa yoqib qoldi.",positive
1033,"folloverlar nimadir yozibdi, lekin men uchun bilmayman",neutral
1034,🤬 :-/ =/,negative
1035,"o'tgan oy Namanganda bo'lgan uchrashuv menga umuman yoqmadi, noroziman. 💔",negative
1036,"Xivadagi sayohatim ajoyib o'tdi, xizmatlar hammasi darajasida, mamnunman. 😎",positive
1037,"Redmi Note 13 sotib oldim, narxi arzon emas, lekin sifati uchun yoqib qoldi. ✨ 🥰",positive
1038,"majlis juda samarali o'tdi, professor tushuntirgan mavzu juda foydali bo'ldi, kayfiyatim ko'tarildi.",positive
1039,"ilova sifati yana tushib ketgan, tavsiya etmayman",negative
1040,"Instagramda yangi Redmi Note 13 haqida post ko'rdim, menga juda yoqdi, kayfiyatim ko'tarildi.",positive
1041,"kitob sifati kutilganidek emas, juda sust ishlayapti, umuman yoqmadi. 😠 💔",negative
1042,"Yangi telefon operatori ishga tushdi, hozircha hammasi yaxshi ishlayapti, hayratda qoldim. 🤩 🤩",positive
1043,"Yangi ilova ishga tushdi, hozircha hammasi yaxshi ishlayapti, juda xursand bo'ldim. 🤩 🥰",positive
1044,"bugun siyosat bo'yicha faqat kuzatib turdim, shunchaki 😶",neutral
1045,"😡 😭 Andijonga borish rejam buzildi, chiptalar bilan muammo bo'ldi, umuman yoqmadi.",negative
1046,"dekan va'da qilgan ishini bajarmadi, natijadan afsuslandim. 😔 😡",negative
1047,"Facebookdagi reklamalar juda asabga tegayapti, hafsalam pir bo'ldi.",negative
1048,"bugun Samarqandga bordim, hamma narsa kayfiyatim ko'tarildi. 👍",positive
1049,"Telegramdagi reklamalar juda asabga tegayapti, afsuslandim. 😭 😢",negative
1050,"🤔 😶 Redmi Note 13 haqida fikrlar turlicha, hozircha oddiy bo'ldi.",neutral
1051,"shu hafta Andijonda majlis bo'lib o'tdi, men faqat qatnashdim, shunchaki ma'lumot uchun. 😐",neutral
1052,"oyin bo'yicha texnika mavzusi zo'r chiqibdi, klass 😊",positive
1053,"bugungi telegram kanal haqidagi texnika videolari yoqdi, gap yo'q",positive
1054,"🤩 Yangi telefon operatori ishga tushdi, hozircha hammasi yaxshi ishlayapti, mamnunman.",positive
1055,"😐 Farg'ona haqida yangilik o'qidim, oddiy bo'ldi.",neutral
1056,"Andijonga borish rejam buzildi, chiptalar bilan muammo bo'ldi, noroziman.",negative
1057,"hamma juda chiroyli tushuntiribdi, rahmat, zo'r ekan ✨",positive
1058,"Yangi mijozlarga xizmat ko'rsatish ishga tushdi, hozircha hammasi yaxshi ishlayapti, hayratda qoldim.",positive
1059,"bugun pul bo'yicha faqat kuzatib turdim, info uchun 📌",neutral
1060,"Yangi ilova ishga tushdi, hozircha hammasi yaxshi ishlayapti, kayfiyatim ko'tarildi. 😊 🤩",positive
1061,"😞 shu hafta Samarqandda bo'lgan imtihon menga umuman yoqmadi, hafsalam pir bo'ldi.",negative
1062,"Telegramda yangi aviachiptalar haqida post ko'rdim, menga juda yoqdi, mamnunman. ✨",positive
1063,"bugungi video haqidagi pul videolari yoqdi, super",positive
1064,:-/,negative
1065,"do'stim va'da qilgan ishini bajarmadi, natijadan xafa bo'ldim. 🤬",negative
1066,"o'tgan oy rahbar bilan qisqa suhbatlashdim, oddatdagidek. 🙄 📌",neutral
1067,"ilova sifati yana tushib ketgan, aldashdi 😡",negative
1068,"do'stlar umuman tushuntira olmadi, aldashdi =/",negative
1069,"shu hafta Qo'qonga bordim, hamma narsa zo'r bo'ldi.",positive
1070,"ℹ️ kecha dekan bilan qisqa suhbatlashdim, oddiy bo'ldi.",neutral
1071,"ertaga Buxoroda bo'lgan imtihon menga umuman yoqmadi, xafa bo'ldim. 💔",negative
1072,"kecha Samarqandga bordim, hamma narsa kayfiyatim ko'tarildi. ✨ 😁",positive
1073,"konferensiya juda samarali o'tdi, direktor tushuntirgan mavzu juda foydali bo'ldi, zo'r bo'ldi. 👍",positive
1074,"internet sifati yana tushib ketgan, qattiq hafsalam pir bo'ldi 💔",negative
1075,"seminar juda samarali o'tdi, direktor tushuntirgan mavzu juda foydali bo'ldi, hayratda qoldim. 😊",positive
1076,"😡 😞 bugun Buxoroda bo'lgan dars menga umuman yoqmadi, noroziman.",negative
1077,"Andijondagi sayohatim ajoyib o'tdi, xizmatlar hammasi darajasida, yoqib qoldi. 😊",positive
1078,"Andijondagi sayohatim ajoyib o'tdi, xizmatlar hammasi darajasida, juda xursand bo'ldim.",positive
1079,"Yangi bank xizmati ishga tushdi, hozircha hammasi yaxshi ishlayapti, kayfiyatim ko'tarildi. 😄",positive
1080,gap yo'q 😁,positive
1081,"video bo'yicha futbol postini ko'rdim, ko'rdim xolos 😐",neutral
1082,"shu hafta Farg'onada imtihon bo'lib o'tdi, men faqat qatnashdim, neytral qarayman.",neutral
1083,🤦‍♀️ 🤬 :-/ :(,negative
1084,"Farg'ona haqida yangilik o'qidim, hech qanday o'zgarish sezilmadi.",neutral
1085,"shu hafta Samarqandga bordim, hamma narsa juda xursand bo'ldim. ✨",positive
1086,"Yangi telefon operatori ishga tushdi, hozircha hammasi yaxshi ishlayapti, yoqib qoldi.",positive
1087,"ertaga hamkasbim bilan qisqa suhbatlashdim, hech qanday o'zgarish sezilmadi. 📌",neutral
1088,"o'tgan oy Namanganda konferensiya bo'lib o'tdi, men faqat qatnashdim, oddiy bo'ldi. 🤔",neutral
1089,"👎 😠 rahbar va'da qilgan ishini bajarmadi, natijadan noroziman.",negative
1090,bilmayman 🤔,neutral
1091,"admin juda chiroyli tushuntiribdi, super 😄",positive
1092,"🥰 Farg'onadagi sayohatim ajoyib o'tdi, xizmatlar hammasi darajasida, yoqib qoldi.",positive
1093,"Buxoro haqida yangilik o'qidim, oddiy bo'ldi. ℹ️",neutral
1094,"😄 Yangi bank xizmati ishga tushdi, hozircha hammasi yaxshi ishlayapti, zo'r bo'ldi.",positive
1095,"🤩 seminar juda samarali o'tdi, dekan tushuntirgan mavzu juda foydali bo'ldi, zo'r bo'ldi.",positive
1096,"📌 shu hafta hamkasbim bilan qisqa suhbatlashdim, neytral qarayman.",neutral
1097,"kommentlarni o'qidim, ok 😶",neutral
1098,"😎 Telegramda yangi aviachiptalar haqida post ko'rdim, menga juda yoqdi, kayfiyatim ko'tarildi.",positive
1099,neytralman 🤔,neutral
1100,"Twitterda iPhone 15 haqida e'lon ko'rdim, hozircha faqat ma'lumot yig'ayapman, oddatdagidek.",neutral
1101,🤦‍♀️ 👎 💔 :-/,negative
1102,"Yangi bank xizmati ishga tushdi, hozircha hammasi yaxshi ishlayapti, juda xursand bo'ldim. 😁 😄",positive
1103,"bugungi musiqa mavzusi zerikarli bo'ldi, hech nima tushunmadim 😞",negative
1104,"🤔 iPhone 15 haqida fikrlar turlicha, hozircha neytral qarayman.",neutral
1105,"bugun talim bo'yicha faqat kuzatib turdim, bilmayman 🤔",neutral
1106,"dastur bo'yicha blog postini ko'rdim, kulib qo'ydim xolos",neutral
1107,"sayt sifati yana tushib ketgan, hech nima tushunmadim 😔",negative
1108,"kelasi oy rahbar bilan qisqa suhbatlashdim, neytral qarayman.",neutral
1109,"admin nimadir yozibdi, lekin men uchun norm",neutral
1110,"Twitterda yangi kitob haqida post ko'rdim, menga juda yoqdi, mamnunman. 😄",positive
1111,"Xiva haqida yangilik o'qidim, neytral qarayman. 🤔",neutral
1112,"😍 imtihon juda samarali o'tdi, rahbar tushuntirgan mavzu juda foydali bo'ldi, juda xursand bo'ldim.",positive
1113,fikir yo'q ...,neutral
1114,"😍 shu hafta Xivaga bordim, hamma narsa juda xursand bo'ldim.",positive
1115,"telegram kanal sifati yana tushib ketgan, hech nima tushunmadim 😢",negative
1116,"😶 kelasi oy Xivada uchrashuv bo'lib o'tdi, men faqat qatnashdim, oddatdagidek.",neutral
1117,"ertaga Farg'onaga bordim, hamma narsa mamnunman. 😁",positive
1118,"😊 kelasi oy Samarqandga bordim, hamma narsa yoqib qoldi.",positive
1119,"kofe haqida fikrlar turlicha, hozircha shunchaki ma'lumot uchun.",neutral
1120,"🤩 seminar juda samarali o'tdi, do'stim tushuntirgan mavzu juda foydali bo'ldi, juda xursand bo'ldim.",positive
1121,"oyin bo'yicha kommentlar mavzusi zo'r chiqibdi, otliii ❤️",positive
1122,"telegram kanal sifati yana tushib ketgan, bekor ekan",negative
1123,"😭 ertaga Buxoroda bo'lgan imtihon menga umuman yoqmadi, afsuslandim.",negative
1124,pulga achindim 😠,negative
1125,"seminar juda samarali o'tdi, do'stim tushuntirgan mavzu juda foydali bo'ldi, mamnunman. 👍",positive
1126,"Facebookda yangi iPhone 15 haqida post ko'rdim, menga juda yoqdi, kayfiyatim ko'tarildi. 🤩",positive
1127,"😠 Toshkentga borish rejam buzildi, chiptalar bilan muammo bo'ldi, hafsalam pir bo'ldi.",negative
1128,"Toshkentdagi sayohatim ajoyib o'tdi, xizmatlar hammasi darajasida, yoqib qoldi.",positive
1129,"post bo'yicha kino postini ko'rdim, ok",neutral
1130,ℹ️ 😶 ✍️,neutral
1131,bunaqa kontent ko'proq bo'lsa zo'r bo'lardi 😁,positive
1132,"😡 kecha Qo'qonda bo'lgan seminar menga umuman yoqmadi, afsuslandim.",negative
1133,"admin juda chiroyli tushuntiribdi, otliii 🔥",positive
1134,✍️ ??,neutral
1135,"Instagramda yangi kitob haqida post ko'rdim, menga juda yoqdi, yoqib qoldi. 😄 😊",positive
1136,"o'tgan oy Qo'qonda konferensiya bo'lib o'tdi, men faqat qatnashdim, oddatdagidek.",neutral
1137,"video bo'yicha futbol postini ko'rdim, fikir yo'q 📌",neutral
1138,"video bo'yicha yangiliklar postini ko'rdim, bilmayman 📌",neutral
1139,"😎 Toshkentdagi sayohatim ajoyib o'tdi, xizmatlar hammasi darajasida, hayratda qoldim.",positive
1140,"bugun Farg'onaga bordim, hamma narsa zo'r bo'ldi. ✨",positive
1141,"kuryer xizmati bo'yicha yangilanish chiqdi, lekin hozircha neytral qarayman. 😐 🤔",neutral
1142,"planshet sifati kutilganidek emas, juda sust ishlayapti, hafsalam pir bo'ldi. 😢 😭",negative
1143,"Facebookdagi reklamalar juda asabga tegayapti, umuman yoqmadi. 😔",negative
1144,"kecha Farg'onada bo'lgan konferensiya menga umuman yoqmadi, noroziman. 😔",negative
1145,"🙄 o'tgan oy Samarqandda konferensiya bo'lib o'tdi, men faqat qatnashdim, oddatdagidek.",neutral
1146,"😎 😊 aviachiptalar sotib oldim, narxi arzon emas, lekin sifati uchun hayratda qoldim.",positive
1147,"bugun Samarqandga bordim, hamma narsa kayfiyatim ko'tarildi. 😊",positive
1148,"Telegramda yangi planshet haqida post ko'rdim, menga juda yoqdi, mamnunman. 😊",positive
1149,"hamkasbim va'da qilgan ishini bajarmadi, natijadan juda jahlim chiqdi. 😢 😡",negative
1150,"👍 👍 Telegramda yangi kofe haqida post ko'rdim, menga juda yoqdi, zo'r bo'ldi.",positive
1151,"Yangi mijozlarga xizmat ko'rsatish ishga tushdi, hozircha hammasi yaxshi ishlayapti, zo'r bo'ldi. 🥰",positive
1152,"🙄 ℹ️ Instagramda Redmi Note 13 haqida e'lon ko'rdim, hozircha faqat ma'lumot yig'ayapman, oddiy bo'ldi.",neutral
1153,"😞 😭 hamkasbim va'da qilgan ishini bajarmadi, natijadan juda jahlim chiqdi.",negative
1154,zor :D,positive
1155,"😡 😭 ertaga Toshkentda bo'lgan dars menga umuman yoqmadi, noroziman.",negative
1156,"bugungi oyin haqidagi kommentlar videolari yoqdi, klass 😁",positive
1157,"😔 Namanganga borish rejam buzildi, chiptalar bilan muammo bo'ldi, afsuslandim.",negative
1158,"🤔 kecha hamkasbim bilan qisqa suhbatlashdim, oddatdagidek.",neutral
1159,"😶 Toshkent haqida yangilik o'qidim, oddiy bo'ldi.",neutral
1160,"Telegramda yangi iPhone 15 haqida post ko'rdim, menga juda yoqdi, kayfiyatim ko'tarildi.",positive
1161,"seminar juda samarali o'tdi, direktor tushuntirgan mavzu juda foydali bo'ldi, juda xursand bo'ldim. 😎 😄",positive
1162,yaxshi ishlayapti ✨,positive
1163,"mijozlarga xizmat ko'rsatish bo'yicha yangilanish chiqdi, lekin hozircha hech qanday o'zgarish sezilmadi. ℹ️",neutral
1164,"🤩 Yangi internet xizmati ishga tushdi, hozircha hammasi yaxshi ishlayapti, hayratda qoldim.",positive
1165,"👍 🥰 iPhone 15 sotib oldim, narxi arzon emas, lekin sifati uchun juda xursand bo'ldim.",positive
1166,📌 ✍️ !?,neutral
1167,"Xiva haqida yangilik o'qidim, hech qanday o'zgarish sezilmadi. 😶 ℹ️",neutral
1168,"seminar juda samarali o'tdi, do'stim tushuntirgan mavzu juda foydali bo'ldi, kayfiyatim ko'tarildi. 😄 😍",positive
1169,"bugungi internet haqidagi kommentlar videolari yoqdi, klass 🥰",positive
1170,"😔 direktor va'da qilgan ishini bajarmadi, natijadan afsuslandim.",negative
1171,kommentlarni o'qib rostdan ham chiqqan joyi yoqdi 🥰,positive
1172,"😊 Samarqanddagi sayohatim ajoyib o'tdi, xizmatlar hammasi darajasida, yoqib qoldi.",positive
1173,"Samarqand haqida yangilik o'qidim, oddatdagidek.",neutral
1174,servis noldan ham past 😢,negative
1175,"bugun futbol bo'yicha faqat kuzatib turdim, ok 😐",neutral
1176,"kitob sifati kutilganidek emas, juda sust ishlayapti, noroziman. 😡",negative
1177,"kitob haqida fikrlar turlicha, hozircha oddiy bo'ldi.",neutral
1178,"😄 Redmi Note 13 sotib oldim, narxi arzon emas, lekin sifati uchun kayfiyatim ko'tarildi.",positive
1179,"bank xizmati bilan muammo chiqdi, qo'llab-quvvatlash xizmati javob bermadi, noroziman. 🤬",negative
1180,"konferensiya juda samarali o'tdi, o'qituvchi tushuntirgan mavzu juda foydali bo'ldi, zo'r bo'ldi.",positive
1181,"bugun do'stim bilan qisqa suhbatlashdim, oddatdagidek. 🙄",neutral
1182,"kelasi oy Samarqandga bordim, hamma narsa kayfiyatim ko'tarildi. 😍",positive
1183,"😐 😶 ertaga dekan bilan qisqa suhbatlashdim, oddatdagidek.",neutral
1184,"✨ 😁 Xivadagi sayohatim ajoyib o'tdi, xizmatlar hammasi darajasida, juda xursand bo'ldim.",positive
1185,✍️ !? :|,neutral
1186,"📌 Twitterda noutbuk haqida e'lon ko'rdim, hozircha faqat ma'lumot yig'ayapman, oddiy bo'ldi.",neutral
1187,"internet sifati yana tushib ketgan, aldashdi",negative
1188,"imtihon juda samarali o'tdi, professor tushuntirgan mavzu juda foydali bo'ldi, juda xursand bo'ldim. 🥰",positive
1189,,
1190,"😁 imtihon juda samarali o'tdi, dekan tushuntirgan mavzu juda foydali bo'ldi, mamnunman.",positive
1191,"bugungi talim mavzusi zerikarli bo'ldi, nogiron qilindi 🤬",negative
1192,😐 😶,neutral
1193,"👍 😄 Telegramda yangi Samsung A55 haqida post ko'rdim, menga juda yoqdi, kayfiyatim ko'tarildi.",positive
1194,"Telegramdagi reklamalar juda asabga tegayapti, afsuslandim. 👎 😠",negative
1195,"Qo'qon haqida yangilik o'qidim, neytral qarayman. 😶",neutral
1196,"😁 🥰 Namangandagi sayohatim ajoyib o'tdi, xizmatlar hammasi darajasida, kayfiyatim ko'tarildi.",positive
1197,"YouTubeda yangi Redmi Note 13 haqida post ko'rdim, menga juda yoqdi, hayratda qoldim. 😁",positive
1198,"bugun kommentlar bo'yicha faqat kuzatib turdim, neytralman !?",neutral
1199,"😁 aviachiptalar sotib oldim, narxi arzon emas, lekin sifati uchun hayratda qoldim.",positive
1200,top :D,positive
1201,"bugungi oyin haqidagi futbol videolari yoqdi, kontent yoqdi 😍",positive
1202,"dekan va'da qilgan ishini bajarmadi, natijadan juda jahlim chiqdi.",negative
1203,"🙄 Twitterda Redmi Note 13 haqida e'lon ko'rdim, hozircha faqat ma'lumot yig'ayapman, shunchaki ma'lumot uchun.",neutral
1204,"kelasi oy dekan bilan qisqa suhbatlashdim, neytral qarayman. ℹ️",neutral
1205,"😐 kelasi oy direktor bilan qisqa suhbatlashdim, hech qanday o'zgarish sezilmadi.",neutral
1206,"sayt bo'yicha texnika postini ko'rdim, fikir yo'q",neutral
1207,bombaaa <3,positive
1208,"😶 😶 kofe haqida fikrlar turlicha, hozircha hech qanday o'zgarish sezilmadi.",neutral
1209,"kecha Farg'onada bo'lgan konferensiya menga umuman yoqmadi, xafa bo'ldim.",negative
1210,"bugun Qo'qonga bordim, hamma narsa hayratda qoldim. 😄 🤩",positive
1211,"Facebookdagi reklamalar juda asabga tegayapti, juda jahlim chiqdi. 😔 😔",negative
1212,yoqmadi :-/,negative
1213,"bugun blog bo'yicha faqat kuzatib turdim, info uchun ℹ️",neutral
1214,"noutbuk sotib oldim, narxi arzon emas, lekin sifati uchun zo'r bo'ldi.",positive
1215,"o'tgan oy Samarqandda majlis bo'lib o'tdi, men faqat qatnashdim, shunchaki ma'lumot uchun. 😐",neutral
1216,"😁 👍 Samarqanddagi sayohatim ajoyib o'tdi, xizmatlar hammasi darajasida, juda xursand bo'ldim.",positive
1217,"Yangi internet xizmati ishga tushdi, hozircha hammasi yaxshi ishlayapti, yoqib qoldi. 😁 ✨",positive
1218,"😢 do'stim va'da qilgan ishini bajarmadi, natijadan umuman yoqmadi.",negative
1219,"Telegramda yangi Redmi Note 13 haqida post ko'rdim, menga juda yoqdi, zo'r bo'ldi. 👍",positive
1220,"internet bo'yicha texnika postini ko'rdim, shunchaki 🤔",neutral
1221,"servis bo'yicha musiqa postini ko'rdim, kulib qo'ydim xolos 😶",neutral
1222,"🥰 ✨ Facebookda yangi aviachiptalar haqida post ko'rdim, menga juda yoqdi, kayfiyatim ko'tarildi.",positive
1223,"😞 😠 Buxoroga borish rejam buzildi, chiptalar bilan muammo bo'ldi, umuman yoqmadi.",negative
1224,"🤔 🤔 YouTubeda iPhone 15 haqida e'lon ko'rdim, hozircha faqat ma'lumot yig'ayapman, shunchaki ma'lumot uchun.",neutral
1225,"🥰 Twitterda yangi aviachiptalar haqida post ko'rdim, menga juda yoqdi, kayfiyatim ko'tarildi.",positive
1226,"seminar juda samarali o'tdi, dekan tushuntirgan mavzu juda foydali bo'ldi, mamnunman.",positive
1227,"ℹ️ mijozlarga xizmat ko'rsatish bo'yicha yangilanish chiqdi, lekin hozircha hech qanday o'zgarish sezilmadi.",neutral
1228,"kommentlarni o'qidim, fikir yo'q",neutral
1229,"iPhone 15 haqida fikrlar turlicha, hozircha oddatdagidek.",neutral
1230,"😶 ertaga professor bilan qisqa suhbatlashdim, hech qanday o'zgarish sezilmadi.",neutral
1231,umuman yoqmaydi 👎,negative
1232,"kecha rahbar bilan qisqa suhbatlashdim, hech qanday o'zgarish sezilmadi.",neutral
1233,😄 😁 😄,positive
1234,"bugungi blog mavzusi zerikarli bo'ldi, hech nima tushunmadim 👎",negative
1235,"ertaga hamkasbim bilan qisqa suhbatlashdim, neytral qarayman. 🤔",neutral
1236,"Buxorodagi sayohatim ajoyib o'tdi, xizmatlar hammasi darajasida, mamnunman. 😎",positive
1237,"😭 😠 ilova bilan muammo chiqdi, qo'llab-quvvatlash xizmati javob bermadi, umuman yoqmadi.",negative
1238,"😁 konferensiya juda samarali o'tdi, direktor tushuntirgan mavzu juda foydali bo'ldi, juda xursand bo'ldim.",positive
1239,"planshet sotib oldim, narxi arzon emas, lekin sifati uchun juda xursand bo'ldim. 😁",positive
1240,"😶 dastur bo'yicha yangilanish chiqdi, lekin hozircha oddatdagidek.",neutral
1241,😠 😔,negative
1242,"😎 Instagramda yangi kitob haqida post ko'rdim, menga juda yoqdi, mamnunman.",positive
1243,"💔 😞 o'qituvchi va'da qilgan ishini bajarmadi, natijadan umuman yoqmadi.",negative
1244,"folloverlar nimadir yozibdi, lekin men uchun prosta savol",neutral
1245,"video sifati yana tushib ketgan, juda yomon",negative
1246,"ertaga Buxoroda bo'lgan majlis menga umuman yoqmadi, noroziman. 😡 😢",negative
1247,"😊 uchrashuv juda samarali o'tdi, professor tushuntirgan mavzu juda foydali bo'ldi, mamnunman.",positive
1248,"bugungi instagram sahifa haqidagi texnika videolari yoqdi, yaxshi ishlayapti :D",positive
1249,✨ 🤩 ✨,positive
1250,"kelasi oy Samarqandga bordim, hamma narsa yoqib qoldi.",positive
1251,:) =) 😍,positive
1252,"shu hafta Toshkentga bordim, hamma narsa mamnunman. 👍",positive
1253,"ertaga Xivada uchrashuv bo'lib o'tdi, men faqat qatnashdim, shunchaki ma'lumot uchun. 📌",neutral
1254,qattiq hafsalam pir bo'ldi 🤬,negative
1255,"internet bo'yicha futbol postini ko'rdim, info uchun",neutral
1256,"ertaga Buxoroga bordim, hamma narsa mamnunman. 😄 🥰",positive
1257,"Yangi internet xizmati ishga tushdi, hozircha hammasi yaxshi ishlayapti, yoqib qoldi. 😍 😊",positive
1258,"bugungi dastur haqidagi kommentlar videolari yoqdi, menga yoqdi ✨",positive
1259,"😠 shu hafta Namanganda bo'lgan konferensiya menga umuman yoqmadi, umuman yoqmadi.",negative
1260,"ertaga Samarqandda bo'lgan dars menga umuman yoqmadi, xafa bo'ldim.",negative
1261,"mijozlarga xizmat ko'rsatish bilan muammo chiqdi, qo'llab-quvvatlash xizmati javob bermadi, juda jahlim chiqdi. 😔",negative
1262,"Facebookdagi reklamalar juda asabga tegayapti, xafa bo'ldim. 😢",negative
1263,"😊 iPhone 15 sotib oldim, narxi arzon emas, lekin sifati uchun mamnunman.",positive
1264,"kelasi oy Namanganda konferensiya bo'lib o'tdi, men faqat qatnashdim, oddiy bo'ldi.",neutral
1265,"uchrashuv juda samarali o'tdi, do'stim tushuntirgan mavzu juda foydali bo'ldi, juda xursand bo'ldim. 😁",positive
1266,"Samarqandga borish rejam buzildi, chiptalar bilan muammo bo'ldi, xafa bo'ldim. 🤬 😢",negative
1267,"kelasi oy Qo'qonda dars bo'lib o'tdi, men faqat qatnashdim, hech qanday o'zgarish sezilmadi.",neutral
1268,"o'qib qo'ydim xolos, info uchun !?",neutral
1269,"🤩 Yangi dastur ishga tushdi, hozircha hammasi yaxshi ishlayapti, kayfiyatim ko'tarildi.",positive
1270,"bugun siyosat bo'yicha faqat kuzatib turdim, bilmayman ✍️",neutral
1271,"konferensiya juda samarali o'tdi, rahbar tushuntirgan mavzu juda foydali bo'ldi, hayratda qoldim. 🤩 🥰",positive
1272,:) <3 :),positive
1273,"Twitterda yangi noutbuk haqida post ko'rdim, menga juda yoqdi, kayfiyatim ko'tarildi.",positive
1274,🥰 🔥 😍,positive
1275,"ℹ️ Twitterda aviachiptalar haqida e'lon ko'rdim, hozircha faqat ma'lumot yig'ayapman, hech qanday o'zgarish sezilmadi.",neutral
1276,"planshet sifati kutilganidek emas, juda sust ishlayapti, juda jahlim chiqdi. 😞",negative
1277,"Yangi internet xizmati ishga tushdi, hozircha hammasi yaxshi ishlayapti, juda xursand bo'ldim. 😁",positive
1278,"bugungi oyin haqidagi blog videolari yoqdi, otliii 🤩",positive
1279,"ℹ️ Facebookda planshet haqida e'lon ko'rdim, hozircha faqat ma'lumot yig'ayapman, hech qanday o'zgarish sezilmadi.",neutral
1280,"instagram sahifa bo'yicha futbol mavzusi zo'r chiqibdi, zor 😎",positive
1281,"kecha dekan bilan qisqa suhbatlashdim, shunchaki ma'lumot uchun. 😶",neutral
1282,"bugungi internet haqidagi kommentlar videolari yoqdi, top 😄",positive
1283,"kelasi oy o'qituvchi bilan qisqa suhbatlashdim, oddatdagidek.",neutral
1284,"noutbuk haqida fikrlar turlicha, hozircha neytral qarayman.",neutral
1285,"hamma juda chiroyli tushuntiribdi, klass 🥰",positive
1286,"kofe sifati kutilganidek emas, juda sust ishlayapti, umuman yoqmadi. 😔 😔",negative
1287,"kelasi oy Qo'qonda seminar bo'lib o'tdi, men faqat qatnashdim, oddatdagidek.",neutral
1288,"odamlar juda chiroyli tushuntiribdi, kontent yoqdi ❤️",positive
1289,"majlis juda samarali o'tdi, direktor tushuntirgan mavzu juda foydali bo'ldi, kayfiyatim ko'tarildi.",positive
1290,shunchaki ??,neutral
1291,"imtihon juda samarali o'tdi, dekan tushuntirgan mavzu juda foydali bo'ldi, kayfiyatim ko'tarildi. 🥰 😊",positive
1292,😍 :) ❤️,positive
1293,"dastur bo'yicha yangilanish chiqdi, lekin hozircha oddatdagidek. 📌 😶",neutral
1294,"planshet sotib oldim, narxi arzon emas, lekin sifati uchun zo'r bo'ldi. ✨",positive
1295,🤩 🔥 😄,positive
1296,"🤬 😭 o'tgan oy Qo'qonda bo'lgan dars menga umuman yoqmadi, umuman yoqmadi.",negative
1297,"✨ 😍 shu hafta Qo'qonga bordim, hamma narsa yoqib qoldi.",positive
1298,"yana shunaqa reklama chiqdi, charchatdi 😠",negative
1299,"uchrashuv juda samarali o'tdi, hamkasbim tushuntirgan mavzu juda foydali bo'ldi, mamnunman. 🥰",positive
1300,"bugun texnika bo'yicha faqat kuzatib turdim, ko'rdim xolos 📌",neutral
1301,"shu hafta Samarqandda bo'lgan dars menga umuman yoqmadi, xafa bo'ldim. 😭",negative
1302,!? ?? 🙄,neutral
1303,"Yangi telefon operatori ishga tushdi, hozircha hammasi yaxshi ishlayapti, zo'r bo'ldi. 😄",positive
1304,"shu hafta Andijonda imtihon bo'lib o'tdi, men faqat qatnashdim, oddiy bo'ldi.",neutral
1305,"kommentlarda hammasi urush, hech nima tushunmadim 👎",negative
1306,"Telegramda noutbuk haqida e'lon ko'rdim, hozircha faqat ma'lumot yig'ayapman, oddiy bo'ldi. ℹ️",neutral
1307,"Twitterda yangi Redmi Note 13 haqida post ko'rdim, menga juda yoqdi, kayfiyatim ko'tarildi. 🤩",positive
1308,hech narsa o'zgarmadi,neutral
1309,bunaqa kontent ko'proq bo'lsa zo'r bo'lardi 👍,positive
1310,"telegram kanal bo'yicha musiqa mavzusi zo'r chiqibdi, rahmat, zo'r ekan 🥰",positive
1311,"🤔 Twitterda kitob haqida e'lon ko'rdim, hozircha faqat ma'lumot yig'ayapman, oddatdagidek.",neutral
1312,"kelasi oy dekan bilan qisqa suhbatlashdim, oddatdagidek. 😐",neutral
1313,ℹ️ ??,neutral
1314,"👍 Telegramda yangi Samsung A55 haqida post ko'rdim, menga juda yoqdi, juda xursand bo'ldim.",positive
1315,"shu hafta dekan bilan qisqa suhbatlashdim, oddatdagidek. 📌",neutral
1316,"😞 telefon operatori bilan muammo chiqdi, qo'llab-quvvatlash xizmati javob bermadi, umuman yoqmadi.",negative
1317,"kofe sifati kutilganidek emas, juda sust ishlayapti, umuman yoqmadi. 😭",negative
1318,"😁 😎 Yangi dastur ishga tushdi, hozircha hammasi yaxshi ishlayapti, mamnunman.",positive
1319,"o'tgan oy Qo'qonga bordim, hamma narsa zo'r bo'ldi.",positive
1320,"😄 👍 Farg'onadagi sayohatim ajoyib o'tdi, xizmatlar hammasi darajasida, kayfiyatim ko'tarildi.",positive
1321,"😄 😄 Facebookda yangi iPhone 15 haqida post ko'rdim, menga juda yoqdi, zo'r bo'ldi.",positive
1322,"noutbuk sotib oldim, narxi arzon emas, lekin sifati uchun hayratda qoldim. 😄",positive
1323,🤦‍♀️ 😡 😢,negative
1324,"professor va'da qilgan ishini bajarmadi, natijadan umuman yoqmadi.",negative
1325,"Telegramdagi reklamalar juda asabga tegayapti, juda jahlim chiqdi.",negative
1326,"😶 aviachiptalar haqida fikrlar turlicha, hozircha oddatdagidek.",neutral
1327,"imtihon juda samarali o'tdi, direktor tushuntirgan mavzu juda foydali bo'ldi, yoqib qoldi. 😊",positive
1328,"👎 Twitterdagi reklamalar juda asabga tegayapti, afsuslandim.",negative
1329,"bugungi internet haqidagi pul videolari yoqdi, otliii 😊",positive
1330,"😊 🥰 majlis juda samarali o'tdi, professor tushuntirgan mavzu juda foydali bo'ldi, hayratda qoldim.",positive
1331,"majlis juda samarali o'tdi, professor tushuntirgan mavzu juda foydali bo'ldi, hayratda qoldim.",positive
1332,"📌 kecha hamkasbim bilan qisqa suhbatlashdim, oddatdagidek.",neutral
1333,"sayt bo'yicha talim mavzusi zo'r chiqibdi, rahmat, zo'r ekan 👍",positive
1334,"🥰 Farg'onadagi sayohatim ajoyib o'tdi, xizmatlar hammasi darajasida, juda xursand bo'ldim.",positive
1335,top ✨,positive
1336,"Andijondagi sayohatim ajoyib o'tdi, xizmatlar hammasi darajasida, mamnunman. 😁",positive
1337,"💔 telefon operatori bilan muammo chiqdi, qo'llab-quvvatlash xizmati javob bermadi, xafa bo'ldim.",negative
1338,"😍 kecha Buxoroga bordim, hamma narsa juda xursand bo'ldim.",positive
1339,"Yangi telefon operatori ishga tushdi, hozircha hammasi yaxshi ishlayapti, mamnunman. 🤩 😁",positive
1340,❤️ 🔥 <3 ✨,positive
1341,"Buxorodagi sayohatim ajoyib o'tdi, xizmatlar hammasi darajasida, zo'r bo'ldi. 👍 😁",positive
1342,"bugungi ilova haqidagi blog videolari yoqdi, rosa yoqdi <3",positive
1343,"seminar juda samarali o'tdi, rahbar tushuntirgan mavzu juda foydali bo'ldi, juda xursand bo'ldim.",positive
1344,"🤔 🙄 Farg'ona haqida yangilik o'qidim, neytral qarayman.",neutral
1345,?? 🙄 😐,neutral
1346,"bugungi futbol mavzusi zerikarli bo'ldi, qattiq hafsalam pir bo'ldi 😔",negative
1347,"Telegramda yangi aviachiptalar haqida post ko'rdim, menga juda yoqdi, mamnunman. 🥰",positive
1348,"internet bo'yicha pul mavzusi zo'r chiqibdi, zo'r 😁",positive
1349,"😢 Instagramdagi reklamalar juda asabga tegayapti, umuman yoqmadi.",negative
1350,"😄 😊 noutbuk sotib oldim, narxi arzon emas, lekin sifati uchun yoqib qoldi.",positive
1351,"😄 Andijondagi sayohatim ajoyib o'tdi, xizmatlar hammasi darajasida, zo'r bo'ldi.",positive
1352,"iPhone 15 haqida fikrlar turlicha, hozircha oddatdagidek. 📌 ℹ️",neutral
1353,"Facebookda yangi noutbuk haqida post ko'rdim, menga juda yoqdi, yoqib qoldi. 😎 😄",positive
1354,"kecha professor bilan qisqa suhbatlashdim, neytral qarayman. 😐",neutral
1355,"post bo'yicha yangiliklar mavzusi zo'r chiqibdi, menga yoqdi",positive
1356,:) 🥰,positive
1357,"dastur bo'yicha yangiliklar mavzusi zo'r chiqibdi, super 😄",positive
1358,"😄 imtihon juda samarali o'tdi, rahbar tushuntirgan mavzu juda foydali bo'ldi, juda xursand bo'ldim.",positive
1359,"Buxorodagi sayohatim ajoyib o'tdi, xizmatlar hammasi darajasida, yoqib qoldi. ✨ 🥰",positive
1360,"bugungi siyosat mavzusi zerikarli bo'ldi, bekor ekan 👎",negative
1361,"👍 😄 Telegramda yangi kofe haqida post ko'rdim, menga juda yoqdi, zo'r bo'ldi.",positive
1362,"🥰 Yangi dastur ishga tushdi, hozircha hammasi yaxshi ishlayapti, kayfiyatim ko'tarildi.",positive
1363,"kelasi oy Samarqandda konferensiya bo'lib o'tdi, men faqat qatnashdim, oddatdagidek.",neutral
1364,"Instagramda yangi Samsung A55 haqida post ko'rdim, menga juda yoqdi, kayfiyatim ko'tarildi. 🤩",positive
1365,"🥰 Facebookda yangi kitob haqida post ko'rdim, menga juda yoqdi, mamnunman.",positive
1366,🤔 ... ℹ️,neutral
1367,"rahbar va'da qilgan ishini bajarmadi, natijadan umuman yoqmadi. 😞",negative
1368,"aviachiptalar sotib oldim, narxi arzon emas, lekin sifati uchun zo'r bo'ldi. 😍 🤩",positive
1369,"📌 bugun do'stim bilan qisqa suhbatlashdim, oddatdagidek.",neutral
1370,"😔 Redmi Note 13 sifati kutilganidek emas, juda sust ishlayapti, umuman yoqmadi.",negative
1371,"Toshkentga borish rejam buzildi, chiptalar bilan muammo bo'ldi, juda jahlim chiqdi.",negative
1372,"kofe sotib oldim, narxi arzon emas, lekin sifati uchun hayratda qoldim. 😍",positive
1373,"Yangi bank xizmati ishga tushdi, hozircha hammasi yaxshi ishlayapti, mamnunman.",positive
1374,"Yangi kuryer xizmati ishga tushdi, hozircha hammasi yaxshi ishlayapti, kayfiyatim ko'tarildi. 😄",positive
1375,kommentlarni o'qib rostdan ham top ❤️,positive
1376,"bugun Qo'qonga bordim, hamma narsa yoqib qoldi.",positive
1377,✍️,neutral
1378,"bugun Xivaga bordim, hamma narsa yoqib qoldi. 🥰 🥰",positive
1379,"bloger umuman tushuntira olmadi, nogiron qilindi 😡",negative
1380,"Redmi Note 13 sifati kutilganidek emas, juda sust ishlayapti, juda jahlim chiqdi.",negative
1381,"ℹ️ Samsung A55 haqida fikrlar turlicha, hozircha oddatdagidek.",neutral
1382,"Twitterda yangi iPhone 15 haqida post ko'rdim, menga juda yoqdi, mamnunman. 😍 😍",positive
1383,"😔 👎 dekan va'da qilgan ishini bajarmadi, natijadan hafsalam pir bo'ldi.",negative
1384,"🥰 ertaga Samarqandga bordim, hamma narsa hayratda qoldim.",positive
1385,"o'qib qo'ydim xolos, norm 😐",neutral
1386,"bloger umuman tushuntira olmadi, yoqmadi 😞",negative
1387,"sayt bo'yicha pul postini ko'rdim, kulib qo'ydim xolos",neutral
1388,🔥 👍 ❤️,positive
1389,"kommentlarni o'qidim, neytralman 🤔",neutral
1390,"kecha Namanganga bordim, hamma narsa yoqib qoldi.",positive
1391,👎 😔,negative
1392,💔 >:( 😞,negative
1393,"Twitterda yangi Redmi Note 13 haqida post ko'rdim, menga juda yoqdi, kayfiyatim ko'tarildi. 😄 🥰",positive
1394,"dars juda samarali o'tdi, rahbar tushuntirgan mavzu juda foydali bo'ldi, hayratda qoldim. 😍",positive
1395,😞 😭,negative
1396,"kitob haqida fikrlar turlicha, hozircha oddatdagidek. 😶",neutral
1397,"YouTubeda yangi planshet haqida post ko'rdim, menga juda yoqdi, juda xursand bo'ldim. 🤩 😄",positive
1398,"😍 kecha Farg'onaga bordim, hamma narsa mamnunman.",positive
1399,"YouTubeda yangi Samsung A55 haqida post ko'rdim, menga juda yoqdi, zo'r bo'ldi. 😍 🥰",positive
1400,"😞 😡 mijozlarga xizmat ko'rsatish bilan muammo chiqdi, qo'llab-quvvatlash xizmati javob bermadi, afsuslandim.",negative
1401,kulib qo'ydim xolos ...,neutral
1402,"dars juda samarali o'tdi, professor tushuntirgan mavzu juda foydali bo'ldi, juda xursand bo'ldim. 😍",positive
1403,"dastur bilan muammo chiqdi, qo'llab-quvvatlash xizmati javob bermadi, xafa bo'ldim. 😔",negative
1404,"Twitterda planshet haqida e'lon ko'rdim, hozircha faqat ma'lumot yig'ayapman, shunchaki ma'lumot uchun. 📌",neutral
1405,"Yangi ilova ishga tushdi, hozircha hammasi yaxshi ishlayapti, mamnunman. 👍",positive
1406,"ℹ️ Samsung A55 haqida fikrlar turlicha, hozircha neytral qarayman.",neutral
1407,"👍 👍 Yangi internet xizmati ishga tushdi, hozircha hammasi yaxshi ishlayapti, juda xursand bo'ldim.",positive
1408,"Telegramdagi reklamalar juda asabga tegayapti, noroziman. 😞",negative
1409,"🤩 o'tgan oy Samarqandga bordim, hamma narsa hayratda qoldim.",positive
1410,"kofe sotib oldim, narxi arzon emas, lekin sifati uchun hayratda qoldim. 😎 😎",positive
1411,"video sifati yana tushib ketgan, bekor ketdi hamma narsasi 🤦‍♂️",negative
1412,"imtihon juda samarali o'tdi, dekan tushuntirgan mavzu juda foydali bo'ldi, kayfiyatim ko'tarildi.",positive
1413,"oyin bo'yicha yangiliklar mavzusi zo'r chiqibdi, rosa yoqdi 🥰",positive
1414,"Yangi dastur ishga tushdi, hozircha hammasi yaxshi ishlayapti, yoqib qoldi. 🥰",positive
1415,"video bo'yicha kino mavzusi zo'r chiqibdi, gap yo'q 😎",positive
1416,"o'tgan oy Xivada uchrashuv bo'lib o'tdi, men faqat qatnashdim, shunchaki ma'lumot uchun.",neutral
1417,"kecha hamkasbim bilan qisqa suhbatlashdim, neytral qarayman.",neutral
1418,"😄 dars juda samarali o'tdi, dekan tushuntirgan mavzu juda foydali bo'ldi, juda xursand bo'ldim.",positive
1419,prosta savol ℹ️,neutral
1420,"kecha Toshkentda majlis bo'lib o'tdi, men faqat qatnashdim, oddiy bo'ldi.",neutral
1421,"kofe haqida fikrlar turlicha, hozircha shunchaki ma'lumot uchun. 🤔",neutral
1422,"Yangi bank xizmati ishga tushdi, hozircha hammasi yaxshi ishlayapti, mamnunman. ✨",positive
1423,"kelasi oy Samarqandga bordim, hamma narsa juda xursand bo'ldim. 😎 🥰",positive
1424,"ℹ️ 😶 kofe haqida fikrlar turlicha, hozircha oddatdagidek.",neutral
1425,"o'tgan oy Xivada imtihon bo'lib o'tdi, men faqat qatnashdim, hech qanday o'zgarish sezilmadi. 📌",neutral
1426,"Yangi internet xizmati ishga tushdi, hozircha hammasi yaxshi ishlayapti, hayratda qoldim.",positive
1427,"bank xizmati bo'yicha yangilanish chiqdi, lekin hozircha oddiy bo'ldi.",neutral
1428,"😎 Buxorodagi sayohatim ajoyib o'tdi, xizmatlar hammasi darajasida, yoqib qoldi.",positive
1429,menga yoqdi 😍,positive
1430,"uchrashuv juda samarali o'tdi, dekan tushuntirgan mavzu juda foydali bo'ldi, zo'r bo'ldi.",positive
1431,💔 😢,negative
1432,"😶 o'tgan oy professor bilan qisqa suhbatlashdim, oddiy bo'ldi.",neutral
1433,"dastur sifati yana tushib ketgan, yoqmadi 🤦‍♂️",negative
1434,"😐 o'tgan oy Qo'qonda dars bo'lib o'tdi, men faqat qatnashdim, oddiy bo'ldi.",neutral
1435,"✨ 😄 Andijondagi sayohatim ajoyib o'tdi, xizmatlar hammasi darajasida, zo'r bo'ldi.",positive
1436,"Farg'onadagi sayohatim ajoyib o'tdi, xizmatlar hammasi darajasida, kayfiyatim ko'tarildi.",positive
1437,"Buxoro haqida yangilik o'qidim, shunchaki ma'lumot uchun. 😐",neutral
1438,😍 :D 😁,positive
1439,"ilova bo'yicha pul mavzusi zo'r chiqibdi, yaxshi ishlayapti ❤️",positive
1440,"👎 😞 dastur bilan muammo chiqdi, qo'llab-quvvatlash xizmati javob bermadi, afsuslandim.",negative
1441,umuman yoqmaydi 😡,negative
1442,😄 ❤️ 😍 🔥,positive
1443,"dastur bo'yicha musiqa postini ko'rdim, norm",neutral
1444,"😄 Yangi internet xizmati ishga tushdi, hozircha hammasi yaxshi ishlayapti, kayfiyatim ko'tarildi.",positive
1445,"kofe sotib oldim, narxi arzon emas, lekin sifati uchun hayratda qoldim.",positive
1446,"shu hafta Qo'qonga bordim, hamma narsa juda xursand bo'ldim. 😁 🥰",positive
1447,"Farg'onaga borish rejam buzildi, chiptalar bilan muammo bo'ldi, xafa bo'ldim. 😠 😢",negative
1448,"🤔 aviachiptalar haqida fikrlar turlicha, hozircha hech qanday o'zgarish sezilmadi.",neutral
1449,"🙄 🙄 kelasi oy Namanganda seminar bo'lib o'tdi, men faqat qatnashdim, neytral qarayman.",neutral
1450,✨ 🔥 <3,positive
1451,"😁 majlis juda samarali o'tdi, do'stim tushuntirgan mavzu juda foydali bo'ldi, yoqib qoldi.",positive
1452,"🥰 kelasi oy Namanganga bordim, hamma narsa juda xursand bo'ldim.",positive
1453,💔 😡 😞 🤦‍♀️,negative
1454,"Instagramda Redmi Note 13 haqida e'lon ko'rdim, hozircha faqat ma'lumot yig'ayapman, oddatdagidek. ℹ️ 😶",neutral
1455,"do'stim va'da qilgan ishini bajarmadi, natijadan umuman yoqmadi. 😔",negative
1456,"admin nimadir yozibdi, lekin men uchun bilmayman ℹ️",neutral
1457,"Instagramda yangi kitob haqida post ko'rdim, menga juda yoqdi, zo'r bo'ldi. ✨",positive
1458,"🤩 Facebookda yangi planshet haqida post ko'rdim, menga juda yoqdi, yoqib qoldi.",positive
1459,"dastur sifati yana tushib ketgan, bunday bo'lmasligi kerak edi 😠",negative
1460,"😭 😡 Twitterdagi reklamalar juda asabga tegayapti, juda jahlim chiqdi.",negative
1461,"🤔 ertaga do'stim bilan qisqa suhbatlashdim, neytral qarayman.",neutral
1462,"YouTubeda kitob haqida e'lon ko'rdim, hozircha faqat ma'lumot yig'ayapman, shunchaki ma'lumot uchun. 🙄 🙄",neutral
1463,"📌 kofe haqida fikrlar turlicha, hozircha hech qanday o'zgarish sezilmadi.",neutral
1464,"Telegramdagi reklamalar juda asabga tegayapti, juda jahlim chiqdi. 💔",negative
1465,kommentlarni o'qib rostdan ham gap yo'q,positive
1466,"🙄 😶 iPhone 15 haqida fikrlar turlicha, hozircha hech qanday o'zgarish sezilmadi.",neutral
1467,"Redmi Note 13 sotib oldim, narxi arzon emas, lekin sifati uchun juda xursand bo'ldim. 😁",positive
1468,"kecha Buxoroda dars bo'lib o'tdi, men faqat qatnashdim, shunchaki ma'lumot uchun. 🙄",neutral
1469,"kecha Buxoroga bordim, hamma narsa mamnunman. 😍",positive
1470,"kommentlarda hammasi urush, yoqmadi 😢",negative
1471,"o'tgan oy Farg'onada konferensiya bo'lib o'tdi, men faqat qatnashdim, hech qanday o'zgarish sezilmadi. 🤔 🤔",neutral
1472,"Samsung A55 haqida fikrlar turlicha, hozircha oddatdagidek. 🤔 🤔",neutral
1473,"hamma nimadir yozibdi, lekin men uchun hech narsa o'zgarmadi ✍️",neutral
1474,"kuryer xizmati bilan muammo chiqdi, qo'llab-quvvatlash xizmati javob bermadi, noroziman. 😢",negative
1475,"😡 ilova bilan muammo chiqdi, qo'llab-quvvatlash xizmati javob bermadi, afsuslandim.",negative
1476,"Telegramda Samsung A55 haqida e'lon ko'rdim, hozircha faqat ma'lumot yig'ayapman, oddatdagidek.",neutral
1477,"o'tgan oy Farg'onada majlis bo'lib o'tdi, men faqat qatnashdim, oddatdagidek. 😶",neutral
1478,"Instagramda iPhone 15 haqida e'lon ko'rdim, hozircha faqat ma'lumot yig'ayapman, neytral qarayman.",neutral
1479,"😭 Xivaga borish rejam buzildi, chiptalar bilan muammo bo'ldi, afsuslandim.",negative
1480,"Telegramda yangi planshet haqida post ko'rdim, menga juda yoqdi, juda xursand bo'ldim.",positive
1481,kommentlarni o'qib rostdan ham zo'r :D,positive
1482,:) 🔥 😎 ❤️,positive
1483,"Yangi mijozlarga xizmat ko'rsatish ishga tushdi, hozircha hammasi yaxshi ishlayapti, mamnunman. 😁 😊",positive
1484,"😐 kelasi oy Andijonda imtihon bo'lib o'tdi, men faqat qatnashdim, oddatdagidek.",neutral
1485,"bugungi kino mavzusi zerikarli bo'ldi, aldashdi",negative
1486,"✨ ✨ Redmi Note 13 sotib oldim, narxi arzon emas, lekin sifati uchun yoqib qoldi.",positive
1487,"Telegramda yangi kitob haqida post ko'rdim, menga juda yoqdi, zo'r bo'ldi. 😎",positive
1488,"Andijondagi sayohatim ajoyib o'tdi, xizmatlar hammasi darajasida, yoqib qoldi. 😍",positive
1489,"servis bo'yicha siyosat postini ko'rdim, bilmayman ℹ️",neutral
1490,"Telegramda aviachiptalar haqida e'lon ko'rdim, hozircha faqat ma'lumot yig'ayapman, neytral qarayman.",neutral
1491,📌 ?? 😐,neutral
1492,"kelasi oy Namanganga bordim, hamma narsa mamnunman. 😎 😎",positive
1493,"ℹ️ Twitterda kitob haqida e'lon ko'rdim, hozircha faqat ma'lumot yig'ayapman, neytral qarayman.",neutral
1494,"bugun dekan bilan qisqa suhbatlashdim, hech qanday o'zgarish sezilmadi. 🤔",neutral
1495,🤦‍♀️ 💔 :-/,negative
1496,"o'tgan oy Xivada bo'lgan majlis menga umuman yoqmadi, xafa bo'ldim.",negative
1497,"kofe sotib oldim, narxi arzon emas, lekin sifati uchun kayfiyatim ko'tarildi. 😎",positive
1498,"ℹ️ 😶 noutbuk haqida fikrlar turlicha, hozircha shunchaki ma'lumot uchun.",neutral
1499,"rahmat, zo'r ekan ✨",positive
1500,"o'tgan oy Buxoroda uchrashuv bo'lib o'tdi, men faqat qatnashdim, shunchaki ma'lumot uchun. 😶",neutral
1501,kommentlarni o'qib rostdan ham top 😎,positive
1502,"Instagramda yangi noutbuk haqida post ko'rdim, menga juda yoqdi, juda xursand bo'ldim. 😍",positive
1503,"instagram sahifa sifati yana tushib ketgan, yoqmadi 🤬",negative
1504,😢 😠 :-/ :(,negative
1505,"Toshkentga borish rejam buzildi, chiptalar bilan muammo bo'ldi, noroziman.",negative
1506,"bugungi telegram kanal haqidagi siyosat videolari yoqdi, menga yoqdi 👍",positive
1507,"konferensiya juda samarali o'tdi, rahbar tushuntirgan mavzu juda foydali bo'ldi, zo'r bo'ldi. 🤩 👍",positive
1508,"Facebookda planshet haqida e'lon ko'rdim, hozircha faqat ma'lumot yig'ayapman, shunchaki ma'lumot uchun. 😐 ℹ️",neutral
1509,"majlis juda samarali o'tdi, o'qituvchi tushuntirgan mavzu juda foydali bo'ldi, zo'r bo'ldi.",positive
1510,"🤬 👎 planshet sifati kutilganidek emas, juda sust ishlayapti, afsuslandim.",negative
1511,"😡 YouTubedagi reklamalar juda asabga tegayapti, juda jahlim chiqdi.",negative
1512,"shu hafta Toshkentga bordim, hamma narsa juda xursand bo'ldim.",positive
1513,🤩 👍 :D,positive
1514,"YouTubeda yangi kitob haqida post ko'rdim, menga juda yoqdi, juda xursand bo'ldim. 😊 😎",positive
1515,"ℹ️ o'tgan oy Qo'qonda uchrashuv bo'lib o'tdi, men faqat qatnashdim, hech qanday o'zgarish sezilmadi.",neutral
1516,"😡 kofe sifati kutilganidek emas, juda sust ishlayapti, juda jahlim chiqdi.",negative
1517,"😁 👍 Farg'onadagi sayohatim ajoyib o'tdi, xizmatlar hammasi darajasida, juda xursand bo'ldim.",positive
1518,"ℹ️ 😶 Samsung A55 haqida fikrlar turlicha, hozircha neytral qarayman.",neutral
1519,🙄 📌,neutral
1520,"bugungi video haqidagi kommentlar videolari yoqdi, super 😊",positive
1521,"do'stim va'da qilgan ishini bajarmadi, natijadan afsuslandim. 💔 🤬",negative
1522,"Twitterda yangi kitob haqida post ko'rdim, menga juda yoqdi, hayratda qoldim. 😄 😊",positive
1523,norm 🙄,neutral
1524,"Samarqand haqida yangilik o'qidim, oddatdagidek. 🤔",neutral
1525,"servis bo'yicha siyosat postini ko'rdim, prosta savol ✍️",neutral
1526,"Xivadagi sayohatim ajoyib o'tdi, xizmatlar hammasi darajasida, juda xursand bo'ldim. 😎",positive
1527,"ilova bo'yicha pul mavzusi zo'r chiqibdi, menga yoqdi 😊",positive
1528,"YouTubedagi reklamalar juda asabga tegayapti, xafa bo'ldim. 😞 👎",negative
1529,"ℹ️ Telegramda Samsung A55 haqida e'lon ko'rdim, hozircha faqat ma'lumot yig'ayapman, oddiy bo'ldi.",neutral
1530,"post sifati yana tushib ketgan, yoqmadi 💔",negative
1531,"shu hafta Toshkentga bordim, hamma narsa kayfiyatim ko'tarildi. ✨",positive
1532,"🥰 Yangi ilova ishga tushdi, hozircha hammasi yaxshi ishlayapti, kayfiyatim ko'tarildi.",positive
1533,"o'tgan oy Samarqandga bordim, hamma narsa zo'r bo'ldi. 😎",positive
1534,"kecha Toshkentda uchrashuv bo'lib o'tdi, men faqat qatnashdim, hech qanday o'zgarish sezilmadi.",neutral
1535,"😎 majlis juda samarali o'tdi, direktor tushuntirgan mavzu juda foydali bo'ldi, juda xursand bo'ldim.",positive
1536,"🙄 ertaga Buxoroda majlis bo'lib o'tdi, men faqat qatnashdim, shunchaki ma'lumot uchun.",neutral
1537,"✨ kelasi oy Namanganga bordim, hamma narsa mamnunman.",positive
1538,:) ❤️ 👍,positive
1539,yoqmadi 🤦‍♀️,negative
1540,"konferensiya juda samarali o'tdi, rahbar tushuntirgan mavzu juda foydali bo'ldi, kayfiyatim ko'tarildi. 😎 😊",positive
1541,"bugungi pul mavzusi zerikarli bo'ldi, hech nima tushunmadim 🤦‍♀️",negative
1542,"Instagramda yangi planshet haqida post ko'rdim, menga juda yoqdi, mamnunman.",positive
1543,"kecha Farg'onaga bordim, hamma narsa mamnunman.",positive
1544,"Yangi bank xizmati ishga tushdi, hozircha hammasi yaxshi ishlayapti, yoqib qoldi. 🤩",positive
1545,"📌 bugun dekan bilan qisqa suhbatlashdim, neytral qarayman.",neutral
1546,"kelasi oy Xivaga bordim, hamma narsa juda xursand bo'ldim.",positive
1547,"kofe sotib oldim, narxi arzon emas, lekin sifati uchun mamnunman. 👍 🥰",positive
1548,"noutbuk sotib oldim, narxi arzon emas, lekin sifati uchun mamnunman. 😊",positive
1549,"shu hafta do'stim bilan qisqa suhbatlashdim, oddatdagidek.",neutral
1550,"kommentlarda hammasi urush, pulga achindim 🤬",negative
1551,"imtihon juda samarali o'tdi, o'qituvchi tushuntirgan mavzu juda foydali bo'ldi, kayfiyatim ko'tarildi. ✨",positive
1552,aldashdi :-/,negative
1553,:-/ 🤦‍♂️,negative
1554,"telegram kanal bo'yicha pul mavzusi zo'r chiqibdi, bombaaa 😄",positive
1555,;) 😍,positive
1556,"Xivaga borish rejam buzildi, chiptalar bilan muammo bo'ldi, hafsalam pir bo'ldi.",negative
1557,"seminar juda samarali o'tdi, o'qituvchi tushuntirgan mavzu juda foydali bo'ldi, yoqib qoldi.",positive
1558,"do'stlar nimadir yozibdi, lekin men uchun ok ✍️",neutral
1559,✨ 🤩 😊 🔥,positive
1560,"shu hafta professor bilan qisqa suhbatlashdim, oddatdagidek. 📌 🤔",neutral
1561,chiqqan joyi yoqdi ✨,positive
1562,qattiq hafsalam pir bo'ldi 😠,negative
1563,"Instagramda planshet haqida e'lon ko'rdim, hozircha faqat ma'lumot yig'ayapman, shunchaki ma'lumot uchun. ℹ️ 📌",neutral
1564,"Yangi dastur ishga tushdi, hozircha hammasi yaxshi ishlayapti, hayratda qoldim. 🥰",positive
1565,"bugungi internet haqidagi siyosat videolari yoqdi, yaxshi ishlayapti",positive
1566,"Samarqanddagi sayohatim ajoyib o'tdi, xizmatlar hammasi darajasida, mamnunman. ✨ 😁",positive
1567,"telegram kanal bo'yicha musiqa postini ko'rdim, norm !?",neutral
1568,"internet xizmati bilan muammo chiqdi, qo'llab-quvvatlash xizmati javob bermadi, xafa bo'ldim. 💔",negative
1569,"bugun Toshkentda bo'lgan dars menga umuman yoqmadi, noroziman. 👎",negative
1570,"🤩 noutbuk sotib oldim, narxi arzon emas, lekin sifati uchun kayfiyatim ko'tarildi.",positive
1571,"internet xizmati bo'yicha yangilanish chiqdi, lekin hozircha neytral qarayman.",neutral
1572,"Telegramda planshet haqida e'lon ko'rdim, hozircha faqat ma'lumot yig'ayapman, oddatdagidek. 😐",neutral
1573,"do'stlar nimadir yozibdi, lekin men uchun shunchaki 😐",neutral
1574,"majlis juda samarali o'tdi, do'stim tushuntirgan mavzu juda foydali bo'ldi, mamnunman.",positive
1575,"majlis juda samarali o'tdi, o'qituvchi tushuntirgan mavzu juda foydali bo'ldi, zo'r bo'ldi. ✨",positive
1576,"Qo'qondagi sayohatim ajoyib o'tdi, xizmatlar hammasi darajasida, mamnunman. 😊",positive
1577,"mijozlarga xizmat ko'rsatish bo'yicha yangilanish chiqdi, lekin hozircha oddiy bo'ldi. 😐",neutral
1578,"💔 Samsung A55 sifati kutilganidek emas, juda sust ishlayapti, noroziman.",negative
1579,"ertaga Namanganga bordim, hamma narsa yoqib qoldi. 😊",positive
1580,"🥰 iPhone 15 sotib oldim, narxi arzon emas, lekin sifati uchun zo'r bo'ldi.",positive
1581,"😍 Instagramda yangi noutbuk haqida post ko'rdim, menga juda yoqdi, zo'r bo'ldi.",positive
1582,:-/ 🤬 💔,negative
1583,"Instagramda noutbuk haqida e'lon ko'rdim, hozircha faqat ma'lumot yig'ayapman, oddiy bo'ldi. 😐 🤔",neutral
1584,... 📌,neutral
1585,"😁 🥰 kelasi oy Toshkentga bordim, hamma narsa kayfiyatim ko'tarildi.",positive
1586,"😭 😔 Twitterdagi reklamalar juda asabga tegayapti, umuman yoqmadi.",negative
1587,"o'tgan oy Buxoroda majlis bo'lib o'tdi, men faqat qatnashdim, oddatdagidek. 🙄 😶",neutral
1588,"😁 ✨ Yangi internet xizmati ishga tushdi, hozircha hammasi yaxshi ishlayapti, hayratda qoldim.",positive
1589,"o'tgan oy Namanganda bo'lgan dars menga umuman yoqmadi, juda jahlim chiqdi. 💔 😡",negative
1590,"ertaga hamkasbim bilan qisqa suhbatlashdim, oddiy bo'ldi. 🤔 📌",neutral
1591,"😍 😍 kelasi oy Xivaga bordim, hamma narsa mamnunman.",positive
1592,"✨ uchrashuv juda samarali o'tdi, hamkasbim tushuntirgan mavzu juda foydali bo'ldi, zo'r bo'ldi.",positive
1593,"bugungi siyosat mavzusi zerikarli bo'ldi, bekor ekan 🤬",negative
1594,"bank xizmati bo'yicha yangilanish chiqdi, lekin hozircha shunchaki ma'lumot uchun. ℹ️",neutral
1595,<3 😍 <3,positive
1596,"👍 Qo'qondagi sayohatim ajoyib o'tdi, xizmatlar hammasi darajasida, mamnunman.",positive
1597,"opa umuman tushuntira olmadi, pulga achindim 🤦‍♂️",negative
1598,"🥰 Samarqanddagi sayohatim ajoyib o'tdi, xizmatlar hammasi darajasida, mamnunman.",positive
1599,"admin juda chiroyli tushuntiribdi, klass 👍",positive
1600,"odamlar umuman tushuntira olmadi, yoqmadi 🤬",negative
1601,"😔 Xivaga borish rejam buzildi, chiptalar bilan muammo bo'ldi, noroziman.",negative
1602,"🤩 noutbuk sotib oldim, narxi arzon emas, lekin sifati uchun juda xursand bo'ldim.",positive
1603,"planshet sifati kutilganidek emas, juda sust ishlayapti, hafsalam pir bo'ldi. 😠 😔",negative
1604,"bugungi dastur haqidagi kino videolari yoqdi, otliii 🔥",positive
1605,"iPhone 15 haqida fikrlar turlicha, hozircha neytral qarayman. 📌",neutral
1606,"ℹ️ Twitterda kofe haqida e'lon ko'rdim, hozircha faqat ma'lumot yig'ayapman, oddatdagidek.",neutral
1607,"yana shunaqa reklama chiqdi, charchatdi >:(",negative
1608,"o'qituvchi va'da qilgan ishini bajarmadi, natijadan hafsalam pir bo'ldi. 😞",negative
1609,"📌 Instagramda Samsung A55 haqida e'lon ko'rdim, hozircha faqat ma'lumot yig'ayapman, oddatdagidek.",neutral
1610,"ℹ️ 🤔 Facebookda planshet haqida e'lon ko'rdim, hozircha faqat ma'lumot yig'ayapman, oddatdagidek.",neutral
1611,"Facebookda planshet haqida e'lon ko'rdim, hozircha faqat ma'lumot yig'ayapman, hech qanday o'zgarish sezilmadi. 📌 😐",neutral
1612,"admin juda chiroyli tushuntiribdi, yaxshi ishlayapti 🔥",positive
1613,"o'tgan oy Namanganga bordim, hamma narsa juda xursand bo'ldim. ✨ 🥰",positive
1614,"servis bo'yicha futbol mavzusi zo'r chiqibdi, rahmat, zo'r ekan 👍",positive
1615,"🤩 Yangi internet xizmati ishga tushdi, hozircha hammasi yaxshi ishlayapti, juda xursand bo'ldim.",positive
1616,"👎 Instagramdagi reklamalar juda asabga tegayapti, xafa bo'ldim.",negative
1617,"Facebookda yangi Samsung A55 haqida post ko'rdim, menga juda yoqdi, juda xursand bo'ldim. 😄",positive
1618,"kelasi oy Toshkentga bordim, hamma narsa zo'r bo'ldi. 😄",positive
1619,"sayt bo'yicha texnika mavzusi zo'r chiqibdi, kontent yoqdi ❤️",positive
1620,"Yangi internet xizmati ishga tushdi, hozircha hammasi yaxshi ishlayapti, yoqib qoldi. 😍",positive
1621,"opa juda chiroyli tushuntiribdi, rosa yoqdi 😁",positive
1622,"Instagramda noutbuk haqida e'lon ko'rdim, hozircha faqat ma'lumot yig'ayapman, oddiy bo'ldi.",neutral
1623,"😍 Yangi internet xizmati ishga tushdi, hozircha hammasi yaxshi ishlayapti, hayratda qoldim.",positive
1624,"bugungi internet haqidagi talim videolari yoqdi, zor 🤩",positive
1625,"internet bo'yicha futbol mavzusi zo'r chiqibdi, zo'r 😍",positive
1626,"opa nimadir yozibdi, lekin men uchun info uchun",neutral
1627,"servis bo'yicha pul mavzusi zo'r chiqibdi, klass ❤️",positive
1628,"mijozlarga xizmat ko'rsatish bilan muammo chiqdi, qo'llab-quvvatlash xizmati javob bermadi, xafa bo'ldim. 😢",negative
1629,"bugun Qo'qonda konferensiya bo'lib o'tdi, men faqat qatnashdim, hech qanday o'zgarish sezilmadi. ℹ️ 😐",neutral
1630,"💔 Buxoroga borish rejam buzildi, chiptalar bilan muammo bo'ldi, afsuslandim.",negative
1631,"kecha Toshkentga bordim, hamma narsa hayratda qoldim. 😍",positive
1632,"do'stlar nimadir yozibdi, lekin men uchun norm ✍️",neutral
1633,"Xivadagi sayohatim ajoyib o'tdi, xizmatlar hammasi darajasida, juda xursand bo'ldim.",positive
1634,"ℹ️ kelasi oy Farg'onada seminar bo'lib o'tdi, men faqat qatnashdim, oddatdagidek.",neutral
1635,"professor va'da qilgan ishini bajarmadi, natijadan noroziman.",negative
1636,"😄 kofe sotib oldim, narxi arzon emas, lekin sifati uchun juda xursand bo'ldim.",positive
1637,"Telegramda yangi kofe haqida post ko'rdim, menga juda yoqdi, mamnunman. 😊",positive
1638,"Facebookda yangi kitob haqida post ko'rdim, menga juda yoqdi, kayfiyatim ko'tarildi.",positive
1639,prosta savol 😐,neutral
1640,hech nima tushunmadim 😡,negative
1641,"bugun Buxoroga bordim, hamma narsa zo'r bo'ldi. 👍",positive
1642,kommentlarni o'qib rostdan ham otliii,positive
1643,"o'tgan oy o'qituvchi bilan qisqa suhbatlashdim, hech qanday o'zgarish sezilmadi. 🙄",neutral
1644,:'( :'(,negative
1645,"ℹ️ aviachiptalar haqida fikrlar turlicha, hozircha oddatdagidek.",neutral
1646,"Instagramda yangi kitob haqida post ko'rdim, menga juda yoqdi, mamnunman. 🤩 😎",positive
1647,😶 😶 ℹ️,neutral
1648,kommentlarni o'qib rostdan ham yaxshi ishlayapti,positive
1649,"😍 planshet sotib oldim, narxi arzon emas, lekin sifati uchun hayratda qoldim.",positive
1650,"😍 dars juda samarali o'tdi, rahbar tushuntirgan mavzu juda foydali bo'ldi, juda xursand bo'ldim.",positive
1651,"kuryer xizmati bo'yicha yangilanish chiqdi, lekin hozircha neytral qarayman. 🙄",neutral
1652,🙄 :| 🤔,neutral
1653,servis noldan ham past 😭,negative
1654,"Twitterda yangi planshet haqida post ko'rdim, menga juda yoqdi, mamnunman. 😁",positive
1655,"kitob haqida fikrlar turlicha, hozircha neytral qarayman. 🤔",neutral
1656,"🙄 internet xizmati bo'yicha yangilanish chiqdi, lekin hozircha oddatdagidek.",neutral
1657,"kecha Farg'onada bo'lgan dars menga umuman yoqmadi, afsuslandim.",negative
1658,"Namangandagi sayohatim ajoyib o'tdi, xizmatlar hammasi darajasida, hayratda qoldim. ✨",positive
1659,"kecha Buxoroda dars bo'lib o'tdi, men faqat qatnashdim, oddiy bo'ldi. 😶 😐",neutral
1660,"😍 dars juda samarali o'tdi, o'qituvchi tushuntirgan mavzu juda foydali bo'ldi, zo'r bo'ldi.",positive
1661,"odamlar nimadir yozibdi, lekin men uchun bilmayman 😐",neutral
1662,bunday bo'lmasligi kerak edi =/,negative
1663,"kitob sotib oldim, narxi arzon emas, lekin sifati uchun mamnunman. ✨",positive
1664,"😊 🥰 Farg'onadagi sayohatim ajoyib o'tdi, xizmatlar hammasi darajasida, yoqib qoldi.",positive
1665,"😔 YouTubedagi reklamalar juda asabga tegayapti, hafsalam pir bo'ldi.",negative
1666,"kecha Farg'onada seminar bo'lib o'tdi, men faqat qatnashdim, oddiy bo'ldi. 🤔",neutral
1667,"😊 uchrashuv juda samarali o'tdi, direktor tushuntirgan mavzu juda foydali bo'ldi, yoqib qoldi.",positive
1668,"bugungi servis haqidagi kino videolari yoqdi, gap yo'q 😎",positive
1669,"Samarqand haqida yangilik o'qidim, shunchaki ma'lumot uchun. 🤔 😶",neutral
1670,"🥰 🥰 Namangandagi sayohatim ajoyib o'tdi, xizmatlar hammasi darajasida, kayfiyatim ko'tarildi.",positive
1671,"noutbuk sotib oldim, narxi arzon emas, lekin sifati uchun yoqib qoldi. 😄 😎",positive
1672,"👍 🥰 Yangi dastur ishga tushdi, hozircha hammasi yaxshi ishlayapti, yoqib qoldi.",positive
1673,"😡 😠 Samsung A55 sifati kutilganidek emas, juda sust ishlayapti, xafa bo'ldim.",negative
1674,"Farg'onadagi sayohatim ajoyib o'tdi, xizmatlar hammasi darajasida, zo'r bo'ldi. 😍 😎",positive
1675,"aviachiptalar haqida fikrlar turlicha, hozircha hech qanday o'zgarish sezilmadi. ℹ️",neutral
1676,"😊 kofe sotib oldim, narxi arzon emas, lekin sifati uchun mamnunman.",positive
1677,"mijozlarga xizmat ko'rsatish bilan muammo chiqdi, qo'llab-quvvatlash xizmati javob bermadi, juda jahlim chiqdi. 😢",negative
1678,"shu hafta do'stim bilan qisqa suhbatlashdim, neytral qarayman. 🙄",neutral
1679,"😊 kecha Toshkentga bordim, hamma narsa juda xursand bo'ldim.",positive
1680,"😄 ✨ Yangi internet xizmati ishga tushdi, hozircha hammasi yaxshi ishlayapti, juda xursand bo'ldim.",positive
1681,"ℹ️ 🙄 telefon operatori bo'yicha yangilanish chiqdi, lekin hozircha oddiy bo'ldi.",neutral
1682,"sayt sifati yana tushib ketgan, tavsiya etmayman 😭",negative
1683,"kelasi oy Andijonga bordim, hamma narsa kayfiyatim ko'tarildi.",positive
1684,"😐 📌 Samarqand haqida yangilik o'qidim, hech qanday o'zgarish sezilmadi.",neutral
1685,"konferensiya juda samarali o'tdi, dekan tushuntirgan mavzu juda foydali bo'ldi, zo'r bo'ldi.",positive
1686,"shu hafta Toshkentda imtihon bo'lib o'tdi, men faqat qatnashdim, neytral qarayman. ℹ️ 📌",neutral
1687,"Yangi mijozlarga xizmat ko'rsatish ishga tushdi, hozircha hammasi yaxshi ishlayapti, kayfiyatim ko'tarildi. 😊",positive
1688,"imtihon juda samarali o'tdi, professor tushuntirgan mavzu juda foydali bo'ldi, juda xursand bo'ldim.",positive
1689,"😶 o'tgan oy direktor bilan qisqa suhbatlashdim, oddatdagidek.",neutral
1690,"Yangi internet xizmati ishga tushdi, hozircha hammasi yaxshi ishlayapti, mamnunman. 😎 😁",positive
1691,"🥰 Yangi mijozlarga xizmat ko'rsatish ishga tushdi, hozircha hammasi yaxshi ishlayapti, zo'r bo'ldi.",positive
1692,"iPhone 15 sifati kutilganidek emas, juda sust ishlayapti, hafsalam pir bo'ldi. 🤬 😡",negative
1693,"telefon operatori bo'yicha yangilanish chiqdi, lekin hozircha oddiy bo'ldi.",neutral
1694,"👍 majlis juda samarali o'tdi, dekan tushuntirgan mavzu juda foydali bo'ldi, hayratda qoldim.",positive
1695,"😐 internet xizmati bo'yicha yangilanish chiqdi, lekin hozircha neytral qarayman.",neutral
1696,"Andijondagi sayohatim ajoyib o'tdi, xizmatlar hammasi darajasida, hayratda qoldim. 😊 ✨",positive
1697,"Farg'onaga borish rejam buzildi, chiptalar bilan muammo bo'ldi, umuman yoqmadi.",negative
1698,"Instagramda yangi kofe haqida post ko'rdim, menga juda yoqdi, zo'r bo'ldi. 😄",positive
1699,kontent yoqdi 🥰,positive
1700,"uchrashuv juda samarali o'tdi, professor tushuntirgan mavzu juda foydali bo'ldi, zo'r bo'ldi. 😊 😊",positive
1701,,
1702,"Twitterda yangi aviachiptalar haqida post ko'rdim, menga juda yoqdi, zo'r bo'ldi. 😊",positive
1703,?? :| 🙄,neutral
1704,"YouTubeda yangi aviachiptalar haqida post ko'rdim, menga juda yoqdi, mamnunman.",positive
1705,"telegram kanal bo'yicha kino postini ko'rdim, norm :|",neutral
1706,"Yangi dastur ishga tushdi, hozircha hammasi yaxshi ishlayapti, juda xursand bo'ldim.",positive
1707,:) ✨ 🔥,positive
1708,"😔 kelasi oy Qo'qonda bo'lgan seminar menga umuman yoqmadi, umuman yoqmadi.",negative
1709,"kelasi oy Farg'onada bo'lgan konferensiya menga umuman yoqmadi, afsuslandim.",negative
1710,"😶 aviachiptalar haqida fikrlar turlicha, hozircha shunchaki ma'lumot uchun.",neutral
1711,"o'qituvchi va'da qilgan ishini bajarmadi, natijadan xafa bo'ldim.",negative
1712,"o'qib qo'ydim xolos, bilmayman ✍️",neutral
1713,"Redmi Note 13 haqida fikrlar turlicha, hozircha hech qanday o'zgarish sezilmadi. 🙄",neutral
1714,"Instagramda yangi iPhone 15 haqida post ko'rdim, menga juda yoqdi, hayratda qoldim. 😊 ✨",positive
1715,"😐 😶 Facebookda kitob haqida e'lon ko'rdim, hozircha faqat ma'lumot yig'ayapman, hech qanday o'zgarish sezilmadi.",neutral
1716,"✨ 😁 Telegramda yangi kitob haqida post ko'rdim, menga juda yoqdi, zo'r bo'ldi.",positive
1717,😎 :D 😍,positive
1718,"Yangi bank xizmati ishga tushdi, hozircha hammasi yaxshi ishlayapti, kayfiyatim ko'tarildi.",positive
1719,"😐 ℹ️ shu hafta Xivada imtihon bo'lib o'tdi, men faqat qatnashdim, neytral qarayman.",neutral
1720,"telegram kanal sifati yana tushib ketgan, nogiron qilindi 🤦‍♂️",negative
1721,"aka juda chiroyli tushuntiribdi, menga yoqdi",positive
1722,"bugungi pul mavzusi zerikarli bo'ldi, nogiron qilindi 😭",negative
1723,"🤔 YouTubeda aviachiptalar haqida e'lon ko'rdim, hozircha faqat ma'lumot yig'ayapman, neytral qarayman.",neutral
1724,"😐 o'tgan oy dekan bilan qisqa suhbatlashdim, hech qanday o'zgarish sezilmadi.",neutral
1725,"😔 direktor va'da qilgan ishini bajarmadi, natijadan hafsalam pir bo'ldi.",negative
1726,"bank xizmati bilan muammo chiqdi, qo'llab-quvvatlash xizmati javob bermadi, umuman yoqmadi. 💔 😢",negative
1727,"👍 Instagramda yangi iPhone 15 haqida post ko'rdim, menga juda yoqdi, kayfiyatim ko'tarildi.",positive
1728,"😶 😐 o'tgan oy rahbar bilan qisqa suhbatlashdim, oddiy bo'ldi.",neutral
1729,"kommentlarni o'qib rostdan ham rahmat, zo'r ekan 🥰",positive
1730,"😍 YouTubeda yangi kofe haqida post ko'rdim, menga juda yoqdi, juda xursand bo'ldim.",positive
1731,tavsiya etmayman >:(,negative
1732,"🤩 seminar juda samarali o'tdi, o'qituvchi tushuntirgan mavzu juda foydali bo'ldi, zo'r bo'ldi.",positive
1733,"🤩 Twitterda yangi noutbuk haqida post ko'rdim, menga juda yoqdi, hayratda qoldim.",positive
1734,🤔 :|,neutral
1735,"internet bo'yicha futbol mavzusi zo'r chiqibdi, zo'r 🔥",positive
1736,"Facebookda yangi iPhone 15 haqida post ko'rdim, menga juda yoqdi, hayratda qoldim.",positive
1737,"👎 direktor va'da qilgan ishini bajarmadi, natijadan afsuslandim.",negative
1738,"🙄 bugun rahbar bilan qisqa suhbatlashdim, hech qanday o'zgarish sezilmadi.",neutral
1739,"noutbuk haqida fikrlar turlicha, hozircha shunchaki ma'lumot uchun.",neutral
1740,"✨ Telegramda yangi planshet haqida post ko'rdim, menga juda yoqdi, hayratda qoldim.",positive
1741,"bugun Samarqandda bo'lgan majlis menga umuman yoqmadi, afsuslandim.",negative
1742,"Yangi telefon operatori ishga tushdi, hozircha hammasi yaxshi ishlayapti, kayfiyatim ko'tarildi. 😊",positive
1743,"💔 😢 aviachiptalar sifati kutilganidek emas, juda sust ishlayapti, afsuslandim.",negative
1744,😡 =/ 😢 🤦‍♂️,negative
1745,"kommentlarda hammasi urush, umidsizlik :(",negative
1746,"ertaga Namanganga bordim, hamma narsa zo'r bo'ldi.",positive
1747,"shu hafta dekan bilan qisqa suhbatlashdim, oddiy bo'ldi. 📌",neutral
1748,"iPhone 15 haqida fikrlar turlicha, hozircha oddiy bo'ldi.",neutral
1749,"admin umuman tushuntira olmadi, zerikarli 😭",negative
1750,"hamma juda chiroyli tushuntiribdi, gap yo'q",positive
1751,"internet xizmati bilan muammo chiqdi, qo'llab-quvvatlash xizmati javob bermadi, xafa bo'ldim. 😠 😡",negative
1752,"instagram sahifa bo'yicha kommentlar mavzusi zo'r chiqibdi, kontent yoqdi 🥰",positive
1753,"video bo'yicha kommentlar postini ko'rdim, prosta savol !?",neutral
1754,"telefon operatori bilan muammo chiqdi, qo'llab-quvvatlash xizmati javob bermadi, noroziman. 😠",negative
1755,"video bo'yicha texnika mavzusi zo'r chiqibdi, top =)",positive
1756,"🤩 Qo'qondagi sayohatim ajoyib o'tdi, xizmatlar hammasi darajasida, zo'r bo'ldi.",positive
1757,shunchaki !?,neutral
1758,"konferensiya juda samarali o'tdi, o'qituvchi tushuntirgan mavzu juda foydali bo'ldi, yoqib qoldi.",positive
1759,"✨ Andijondagi sayohatim ajoyib o'tdi, xizmatlar hammasi darajasida, hayratda qoldim.",positive
1760,"🤔 Toshkent haqida yangilik o'qidim, shunchaki ma'lumot uchun.",neutral
1761,"o'tgan oy Andijonda majlis bo'lib o'tdi, men faqat qatnashdim, oddatdagidek.",neutral
1762,"Yangi kuryer xizmati ishga tushdi, hozircha hammasi yaxshi ishlayapti, yoqib qoldi.",positive
1763,"Facebookda yangi Redmi Note 13 haqida post ko'rdim, menga juda yoqdi, kayfiyatim ko'tarildi. 😁",positive
1764,"Telegramda yangi kofe haqida post ko'rdim, menga juda yoqdi, kayfiyatim ko'tarildi. 😍",positive
1765,"servis bo'yicha texnika mavzusi zo'r chiqibdi, chiqqan joyi yoqdi <3",positive
1766,"😁 Twitterda yangi aviachiptalar haqida post ko'rdim, menga juda yoqdi, zo'r bo'ldi.",positive
1767,"kecha Andijonda majlis bo'lib o'tdi, men faqat qatnashdim, oddiy bo'ldi.",neutral
1768,"Telegramda yangi planshet haqida post ko'rdim, menga juda yoqdi, mamnunman. 😎",positive
1769,"o'qib qo'ydim xolos, ko'rdim xolos 😐",neutral
1770,bekor ekan 🤦‍♂️,negative
1771,"Toshkentdagi sayohatim ajoyib o'tdi, xizmatlar hammasi darajasida, hayratda qoldim.",positive
1772,"noutbuk sotib oldim, narxi arzon emas, lekin sifati uchun mamnunman.",positive
1773,"Yangi kuryer xizmati ishga tushdi, hozircha hammasi yaxshi ishlayapti, yoqib qoldi. 😄",positive
1774,"😐 Buxoro haqida yangilik o'qidim, hech qanday o'zgarish sezilmadi.",neutral
1775,"imtihon juda samarali o'tdi, do'stim tushuntirgan mavzu juda foydali bo'ldi, mamnunman.",positive
1776,"😄 seminar juda samarali o'tdi, dekan tushuntirgan mavzu juda foydali bo'ldi, mamnunman.",positive
1777,"Samsung A55 sifati kutilganidek emas, juda sust ishlayapti, xafa bo'ldim. 😭",negative
1778,"📌 😐 planshet haqida fikrlar turlicha, hozircha shunchaki ma'lumot uchun.",neutral
1779,"😭 o'tgan oy Buxoroda bo'lgan imtihon menga umuman yoqmadi, hafsalam pir bo'ldi.",negative
1780,nogiron qilindi 😭,negative
1781,"bugun Namanganda bo'lgan uchrashuv menga umuman yoqmadi, noroziman. 😔 😢",negative
1782,"Telegramda yangi kofe haqida post ko'rdim, menga juda yoqdi, juda xursand bo'ldim. 🥰",positive
1783,"iPhone 15 sotib oldim, narxi arzon emas, lekin sifati uchun juda xursand bo'ldim. 😁 🥰",positive
1784,"Telegramda yangi kofe haqida post ko'rdim, menga juda yoqdi, zo'r bo'ldi.",positive
1785,"👍 kecha Qo'qonga bordim, hamma narsa hayratda qoldim.",positive
1786,shunchaki 🤔,neutral
1787,"kecha Xivaga bordim, hamma narsa zo'r bo'ldi. 🥰",positive
1788,"kecha do'stim bilan qisqa suhbatlashdim, oddiy bo'ldi.",neutral
1789,"bank xizmati bo'yicha yangilanish chiqdi, lekin hozircha shunchaki ma'lumot uchun. 📌",neutral
1790,"😍 😄 ertaga Xivaga bordim, hamma narsa juda xursand bo'ldim.",positive
1791,"kelasi oy Qo'qonda imtihon bo'lib o'tdi, men faqat qatnashdim, oddiy bo'ldi. 😶",neutral
1792,"🤩 🥰 ertaga Qo'qonga bordim, hamma narsa mamnunman.",positive
1793,"bank xizmati bilan muammo chiqdi, qo'llab-quvvatlash xizmati javob bermadi, noroziman. 😞 🤬",negative
1794,"telefon operatori bilan muammo chiqdi, qo'llab-quvvatlash xizmati javob bermadi, umuman yoqmadi. 😭",negative
1795,"o'tgan oy Farg'onada uchrashuv bo'lib o'tdi, men faqat qatnashdim, oddatdagidek.",neutral
1796,"Redmi Note 13 sotib oldim, narxi arzon emas, lekin sifati uchun mamnunman. 😊",positive
1797,"Redmi Note 13 sifati kutilganidek emas, juda sust ishlayapti, juda jahlim chiqdi. 🤬",negative
1798,"noutbuk haqida fikrlar turlicha, hozircha neytral qarayman. 📌",neutral
1799,"Samarqandga borish rejam buzildi, chiptalar bilan muammo bo'ldi, hafsalam pir bo'ldi. 😭 😠",negative
1800,"bugun Toshkentda bo'lgan seminar menga umuman yoqmadi, afsuslandim. 😭",negative
1801,"kecha Namanganda dars bo'lib o'tdi, men faqat qatnashdim, hech qanday o'zgarish sezilmadi.",neutral
1802,"ertaga professor bilan qisqa suhbatlashdim, oddiy bo'ldi.",neutral
1803,"kommentlarni o'qidim, ok ℹ️",neutral
1804,"Qo'qon haqida yangilik o'qidim, oddatdagidek. 😶",neutral
1805,"ertaga o'qituvchi bilan qisqa suhbatlashdim, oddatdagidek. 😶",neutral
1806,"😄 ertaga Qo'qonga bordim, hamma narsa hayratda qoldim.",positive
1807,"kelasi oy Namanganda imtihon bo'lib o'tdi, men faqat qatnashdim, oddiy bo'ldi. ℹ️",neutral
1808,"😁 aviachiptalar sotib oldim, narxi arzon emas, lekin sifati uchun mamnunman.",positive
1809,"bugun futbol bo'yicha faqat kuzatib turdim, info uchun",neutral
1810,"o'tgan oy Toshkentda imtihon bo'lib o'tdi, men faqat qatnashdim, neytral qarayman. 🙄",neutral
1811,"imtihon juda samarali o'tdi, direktor tushuntirgan mavzu juda foydali bo'ldi, zo'r bo'ldi. 😎 😄",positive
1812,"kuryer xizmati bilan muammo chiqdi, qo'llab-quvvatlash xizmati javob bermadi, afsuslandim. 🤬 😔",negative
1813,"Twitterda yangi planshet haqida post ko'rdim, menga juda yoqdi, juda xursand bo'ldim.",positive
1814,🤩 🤩 <3,positive
1815,bombaaa 😄,positive
1816,"Instagramda kofe haqida e'lon ko'rdim, hozircha faqat ma'lumot yig'ayapman, oddatdagidek. 😐",neutral
1817,😎 🥰 =),positive
1818,"ertaga Buxoroga bordim, hamma narsa zo'r bo'ldi. 🤩",positive
1819,>:( 🤦‍♀️ 😞 😢,negative
1820,"post bo'yicha kommentlar postini ko'rdim, info uchun 😶",neutral
1821,"bugun do'stim bilan qisqa suhbatlashdim, oddiy bo'ldi.",neutral
1822,"Xivadagi sayohatim ajoyib o'tdi, xizmatlar hammasi darajasida, hayratda qoldim. 😎",positive
1823,"🥰 Telegramda yangi noutbuk haqida post ko'rdim, menga juda yoqdi, yoqib qoldi.",positive
1824,"dastur sifati yana tushib ketgan, umidsizlik 😢",negative
1825,"kelasi oy Qo'qonda bo'lgan dars menga umuman yoqmadi, juda jahlim chiqdi.",negative
1826,"telefon operatori bilan muammo chiqdi, qo'llab-quvvatlash xizmati javob bermadi, hafsalam pir bo'ldi.",negative
1827,:'( 😔 =/,negative
1828,"Xiva haqida yangilik o'qidim, neytral qarayman. 😶 😶",neutral
1829,"Yangi internet xizmati ishga tushdi, hozircha hammasi yaxshi ishlayapti, kayfiyatim ko'tarildi. 😍",positive
1830,"😠 Samarqandga borish rejam buzildi, chiptalar bilan muammo bo'ldi, afsuslandim.",negative
1831,"uchrashuv juda samarali o'tdi, o'qituvchi tushuntirgan mavzu juda foydali bo'ldi, kayfiyatim ko'tarildi. 😎 😊",positive
1832,"Facebookda yangi Redmi Note 13 haqida post ko'rdim, menga juda yoqdi, yoqib qoldi.",positive
1833,"🤬 ertaga Toshkentda bo'lgan majlis menga umuman yoqmadi, umuman yoqmadi.",negative
1834,"kommentlarda hammasi urush, nogiron qilindi 😡",negative
1835,"🥰 😎 Andijondagi sayohatim ajoyib o'tdi, xizmatlar hammasi darajasida, mamnunman.",positive
1836,"o'qib qo'ydim xolos, norm",neutral
1837,"konferensiya juda samarali o'tdi, rahbar tushuntirgan mavzu juda foydali bo'ldi, hayratda qoldim. 🥰",positive
1838,"Yangi bank xizmati ishga tushdi, hozircha hammasi yaxshi ishlayapti, yoqib qoldi. 🤩 🤩",positive
1839,"admin umuman tushuntira olmadi, zerikarli 😢",negative
1840,"😍 o'tgan oy Samarqandga bordim, hamma narsa zo'r bo'ldi.",positive
1841,"hamma nimadir yozibdi, lekin men uchun prosta savol 📌",neutral
1842,"shu hafta Xivada seminar bo'lib o'tdi, men faqat qatnashdim, oddatdagidek. 🤔",neutral
1843,"Facebookda kitob haqida e'lon ko'rdim, hozircha faqat ma'lumot yig'ayapman, shunchaki ma'lumot uchun. ℹ️",neutral
1844,"internet xizmati bo'yicha yangilanish chiqdi, lekin hozircha shunchaki ma'lumot uchun. 🙄",neutral
1845,"😶 internet xizmati bo'yicha yangilanish chiqdi, lekin hozircha oddatdagidek.",neutral
1846,"do'stlar umuman tushuntira olmadi, servis noldan ham past",negative
1847,"Yangi ilova ishga tushdi, hozircha hammasi yaxshi ishlayapti, hayratda qoldim. 😎 👍",positive
1848,"Facebookda yangi planshet haqida post ko'rdim, menga juda yoqdi, yoqib qoldi. 😁 😊",positive
1849,"bugungi siyosat mavzusi zerikarli bo'ldi, nogiron qilindi",negative
1850,"shu hafta dekan bilan qisqa suhbatlashdim, neytral qarayman.",neutral
1851,"✨ majlis juda samarali o'tdi, dekan tushuntirgan mavzu juda foydali bo'ldi, mamnunman.",positive
1852,"😶 bugun dekan bilan qisqa suhbatlashdim, oddiy bo'ldi.",neutral
1853,"Namangandagi sayohatim ajoyib o'tdi, xizmatlar hammasi darajasida, juda xursand bo'ldim. 😎",positive
1854,"Yangi mijozlarga xizmat ko'rsatish ishga tushdi, hozircha hammasi yaxshi ishlayapti, juda xursand bo'ldim. ✨ 😊",positive
1855,"kelasi oy Xivada bo'lgan dars menga umuman yoqmadi, xafa bo'ldim. 😞",negative
1856,"😶 📌 ilova bo'yicha yangilanish chiqdi, lekin hozircha shunchaki ma'lumot uchun.",neutral
1857,"😐 bank xizmati bo'yicha yangilanish chiqdi, lekin hozircha oddatdagidek.",neutral
1858,"bugun talim bo'yicha faqat kuzatib turdim, prosta savol ℹ️",neutral
1859,"bloger juda chiroyli tushuntiribdi, kontent yoqdi ❤️",positive
1860,"Twitterda yangi Samsung A55 haqida post ko'rdim, menga juda yoqdi, mamnunman.",positive
1861,"kelasi oy Samarqandga bordim, hamma narsa hayratda qoldim. 😎",positive
1862,"o'tgan oy Buxoroda majlis bo'lib o'tdi, men faqat qatnashdim, oddiy bo'ldi.",neutral
1863,"😐 kecha Farg'onada uchrashuv bo'lib o'tdi, men faqat qatnashdim, oddiy bo'ldi.",neutral
1864,"o'tgan oy professor bilan qisqa suhbatlashdim, shunchaki ma'lumot uchun. 🙄",neutral
1865,🤩 <3,positive
1866,"🤩 dars juda samarali o'tdi, rahbar tushuntirgan mavzu juda foydali bo'ldi, juda xursand bo'ldim.",positive
1867,"😎 😍 seminar juda samarali o'tdi, do'stim tushuntirgan mavzu juda foydali bo'ldi, zo'r bo'ldi.",positive
1868,💔 >:( >:(,negative
1869,"bloger juda chiroyli tushuntiribdi, gap yo'q 😁",positive
1870,"Yangi dastur ishga tushdi, hozircha hammasi yaxshi ishlayapti, hayratda qoldim.",positive
1871,tavsiya etmayman :'(,negative
1872,"majlis juda samarali o'tdi, professor tushuntirgan mavzu juda foydali bo'ldi, hayratda qoldim. 😊",positive
1873,"uchrashuv juda samarali o'tdi, professor tushuntirgan mavzu juda foydali bo'ldi, kayfiyatim ko'tarildi.",positive
1874,"Instagramda iPhone 15 haqida e'lon ko'rdim, hozircha faqat ma'lumot yig'ayapman, hech qanday o'zgarish sezilmadi. 😶",neutral
1875,"ertaga Xivaga bordim, hamma narsa hayratda qoldim.",positive
1876,"😞 kitob sifati kutilganidek emas, juda sust ishlayapti, afsuslandim.",negative
1877,:'( 💔 👎,negative
1878,"🤔 🤔 Samarqand haqida yangilik o'qidim, shunchaki ma'lumot uchun.",neutral
1879,"👍 😊 konferensiya juda samarali o'tdi, direktor tushuntirgan mavzu juda foydali bo'ldi, juda xursand bo'ldim.",positive
1880,"😁 Yangi ilova ishga tushdi, hozircha hammasi yaxshi ishlayapti, yoqib qoldi.",positive
1881,"🤬 Andijonga borish rejam buzildi, chiptalar bilan muammo bo'ldi, afsuslandim.",negative
1882,"Samarqanddagi sayohatim ajoyib o'tdi, xizmatlar hammasi darajasida, yoqib qoldi. 😁 😍",positive
1883,"Qo'qonga borish rejam buzildi, chiptalar bilan muammo bo'ldi, afsuslandim. 😢",negative
1884,"video bo'yicha yangiliklar postini ko'rdim, norm 😐",neutral
1885,"kofe sifati kutilganidek emas, juda sust ishlayapti, noroziman.",negative
1886,"kommentlarda hammasi urush, juda yomon 💔",negative
1887,"😢 Andijonga borish rejam buzildi, chiptalar bilan muammo bo'ldi, xafa bo'ldim.",negative
1888,rosa yoqdi :),positive
1889,"😔 noutbuk sifati kutilganidek emas, juda sust ishlayapti, afsuslandim.",negative
1890,"😊 Yangi telefon operatori ishga tushdi, hozircha hammasi yaxshi ishlayapti, yoqib qoldi.",positive
1891,"😎 majlis juda samarali o'tdi, rahbar tushuntirgan mavzu juda foydali bo'ldi, hayratda qoldim.",positive
1892,"🙄 📌 Namangan haqida yangilik o'qidim, oddiy bo'ldi.",neutral
1893,"🙄 🙄 kecha o'qituvchi bilan qisqa suhbatlashdim, hech qanday o'zgarish sezilmadi.",neutral
1894,"shu hafta Buxoroga bordim, hamma narsa yoqib qoldi. ✨",positive
1895,🤩 🥰,positive
1896,"😐 Instagramda Redmi Note 13 haqida e'lon ko'rdim, hozircha faqat ma'lumot yig'ayapman, neytral qarayman.",neutral
1897,"internet sifati yana tushib ketgan, yoqmadi 😢",negative
1898,"kommentlarni o'qidim, norm 🙄",neutral
1899,"Samsung A55 sotib oldim, narxi arzon emas, lekin sifati uchun zo'r bo'ldi.",positive
1900,"opa juda chiroyli tushuntiribdi, yaxshi ishlayapti 🥰",positive
1901,"😊 planshet sotib oldim, narxi arzon emas, lekin sifati uchun zo'r bo'ldi.",positive
1902,"bugungi futbol mavzusi zerikarli bo'ldi, qattiq hafsalam pir bo'ldi 😠",negative
1903,"👍 😊 Instagramda yangi aviachiptalar haqida post ko'rdim, menga juda yoqdi, yoqib qoldi.",positive
1904,"🙄 Instagramda planshet haqida e'lon ko'rdim, hozircha faqat ma'lumot yig'ayapman, hech qanday o'zgarish sezilmadi.",neutral
1905,"🤬 😭 professor va'da qilgan ishini bajarmadi, natijadan juda jahlim chiqdi.",negative
1906,🤦‍♂️ >:(,negative
1907,"Samsung A55 sifati kutilganidek emas, juda sust ishlayapti, xafa bo'ldim. 💔 😭",negative
1908,"🙄 bank xizmati bo'yicha yangilanish chiqdi, lekin hozircha oddatdagidek.",neutral
1909,"😍 Qo'qondagi sayohatim ajoyib o'tdi, xizmatlar hammasi darajasida, kayfiyatim ko'tarildi.",positive
1910,"Farg'ona haqida yangilik o'qidim, oddatdagidek. 😶",neutral
1911,"🤔 ertaga professor bilan qisqa suhbatlashdim, oddatdagidek.",neutral
1912,;) 😁,positive
1913,"ertaga hamkasbim bilan qisqa suhbatlashdim, oddatdagidek. 😶",neutral
1914,"Namanganga borish rejam buzildi, chiptalar bilan muammo bo'ldi, noroziman. 😔 😡",negative
1915,"o'tgan oy Andijonga bordim, hamma narsa juda xursand bo'ldim.",positive
1916,"📌 😐 o'tgan oy Namanganda seminar bo'lib o'tdi, men faqat qatnashdim, oddatdagidek.",neutral
1917,bilmayman ...,neutral
1918,kommentlarni o'qib rostdan ham gap yo'q 🥰,positive
1919,kommentlarni o'qib rostdan ham super,positive
1920,"imtihon juda samarali o'tdi, o'qituvchi tushuntirgan mavzu juda foydali bo'ldi, yoqib qoldi.",positive
1921,"😍 Yangi ilova ishga tushdi, hozircha hammasi yaxshi ishlayapti, zo'r bo'ldi.",positive
1922,"oyin sifati yana tushib ketgan, bekor ketdi hamma narsasi 👎",negative
1923,"📌 Redmi Note 13 haqida fikrlar turlicha, hozircha shunchaki ma'lumot uchun.",neutral
1924,:| ℹ️,neutral
1925,"bloger umuman tushuntira olmadi, tavsiya etmayman 💔",negative
1926,klass <3,positive
1927,"shu hafta Xivaga bordim, hamma narsa zo'r bo'ldi. 😊",positive
1928,"😁 😊 Yangi kuryer xizmati ishga tushdi, hozircha hammasi yaxshi ishlayapti, juda xursand bo'ldim.",positive
1929,"💔 kelasi oy Toshkentda bo'lgan seminar menga umuman yoqmadi, noroziman.",negative
1930,"uchrashuv juda samarali o'tdi, professor tushuntirgan mavzu juda foydali bo'ldi, zo'r bo'ldi. 😄",positive
1931,fikir yo'q !?,neutral
1932,"opa nimadir yozibdi, lekin men uchun ko'rdim xolos ...",neutral
1933,>:( 🤦‍♂️ 👎,negative
1934,"😎 ✨ aviachiptalar sotib oldim, narxi arzon emas, lekin sifati uchun zo'r bo'ldi.",positive
1935,"Telegramda yangi kofe haqida post ko'rdim, menga juda yoqdi, zo'r bo'ldi. ✨",positive
1936,"o'tgan oy Buxoroga bordim, hamma narsa hayratda qoldim. 😎",positive
1937,"🙄 ℹ️ iPhone 15 haqida fikrlar turlicha, hozircha oddatdagidek.",neutral
1938,"😔 dekan va'da qilgan ishini bajarmadi, natijadan xafa bo'ldim.",negative
1939,"✨ imtihon juda samarali o'tdi, o'qituvchi tushuntirgan mavzu juda foydali bo'ldi, mamnunman.",positive
1940,"kelasi oy Andijonda bo'lgan imtihon menga umuman yoqmadi, afsuslandim.",negative
1941,"imtihon juda samarali o'tdi, direktor tushuntirgan mavzu juda foydali bo'ldi, hayratda qoldim.",positive
1942,"😎 Yangi ilova ishga tushdi, hozircha hammasi yaxshi ishlayapti, yoqib qoldi.",positive
1943,"bugun kino bo'yicha faqat kuzatib turdim, info uchun 😐",neutral
1944,"😶 🙄 noutbuk haqida fikrlar turlicha, hozircha hech qanday o'zgarish sezilmadi.",neutral
1945,ℹ️ ... !?,neutral
1946,top 😎,positive
1947,"kelasi oy Buxoroda majlis bo'lib o'tdi, men faqat qatnashdim, oddatdagidek.",neutral
1948,"admin nimadir yozibdi, lekin men uchun prosta savol 📌",neutral
1949,"bugungi siyosat mavzusi zerikarli bo'ldi, bekor ketdi hamma narsasi 💔",negative
1950,"😞 kelasi oy Namanganda bo'lgan konferensiya menga umuman yoqmadi, afsuslandim.",negative
1951,"🤔 kitob haqida fikrlar turlicha, hozircha hech qanday o'zgarish sezilmadi.",neutral
1952,"😡 rahbar va'da qilgan ishini bajarmadi, natijadan hafsalam pir bo'ldi.",negative
1953,bunaqa kontent ko'proq bo'lsa zo'r bo'lardi <3,positive
1954,kommentlarni o'qib rostdan ham rosa yoqdi :),positive
1955,"👍 Yangi dastur ishga tushdi, hozircha hammasi yaxshi ishlayapti, zo'r bo'ldi.",positive
1956,"o'tgan oy Xivada imtihon bo'lib o'tdi, men faqat qatnashdim, oddiy bo'ldi. 📌",neutral
1957,"YouTubeda Samsung A55 haqida e'lon ko'rdim, hozircha faqat ma'lumot yig'ayapman, oddiy bo'ldi.",neutral
1958,"ℹ️ Farg'ona haqida yangilik o'qidim, oddatdagidek.",neutral
1959,"ilova sifati yana tushib ketgan, umuman yoqmaydi 🤦‍♂️",negative
1960,"kelasi oy Namanganga bordim, hamma narsa juda xursand bo'ldim.",positive
1961,"🥰 Yangi internet xizmati ishga tushdi, hozircha hammasi yaxshi ishlayapti, mamnunman.",positive
1962,"odamlar umuman tushuntira olmadi, zerikarli 😭",negative
1963,"admin umuman tushuntira olmadi, pulga achindim",negative
1964,"Farg'ona haqida yangilik o'qidim, shunchaki ma'lumot uchun. 😶 ℹ️",neutral
1965,"o'tgan oy Xivada bo'lgan dars menga umuman yoqmadi, xafa bo'ldim. 😢",negative
1966,,
1967,"ertaga Farg'onada seminar bo'lib o'tdi, men faqat qatnashdim, oddiy bo'ldi.",neutral
1968,"Andijondagi sayohatim ajoyib o'tdi, xizmatlar hammasi darajasida, kayfiyatim ko'tarildi.",positive
1969,"😁 kelasi oy Andijonga bordim, hamma narsa kayfiyatim ko'tarildi.",positive
1970,"😄 🤩 Instagramda yangi planshet haqida post ko'rdim, menga juda yoqdi, mamnunman.",positive
1971,"o'tgan oy Samarqandda seminar bo'lib o'tdi, men faqat qatnashdim, oddatdagidek. ℹ️",neutral
1972,"ertaga Namanganda bo'lgan dars menga umuman yoqmadi, afsuslandim. 💔",negative
1973,"sayt bo'yicha yangiliklar postini ko'rdim, norm 🤔",neutral
1974,"Instagramda kofe haqida e'lon ko'rdim, hozircha faqat ma'lumot yig'ayapman, oddiy bo'ldi. 😐 ℹ️",neutral
1975,"planshet haqida fikrlar turlicha, hozircha shunchaki ma'lumot uchun.",neutral
1976,"bugungi instagram sahifa haqidagi kino videolari yoqdi, zor 🤩",positive
1977,"Toshkentga borish rejam buzildi, chiptalar bilan muammo bo'ldi, xafa bo'ldim.",negative
1978,"telefon operatori bo'yicha yangilanish chiqdi, lekin hozircha oddatdagidek. 🙄",neutral
1979,"kelasi oy Andijonga bordim, hamma narsa juda xursand bo'ldim. ✨ 😍",positive
1980,"majlis juda samarali o'tdi, hamkasbim tushuntirgan mavzu juda foydali bo'ldi, zo'r bo'ldi. 😎",positive
1981,"🙄 kecha Farg'onada konferensiya bo'lib o'tdi, men faqat qatnashdim, oddiy bo'ldi.",neutral
1982,"bugun blog bo'yicha faqat kuzatib turdim, fikir yo'q",neutral
1983,"ilova bo'yicha yangilanish chiqdi, lekin hozircha shunchaki ma'lumot uchun. 🙄",neutral
1984,"YouTubedagi reklamalar juda asabga tegayapti, juda jahlim chiqdi.",negative
1985,"telegram kanal bo'yicha talim mavzusi zo'r chiqibdi, top 🥰",positive
1986,"Toshkentdagi sayohatim ajoyib o'tdi, xizmatlar hammasi darajasida, juda xursand bo'ldim.",positive
1987,"😁 😊 Buxorodagi sayohatim ajoyib o'tdi, xizmatlar hammasi darajasida, zo'r bo'ldi.",positive
1988,"dastur bo'yicha yangilanish chiqdi, lekin hozircha hech qanday o'zgarish sezilmadi. 😶",neutral
1989,"ℹ️ Telegramda Redmi Note 13 haqida e'lon ko'rdim, hozircha faqat ma'lumot yig'ayapman, hech qanday o'zgarish sezilmadi.",neutral
1990,"😔 Namanganga borish rejam buzildi, chiptalar bilan muammo bo'ldi, juda jahlim chiqdi.",negative
1991,"😎 😄 Yangi ilova ishga tushdi, hozircha hammasi yaxshi ishlayapti, juda xursand bo'ldim.",positive
1992,"instagram sahifa sifati yana tushib ketgan, tavsiya etmayman 😡",negative
1993,"👍 Telegramda yangi noutbuk haqida post ko'rdim, menga juda yoqdi, juda xursand bo'ldim.",positive
1994,"😡 Qo'qonga borish rejam buzildi, chiptalar bilan muammo bo'ldi, umuman yoqmadi.",negative
1995,?? ... !?,neutral
1996,"Instagramda yangi planshet haqida post ko'rdim, menga juda yoqdi, yoqib qoldi. 🥰",positive
1997,"ℹ️ internet xizmati bo'yicha yangilanish chiqdi, lekin hozircha shunchaki ma'lumot uchun.",neutral
1998,"YouTubeda yangi Samsung A55 haqida post ko'rdim, menga juda yoqdi, juda xursand bo'ldim. 😁 😎",positive
1999,"bugungi oyin haqidagi musiqa videolari yoqdi, rahmat, zo'r ekan 👍",positive
2000,"🤬 direktor va'da qilgan ishini bajarmadi, natijadan afsuslandim.",negative
2001,ok ??,neutral
2002,"kecha Toshkentda seminar bo'lib o'tdi, men faqat qatnashdim, oddatdagidek.",neutral
2003,"🥰 😎 Yangi bank xizmati ishga tushdi, hozircha hammasi yaxshi ishlayapti, yoqib qoldi.",positive
2004,"✨ 😎 Yangi mijozlarga xizmat ko'rsatish ishga tushdi, hozircha hammasi yaxshi ishlayapti, yoqib qoldi.",positive
2005,,
2006,kommentlarni o'qib rostdan ham otliii 🔥,positive
2007,kontent yoqdi 🤩,positive
2008,"🤩 Telegramda yangi aviachiptalar haqida post ko'rdim, menga juda yoqdi, kayfiyatim ko'tarildi.",positive
2009,😡 😠 😡 :-/,negative
2010,"Telegramda aviachiptalar haqida e'lon ko'rdim, hozircha faqat ma'lumot yig'ayapman, oddatdagidek. 😶 🙄",neutral
2011,😊 😊,positive
2012,"rahmat, zo'r ekan 👍",positive
2013,"ertaga Samarqandga bordim, hamma narsa mamnunman.",positive
2014,"uchrashuv juda samarali o'tdi, professor tushuntirgan mavzu juda foydali bo'ldi, hayratda qoldim.",positive
2015,"konferensiya juda samarali o'tdi, dekan tushuntirgan mavzu juda foydali bo'ldi, zo'r bo'ldi. 🤩",positive
2016,👍 <3 <3 <3,positive
2017,"bugun blog bo'yicha faqat kuzatib turdim, shunchaki 📌",neutral
2018,"dars juda samarali o'tdi, o'qituvchi tushuntirgan mavzu juda foydali bo'ldi, mamnunman. 😊",positive
2019,"bugun Buxoroda majlis bo'lib o'tdi, men faqat qatnashdim, hech qanday o'zgarish sezilmadi. 🤔 ℹ️",neutral
2020,"yana shunaqa reklama chiqdi, charchatdi :-/",negative
2021,"kommentlarda hammasi urush, bunday bo'lmasligi kerak edi",negative
2022,"😶 ℹ️ ilova bo'yicha yangilanish chiqdi, lekin hozircha oddatdagidek.",neutral
2023,"o'qib qo'ydim xolos, norm 📌",neutral
2024,"🤔 kitob haqida fikrlar turlicha, hozircha neytral qarayman.",neutral
2025,"Farg'onadagi sayohatim ajoyib o'tdi, xizmatlar hammasi darajasida, zo'r bo'ldi. 😎",positive
2026,"😄 majlis juda samarali o'tdi, do'stim tushuntirgan mavzu juda foydali bo'ldi, juda xursand bo'ldim.",positive
2027,"🙄 internet xizmati bo'yicha yangilanish chiqdi, lekin hozircha hech qanday o'zgarish sezilmadi.",neutral
2028,"Telegramda yangi kofe haqida post ko'rdim, menga juda yoqdi, yoqib qoldi.",positive
2029,"kecha do'stim bilan qisqa suhbatlashdim, oddatdagidek. 🤔",neutral
2030,"sayt bo'yicha talim postini ko'rdim, kulib qo'ydim xolos ℹ️",neutral
2031,"bugun blog bo'yicha faqat kuzatib turdim, norm",neutral
2032,!? ℹ️ ℹ️,neutral
2033,"kitob sotib oldim, narxi arzon emas, lekin sifati uchun yoqib qoldi. 😁",positive
2034,"😎 majlis juda samarali o'tdi, direktor tushuntirgan mavzu juda foydali bo'ldi, yoqib qoldi.",positive
2035,😢 =/,negative
2036,"bugun o'qituvchi bilan qisqa suhbatlashdim, shunchaki ma'lumot uchun. 😐",neutral
2037,"Qo'qondagi sayohatim ajoyib o'tdi, xizmatlar hammasi darajasida, yoqib qoldi.",positive
2038,"😶 kelasi oy Samarqandda imtihon bo'lib o'tdi, men faqat qatnashdim, neytral qarayman.",neutral
2039,"kelasi oy Toshkentga bordim, hamma narsa zo'r bo'ldi.",positive
2040,"bugun Toshkentda bo'lgan uchrashuv menga umuman yoqmadi, xafa bo'ldim.",negative
2041,"Redmi Note 13 sifati kutilganidek emas, juda sust ishlayapti, noroziman.",negative
2042,"👍 Facebookda yangi Samsung A55 haqida post ko'rdim, menga juda yoqdi, juda xursand bo'ldim.",positive
2043,"Instagramda iPhone 15 haqida e'lon ko'rdim, hozircha faqat ma'lumot yig'ayapman, hech qanday o'zgarish sezilmadi.",neutral
2044,"kommentlarda hammasi urush, umuman yoqmaydi 😞",negative
2045,"bugun Toshkentda uchrashuv bo'lib o'tdi, men faqat qatnashdim, oddiy bo'ldi.",neutral
2046,"✨ kelasi oy Qo'qonga bordim, hamma narsa yoqib qoldi.",positive
2047,"✨ Farg'onadagi sayohatim ajoyib o'tdi, xizmatlar hammasi darajasida, mamnunman.",positive
2048,"YouTubeda kitob haqida e'lon ko'rdim, hozircha faqat ma'lumot yig'ayapman, oddatdagidek. ℹ️",neutral
2049,"Twitterda aviachiptalar haqida e'lon ko'rdim, hozircha faqat ma'lumot yig'ayapman, shunchaki ma'lumot uchun.",neutral
2050,top ;),positive
2051,zor 🥰,positive
2052,bombaaa 🤩,positive
2053,"aka nimadir yozibdi, lekin men uchun hech narsa o'zgarmadi ✍️",neutral
2054,"😎 ertaga Namanganga bordim, hamma narsa juda xursand bo'ldim.",positive
2055,fikir yo'q 😶,neutral
2056,"bugun Toshkentga bordim, hamma narsa zo'r bo'ldi.",positive
2057,"kommentlarni o'qidim, norm ℹ️",neutral
2058,"sayt bo'yicha yangiliklar mavzusi zo'r chiqibdi, rahmat, zo'r ekan 😁",positive
2059,"🥰 😄 Yangi bank xizmati ishga tushdi, hozircha hammasi yaxshi ishlayapti, yoqib qoldi.",positive
2060,"admin juda chiroyli tushuntiribdi, bombaaa 😎",positive
2061,"🥰 🤩 Yangi bank xizmati ishga tushdi, hozircha hammasi yaxshi ishlayapti, yoqib qoldi.",positive
2062,umidsizlik 🤦‍♀️,negative
2063,"🤬 YouTubedagi reklamalar juda asabga tegayapti, hafsalam pir bo'ldi.",negative
2064,"Twitterda yangi kitob haqida post ko'rdim, menga juda yoqdi, zo'r bo'ldi. 😍 👍",positive
2065,"kommentlarni o'qidim, hech narsa o'zgarmadi ??",neutral
2066,"kecha Xivada bo'lgan imtihon menga umuman yoqmadi, hafsalam pir bo'ldi.",negative
2067,"😡 kitob sifati kutilganidek emas, juda sust ishlayapti, afsuslandim.",negative
2068,"o'qib qo'ydim xolos, ko'rdim xolos ...",neutral
2069,"bugungi telegram kanal haqidagi pul videolari yoqdi, zo'r ❤️",positive
2070,"telegram kanal bo'yicha texnika mavzusi zo'r chiqibdi, menga yoqdi 😊",positive
2071,zerikarli 🤦‍♂️,negative
2072,bunaqa kontent ko'proq bo'lsa zo'r bo'lardi ✨,positive
2073,"instagram sahifa sifati yana tushib ketgan, bekor ketdi hamma narsasi 🤦‍♀️",negative
2074,"majlis juda samarali o'tdi, hamkasbim tushuntirgan mavzu juda foydali bo'ldi, juda xursand bo'ldim.",positive
2075,"iPhone 15 sotib oldim, narxi arzon emas, lekin sifati uchun zo'r bo'ldi. 😁 😎",positive
2076,"Andijon haqida yangilik o'qidim, oddiy bo'ldi.",neutral
2077,,
2078,"bugun o'qituvchi bilan qisqa suhbatlashdim, oddatdagidek. ℹ️ ℹ️",neutral
2079,"👍 aviachiptalar sotib oldim, narxi arzon emas, lekin sifati uchun mamnunman.",positive
2080,"😊 👍 planshet sotib oldim, narxi arzon emas, lekin sifati uchun zo'r bo'ldi.",positive
2081,"odamlar umuman tushuntira olmadi, juda yomon 😞",negative
2082,umidsizlik 🤦‍♂️,negative
2083,"😐 kelasi oy hamkasbim bilan qisqa suhbatlashdim, neytral qarayman.",neutral
2084,"Farg'ona haqida yangilik o'qidim, oddatdagidek.",neutral
2085,"✨ majlis juda samarali o'tdi, rahbar tushuntirgan mavzu juda foydali bo'ldi, hayratda qoldim.",positive
2086,"odamlar umuman tushuntira olmadi, tavsiya etmayman 💔",negative
2087,<3 ✨,positive
2088,"🤔 kofe haqida fikrlar turlicha, hozircha hech qanday o'zgarish sezilmadi.",neutral
2089,😎 👍 😍 😁,positive
2090,"Samarqanddagi sayohatim ajoyib o'tdi, xizmatlar hammasi darajasida, zo'r bo'ldi. 👍",positive
2091,"dastur bo'yicha yangilanish chiqdi, lekin hozircha oddatdagidek. ℹ️",neutral
2092,"o'tgan oy professor bilan qisqa suhbatlashdim, neytral qarayman. ℹ️",neutral
2093,!? ℹ️ 😐,neutral
2094,"Toshkent haqida yangilik o'qidim, shunchaki ma'lumot uchun. 🙄 📌",neutral
2095,"😐 kitob haqida fikrlar turlicha, hozircha oddiy bo'ldi.",neutral
2096,"😍 👍 Instagramda yangi kitob haqida post ko'rdim, menga juda yoqdi, mamnunman.",positive
2097,"🤬 😭 Toshkentga borish rejam buzildi, chiptalar bilan muammo bo'ldi, xafa bo'ldim.",negative
2098,menga yoqdi =),positive
2099,"instagram sahifa bo'yicha kommentlar mavzusi zo'r chiqibdi, top",positive
2100,"📌 bugun hamkasbim bilan qisqa suhbatlashdim, neytral qarayman.",neutral
2101,"bugun Toshkentga bordim, hamma narsa kayfiyatim ko'tarildi.",positive
2102,🔥 👍,positive
2103,kommentlarni o'qib rostdan ham chiqqan joyi yoqdi 👍,positive
2104,"dastur bilan muammo chiqdi, qo'llab-quvvatlash xizmati javob bermadi, hafsalam pir bo'ldi. 😔",negative
2105,"o'tgan oy Farg'onaga bordim, hamma narsa mamnunman. 🥰",positive
2106,"dars juda samarali o'tdi, hamkasbim tushuntirgan mavzu juda foydali bo'ldi, hayratda qoldim.",positive
2107,rosa yoqdi ✨,positive
2108,"imtihon juda samarali o'tdi, o'qituvchi tushuntirgan mavzu juda foydali bo'ldi, zo'r bo'ldi.",positive
2109,"👍 🥰 iPhone 15 sotib oldim, narxi arzon emas, lekin sifati uchun kayfiyatim ko'tarildi.",positive
2110,"shu hafta dekan bilan qisqa suhbatlashdim, oddiy bo'ldi. ℹ️",neutral
2111,"aviachiptalar sotib oldim, narxi arzon emas, lekin sifati uchun juda xursand bo'ldim.",positive
2112,"🤔 dastur bo'yicha yangilanish chiqdi, lekin hozircha shunchaki ma'lumot uchun.",neutral
2113,tavsiya etmayman 😞,negative
2114,"oyin bo'yicha blog mavzusi zo'r chiqibdi, bombaaa 🥰",positive
2115,"🤩 😍 Toshkentdagi sayohatim ajoyib o'tdi, xizmatlar hammasi darajasida, juda xursand bo'ldim.",positive
2116,super :),positive
2117,yaxshi ishlayapti ;),positive
2118,"shu hafta Xivada uchrashuv bo'lib o'tdi, men faqat qatnashdim, oddiy bo'ldi. 😶",neutral
2119,"YouTubeda yangi noutbuk haqida post ko'rdim, menga juda yoqdi, hayratda qoldim. 😁",positive
2120,"yana shunaqa reklama chiqdi, charchatdi 🤬",negative
2121,"🥰 Yangi dastur ishga tushdi, hozircha hammasi yaxshi ishlayapti, mamnunman.",positive
2122,"🤔 o'tgan oy hamkasbim bilan qisqa suhbatlashdim, neytral qarayman.",neutral
2123,"kelasi oy professor bilan qisqa suhbatlashdim, hech qanday o'zgarish sezilmadi. ℹ️",neutral
2124,"bugun talim bo'yicha faqat kuzatib turdim, hech narsa o'zgarmadi 🤔",neutral
2125,"o'qib qo'ydim xolos, fikir yo'q 🙄",neutral
2126,"telefon operatori bilan muammo chiqdi, qo'llab-quvvatlash xizmati javob bermadi, hafsalam pir bo'ldi. 😭",negative
2127,"Instagramdagi reklamalar juda asabga tegayapti, umuman yoqmadi. 😞 💔",negative
2128,"video bo'yicha futbol mavzusi zo'r chiqibdi, zor 😎",positive
2129,"ilova bo'yicha yangilanish chiqdi, lekin hozircha shunchaki ma'lumot uchun. 😐 🙄",neutral
2130,"telegram kanal bo'yicha talim mavzusi zo'r chiqibdi, chiqqan joyi yoqdi",positive
2131,"Redmi Note 13 haqida fikrlar turlicha, hozircha oddiy bo'ldi.",neutral
2132,tavsiya etmayman 😭,negative
2133,"Farg'onaga borish rejam buzildi, chiptalar bilan muammo bo'ldi, juda jahlim chiqdi.",negative
2134,🙄 ?? !?,neutral
2135,"Andijonga borish rejam buzildi, chiptalar bilan muammo bo'ldi, hafsalam pir bo'ldi.",negative
2136,"bloger umuman tushuntira olmadi, yoqmadi 🤦‍♀️",negative
2137,"internet sifati yana tushib ketgan, nogiron qilindi 😔",negative
2138,"o'tgan oy dekan bilan qisqa suhbatlashdim, oddiy bo'ldi.",neutral
2139,"Farg'ona haqida yangilik o'qidim, shunchaki ma'lumot uchun.",neutral
2140,"Samsung A55 sotib oldim, narxi arzon emas, lekin sifati uchun yoqib qoldi. 😍 ✨",positive
2141,"kelasi oy Xivaga bordim, hamma narsa kayfiyatim ko'tarildi.",positive
2142,"😢 kecha Samarqandda bo'lgan uchrashuv menga umuman yoqmadi, umuman yoqmadi.",negative
2143,"🤔 ertaga Qo'qonda majlis bo'lib o'tdi, men faqat qatnashdim, oddiy bo'ldi.",neutral
2144,"majlis juda samarali o'tdi, o'qituvchi tushuntirgan mavzu juda foydali bo'ldi, juda xursand bo'ldim. ✨ 😍",positive
2145,"Qo'qon haqida yangilik o'qidim, oddiy bo'ldi. 🙄 🤔",neutral
2146,"kelasi oy Buxoroda dars bo'lib o'tdi, men faqat qatnashdim, oddiy bo'ldi.",neutral
2147,"😍 😍 Twitterda yangi noutbuk haqida post ko'rdim, menga juda yoqdi, mamnunman.",positive
2148,"Toshkentdagi sayohatim ajoyib o'tdi, xizmatlar hammasi darajasida, kayfiyatim ko'tarildi. 🤩",positive
2149,"direktor va'da qilgan ishini bajarmadi, natijadan juda jahlim chiqdi. 😠",negative
2150,"Facebookda yangi Samsung A55 haqida post ko'rdim, menga juda yoqdi, juda xursand bo'ldim. 🤩 😊",positive
2151,kommentlarni o'qib rostdan ham chiqqan joyi yoqdi 😍,positive
2152,"Telegramda aviachiptalar haqida e'lon ko'rdim, hozircha faqat ma'lumot yig'ayapman, oddiy bo'ldi.",neutral
2153,"Instagramda yangi iPhone 15 haqida post ko'rdim, menga juda yoqdi, zo'r bo'ldi. ✨",positive
2154,"kecha Andijonga bordim, hamma narsa zo'r bo'ldi.",positive
2155,"📌 Andijon haqida yangilik o'qidim, neytral qarayman.",neutral
2156,"kecha Samarqandga bordim, hamma narsa yoqib qoldi.",positive
2157,"uchrashuv juda samarali o'tdi, hamkasbim tushuntirgan mavzu juda foydali bo'ldi, yoqib qoldi.",positive
2158,!? 📌 :|,neutral
2159,"internet xizmati bilan muammo chiqdi, qo'llab-quvvatlash xizmati javob bermadi, umuman yoqmadi. 😢 😢",negative
2160,"YouTubeda yangi noutbuk haqida post ko'rdim, menga juda yoqdi, mamnunman. 😎",positive
2161,"🤩 😁 Toshkentdagi sayohatim ajoyib o'tdi, xizmatlar hammasi darajasida, yoqib qoldi.",positive
2162,<3 🔥,positive
2163,"hamma juda chiroyli tushuntiribdi, rosa yoqdi :D",positive
2164,"Facebookda iPhone 15 haqida e'lon ko'rdim, hozircha faqat ma'lumot yig'ayapman, hech qanday o'zgarish sezilmadi. 🤔",neutral
2165,"🤩 imtihon juda samarali o'tdi, dekan tushuntirgan mavzu juda foydali bo'ldi, zo'r bo'ldi.",positive
2166,"Andijon haqida yangilik o'qidim, neytral qarayman. 📌",neutral
2167,"folloverlar juda chiroyli tushuntiribdi, bombaaa ❤️",positive
2168,"dastur bo'yicha siyosat postini ko'rdim, hech narsa o'zgarmadi 📌",neutral
2169,"dars juda samarali o'tdi, dekan tushuntirgan mavzu juda foydali bo'ldi, mamnunman. ✨ 😁",positive
2170,"Buxorodagi sayohatim ajoyib o'tdi, xizmatlar hammasi darajasida, zo'r bo'ldi. ✨",positive
2171,"majlis juda samarali o'tdi, hamkasbim tushuntirgan mavzu juda foydali bo'ldi, kayfiyatim ko'tarildi. 😄",positive
2172,"Samarqanddagi sayohatim ajoyib o'tdi, xizmatlar hammasi darajasida, hayratda qoldim. ✨ 😄",positive
2173,"Yangi ilova ishga tushdi, hozircha hammasi yaxshi ishlayapti, yoqib qoldi. 😁 😁",positive
2174,"internet bo'yicha pul mavzusi zo'r chiqibdi, top 🔥",positive
2175,"🙄 😶 kitob haqida fikrlar turlicha, hozircha neytral qarayman.",neutral
2176,👎,negative
2177,"aviachiptalar sotib oldim, narxi arzon emas, lekin sifati uchun zo'r bo'ldi. ✨",positive
2178,"majlis juda samarali o'tdi, do'stim tushuntirgan mavzu juda foydali bo'ldi, hayratda qoldim. 😊",positive
2179,"😊 Namangandagi sayohatim ajoyib o'tdi, xizmatlar hammasi darajasida, juda xursand bo'ldim.",positive
2180,"Toshkentdagi sayohatim ajoyib o'tdi, xizmatlar hammasi darajasida, juda xursand bo'ldim. 🥰",positive
2181,"😄 ertaga Qo'qonga bordim, hamma narsa mamnunman.",positive
2182,"😐 Instagramda aviachiptalar haqida e'lon ko'rdim, hozircha faqat ma'lumot yig'ayapman, neytral qarayman.",neutral
2183,"shu hafta direktor bilan qisqa suhbatlashdim, hech qanday o'zgarish sezilmadi. 🙄 😶",neutral
2184,"shu hafta Namanganga bordim, hamma narsa zo'r bo'ldi. 😍",positive
2185,"dars juda samarali o'tdi, do'stim tushuntirgan mavzu juda foydali bo'ldi, juda xursand bo'ldim.",positive
2186,"dastur bo'yicha yangilanish chiqdi, lekin hozircha oddiy bo'ldi. 🤔",neutral
2187,"Namangan haqida yangilik o'qidim, neytral qarayman.",neutral
2188,"😶 YouTubeda planshet haqida e'lon ko'rdim, hozircha faqat ma'lumot yig'ayapman, shunchaki ma'lumot uchun.",neutral
2189,"kofe sotib oldim, narxi arzon emas, lekin sifati uchun zo'r bo'ldi. ✨",positive
2190,"👎 😭 rahbar va'da qilgan ishini bajarmadi, natijadan hafsalam pir bo'ldi.",negative
2191,"👍 kecha Samarqandga bordim, hamma narsa kayfiyatim ko'tarildi.",positive
2192,"Yangi mijozlarga xizmat ko'rsatish ishga tushdi, hozircha hammasi yaxshi ishlayapti, mamnunman. 👍 😍",positive
2193,"kecha Xivada dars bo'lib o'tdi, men faqat qatnashdim, hech qanday o'zgarish sezilmadi. 🤔",neutral
2194,"o'tgan oy Andijonda seminar bo'lib o'tdi, men faqat qatnashdim, neytral qarayman. 😐 🙄",neutral
2195,"Facebookda iPhone 15 haqida e'lon ko'rdim, hozircha faqat ma'lumot yig'ayapman, neytral qarayman.",neutral
2196,🤦‍♀️ 🤦‍♂️ :'( 🤦‍♂️,negative
2197,"post bo'yicha futbol mavzusi zo'r chiqibdi, rosa yoqdi",positive
2198,kommentlarni o'qib rostdan ham klass 😎,positive
2199,"hamma nimadir yozibdi, lekin men uchun info uchun 📌",neutral
2200,"admin umuman tushuntira olmadi, pulga achindim 😞",negative
2201,"kuryer xizmati bilan muammo chiqdi, qo'llab-quvvatlash xizmati javob bermadi, afsuslandim.",negative
2202,"konferensiya juda samarali o'tdi, hamkasbim tushuntirgan mavzu juda foydali bo'ldi, juda xursand bo'ldim. 🤩",positive
2203,"😍 Buxorodagi sayohatim ajoyib o'tdi, xizmatlar hammasi darajasida, hayratda qoldim.",positive
2204,"🤩 Yangi ilova ishga tushdi, hozircha hammasi yaxshi ishlayapti, juda xursand bo'ldim.",positive
2205,"aka umuman tushuntira olmadi, pulga achindim 😢",negative
2206,"😊 dars juda samarali o'tdi, o'qituvchi tushuntirgan mavzu juda foydali bo'ldi, yoqib qoldi.",positive
2207,"bugun texnika bo'yicha faqat kuzatib turdim, shunchaki 😐",neutral
2208,"Instagramda yangi aviachiptalar haqida post ko'rdim, menga juda yoqdi, mamnunman. 🤩 😄",positive
2209,... 🙄,neutral
2210,"kommentlarda hammasi urush, aldashdi >:(",negative
2211,"🥰 Yangi telefon operatori ishga tushdi, hozircha hammasi yaxshi ishlayapti, zo'r bo'ldi.",positive
2212,"😶 kofe haqida fikrlar turlicha, hozircha hech qanday o'zgarish sezilmadi.",neutral
2213,"kelasi oy Qo'qonga bordim, hamma narsa mamnunman. 😍 🤩",positive
2214,"o'tgan oy Buxoroga bordim, hamma narsa juda xursand bo'ldim. 😊 👍",positive
2215,"Facebookda iPhone 15 haqida e'lon ko'rdim, hozircha faqat ma'lumot yig'ayapman, shunchaki ma'lumot uchun.",neutral
2216,"do'stlar juda chiroyli tushuntiribdi, otliii",positive
2217,"Yangi kuryer xizmati ishga tushdi, hozircha hammasi yaxshi ishlayapti, kayfiyatim ko'tarildi.",positive
2218,:( :(,negative
2219,kommentlarni o'qib rostdan ham klass ✨,positive
2220,chiqqan joyi yoqdi =),positive
2221,"konferensiya juda samarali o'tdi, hamkasbim tushuntirgan mavzu juda foydali bo'ldi, yoqib qoldi. 👍 🤩",positive
2222,"folloverlar juda chiroyli tushuntiribdi, top 🔥",positive
2223,"dastur bilan muammo chiqdi, qo'llab-quvvatlash xizmati javob bermadi, noroziman.",negative
2224,"✨ 😎 YouTubeda yangi iPhone 15 haqida post ko'rdim, menga juda yoqdi, hayratda qoldim.",positive
2225,"😄 😍 Yangi ilova ishga tushdi, hozircha hammasi yaxshi ishlayapti, zo'r bo'ldi.",positive
2226,"majlis juda samarali o'tdi, o'qituvchi tushuntirgan mavzu juda foydali bo'ldi, kayfiyatim ko'tarildi.",positive
2227,"✨ 🥰 Yangi dastur ishga tushdi, hozircha hammasi yaxshi ishlayapti, mamnunman.",positive
2228,"😶 YouTubeda Redmi Note 13 haqida e'lon ko'rdim, hozircha faqat ma'lumot yig'ayapman, oddiy bo'ldi.",neutral
2229,"🥰 o'tgan oy Toshkentga bordim, hamma narsa yoqib qoldi.",positive
2230,"😎 😁 Samarqanddagi sayohatim ajoyib o'tdi, xizmatlar hammasi darajasida, mamnunman.",positive
2231,"Twitterda kitob haqida e'lon ko'rdim, hozircha faqat ma'lumot yig'ayapman, oddiy bo'ldi.",neutral
2232,"kommentlarda hammasi urush, juda yomon 😡",negative
2233,"🤩 😊 Yangi internet xizmati ishga tushdi, hozircha hammasi yaxshi ishlayapti, hayratda qoldim.",positive
2234,"🤔 Toshkent haqida yangilik o'qidim, oddiy bo'ldi.",neutral
2235,"🤔 iPhone 15 haqida fikrlar turlicha, hozircha oddiy bo'ldi.",neutral
2236,"ertaga dekan bilan qisqa suhbatlashdim, hech qanday o'zgarish sezilmadi.",neutral
2237,"Yangi bank xizmati ishga tushdi, hozircha hammasi yaxshi ishlayapti, yoqib qoldi.",positive
2238,"o'tgan oy rahbar bilan qisqa suhbatlashdim, hech qanday o'zgarish sezilmadi.",neutral
2239,"😊 😍 ertaga Qo'qonga bordim, hamma narsa kayfiyatim ko'tarildi.",positive
2240,"😞 Andijonga borish rejam buzildi, chiptalar bilan muammo bo'ldi, umuman yoqmadi.",negative
2241,"YouTubeda yangi kitob haqida post ko'rdim, menga juda yoqdi, mamnunman. 🥰",positive
2242,👎 :(,negative
2243,"😊 😎 planshet sotib oldim, narxi arzon emas, lekin sifati uchun hayratda qoldim.",positive
2244,gap yo'q 🥰,positive
2245,"bugungi oyin haqidagi kino videolari yoqdi, kontent yoqdi",positive
2246,"dastur bo'yicha yangilanish chiqdi, lekin hozircha oddiy bo'ldi. 📌 📌",neutral
2247,"😡 bugun Xivada bo'lgan seminar menga umuman yoqmadi, xafa bo'ldim.",negative
2248,"😐 o'tgan oy Qo'qonda konferensiya bo'lib o'tdi, men faqat qatnashdim, oddatdagidek.",neutral
2249,"Twitterda yangi Samsung A55 haqida post ko'rdim, menga juda yoqdi, juda xursand bo'ldim. 🥰",positive
2250,kontent yoqdi 🔥,positive
2251,"dars juda samarali o'tdi, do'stim tushuntirgan mavzu juda foydali bo'ldi, zo'r bo'ldi. 🤩",positive
2252,"😁 majlis juda samarali o'tdi, rahbar tushuntirgan mavzu juda foydali bo'ldi, kayfiyatim ko'tarildi.",positive
2253,✨ :) :) 😄,positive
2254,"bugun texnika bo'yicha faqat kuzatib turdim, neytralman ✍️",neutral
2255,"😍 ✨ Yangi kuryer xizmati ishga tushdi, hozircha hammasi yaxshi ishlayapti, zo'r bo'ldi.",positive
2256,"😍 🤩 uchrashuv juda samarali o'tdi, direktor tushuntirgan mavzu juda foydali bo'ldi, hayratda qoldim.",positive
2257,"bank xizmati bilan muammo chiqdi, qo'llab-quvvatlash xizmati javob bermadi, noroziman. 👎",negative
2258,"😁 kecha Xivaga bordim, hamma narsa kayfiyatim ko'tarildi.",positive
2259,"mijozlarga xizmat ko'rsatish bilan muammo chiqdi, qo'llab-quvvatlash xizmati javob bermadi, umuman yoqmadi.",negative
2260,"oyin sifati yana tushib ketgan, pulga achindim 😠",negative
2261,"kelasi oy Namanganda dars bo'lib o'tdi, men faqat qatnashdim, hech qanday o'zgarish sezilmadi.",neutral
2262,"kommentlarni o'qidim, prosta savol ℹ️",neutral
2263,kommentlarni o'qib rostdan ham gap yo'q :D,positive
2264,😁 🔥,positive
2265,"📌 Samsung A55 haqida fikrlar turlicha, hozircha oddiy bo'ldi.",neutral
2266,"😶 ertaga Xivada dars bo'lib o'tdi, men faqat qatnashdim, shunchaki ma'lumot uchun.",neutral
2267,super 🔥,positive
2268,"ilova bo'yicha talim mavzusi zo'r chiqibdi, zo'r",positive
2269,"YouTubeda Redmi Note 13 haqida e'lon ko'rdim, hozircha faqat ma'lumot yig'ayapman, hech qanday o'zgarish sezilmadi. 📌 ℹ️",neutral
2270,"ertaga dekan bilan qisqa suhbatlashdim, oddiy bo'ldi.",neutral
2271,"Farg'onaga borish rejam buzildi, chiptalar bilan muammo bo'ldi, xafa bo'ldim. 👎 😔",negative
2272,"dars juda samarali o'tdi, hamkasbim tushuntirgan mavzu juda foydali bo'ldi, juda xursand bo'ldim. 👍 😄",positive
2273,"😎 😄 Yangi telefon operatori ishga tushdi, hozircha hammasi yaxshi ishlayapti, juda xursand bo'ldim.",positive
2274,"👍 🤩 Yangi dastur ishga tushdi, hozircha hammasi yaxshi ishlayapti, kayfiyatim ko'tarildi.",positive
2275,otliii ;),positive
2276,"Samarqand haqida yangilik o'qidim, neytral qarayman. 🙄 🤔",neutral
2277,"✨ 😊 Namangandagi sayohatim ajoyib o'tdi, xizmatlar hammasi darajasida, hayratda qoldim.",positive
2278,"Samarqandga borish rejam buzildi, chiptalar bilan muammo bo'ldi, afsuslandim. 😞",negative
2279,"🤩 🤩 Farg'onadagi sayohatim ajoyib o'tdi, xizmatlar hammasi darajasida, hayratda qoldim.",positive
2280,"Andijonga borish rejam buzildi, chiptalar bilan muammo bo'ldi, noroziman. 🤬",negative
2281,"rahmat, zo'r ekan ;)",positive
2282,"✨ Xivadagi sayohatim ajoyib o'tdi, xizmatlar hammasi darajasida, kayfiyatim ko'tarildi.",positive
2283,"😍 😍 shu hafta Andijonga bordim, hamma narsa kayfiyatim ko'tarildi.",positive
2284,😄 ✨,positive
2285,"🤔 Redmi Note 13 haqida fikrlar turlicha, hozircha shunchaki ma'lumot uchun.",neutral
2286,"planshet sifati kutilganidek emas, juda sust ishlayapti, umuman yoqmadi. 😡",negative
2287,"Farg'onadagi sayohatim ajoyib o'tdi, xizmatlar hammasi darajasida, juda xursand bo'ldim. 😄",positive
2288,"😎 ertaga Xivaga bordim, hamma narsa yoqib qoldi.",positive
2289,pulga achindim :(,negative
2290,"ertaga Namanganda konferensiya bo'lib o'tdi, men faqat qatnashdim, hech qanday o'zgarish sezilmadi.",neutral
2291,"ilova bo'yicha kino postini ko'rdim, ok ℹ️",neutral
2292,😍,positive
2293,"😊 aviachiptalar sotib oldim, narxi arzon emas, lekin sifati uchun mamnunman.",positive
2294,"o'tgan oy Namanganga bordim, hamma narsa zo'r bo'ldi.",positive
2295,umidsizlik :-/,negative
2296,"dastur bo'yicha yangilanish chiqdi, lekin hozircha oddatdagidek. 😶",neutral
2297,"🥰 shu hafta Buxoroga bordim, hamma narsa hayratda qoldim.",positive
2298,"bugungi sayt haqidagi siyosat videolari yoqdi, zor",positive
2299,"😎 Yangi telefon operatori ishga tushdi, hozircha hammasi yaxshi ishlayapti, mamnunman.",positive
2300,"dars juda samarali o'tdi, rahbar tushuntirgan mavzu juda foydali bo'ldi, zo'r bo'ldi.",positive
2301,"imtihon juda samarali o'tdi, o'qituvchi tushuntirgan mavzu juda foydali bo'ldi, yoqib qoldi. 👍",positive
2302,"Andijondagi sayohatim ajoyib o'tdi, xizmatlar hammasi darajasida, hayratda qoldim. 😁",positive
2303,super 🥰,positive
2304,"shu hafta Andijonda imtihon bo'lib o'tdi, men faqat qatnashdim, oddatdagidek. 🙄 📌",neutral
2305,"😊 😄 Samarqanddagi sayohatim ajoyib o'tdi, xizmatlar hammasi darajasida, yoqib qoldi.",positive
2306,"dastur sifati yana tushib ketgan, umidsizlik",negative
2307,"👎 💔 Telegramdagi reklamalar juda asabga tegayapti, juda jahlim chiqdi.",negative
2308,"👍 ✨ Qo'qondagi sayohatim ajoyib o'tdi, xizmatlar hammasi darajasida, juda xursand bo'ldim.",positive
2309,"Qo'qondagi sayohatim ajoyib o'tdi, xizmatlar hammasi darajasida, mamnunman. 😎",positive
2310,"🙄 ertaga do'stim bilan qisqa suhbatlashdim, oddatdagidek.",neutral
2311,"ℹ️ kofe haqida fikrlar turlicha, hozircha hech qanday o'zgarish sezilmadi.",neutral
2312,,
2313,"📌 Twitterda kofe haqida e'lon ko'rdim, hozircha faqat ma'lumot yig'ayapman, shunchaki ma'lumot uchun.",neutral
2314,"telegram kanal sifati yana tushib ketgan, aldashdi 😭",negative
2315,"do'stim va'da qilgan ishini bajarmadi, natijadan xafa bo'ldim.",negative
2316,"Yangi kuryer xizmati ishga tushdi, hozircha hammasi yaxshi ishlayapti, mamnunman. 😎",positive
2317,"kelasi oy Samarqandga bordim, hamma narsa hayratda qoldim. 🤩",positive
2318,"🥰 kofe sotib oldim, narxi arzon emas, lekin sifati uchun yoqib qoldi.",positive
2319,"😄 👍 Yangi telefon operatori ishga tushdi, hozircha hammasi yaxshi ishlayapti, juda xursand bo'ldim.",positive
2320,"😁 Instagramda yangi kitob haqida post ko'rdim, menga juda yoqdi, zo'r bo'ldi.",positive
2321,"kecha Toshkentda bo'lgan uchrashuv menga umuman yoqmadi, hafsalam pir bo'ldi. 💔 😭",negative
2322,aldashdi :(,negative
2323,"YouTubeda Redmi Note 13 haqida e'lon ko'rdim, hozircha faqat ma'lumot yig'ayapman, oddatdagidek. 😐 😐",neutral
2324,"bank xizmati bo'yicha yangilanish chiqdi, lekin hozircha oddatdagidek.",neutral
2325,"🙄 Redmi Note 13 haqida fikrlar turlicha, hozircha neytral qarayman.",neutral
2326,"o'qib qo'ydim xolos, hech narsa o'zgarmadi 😐",neutral
2327,"hamma nimadir yozibdi, lekin men uchun norm ✍️",neutral
2328,"kecha Buxoroga bordim, hamma narsa zo'r bo'ldi. 😁",positive
2329,"majlis juda samarali o'tdi, dekan tushuntirgan mavzu juda foydali bo'ldi, hayratda qoldim. 😊 😎",positive
2330,ℹ️ ?? 📌,neutral
2331,"kelasi oy Toshkentda bo'lgan seminar menga umuman yoqmadi, umuman yoqmadi.",negative
2332,"😐 📌 telefon operatori bo'yicha yangilanish chiqdi, lekin hozircha neytral qarayman.",neutral
2333,"kommentlarda hammasi urush, bekor ketdi hamma narsasi 😠",negative
2334,"Yangi bank xizmati ishga tushdi, hozircha hammasi yaxshi ishlayapti, zo'r bo'ldi.",positive
2335,"kommentlarda hammasi urush, bekor ekan 💔",negative
2336,"😄 Namangandagi sayohatim ajoyib o'tdi, xizmatlar hammasi darajasida, hayratda qoldim.",positive
2337,"🙄 iPhone 15 haqida fikrlar turlicha, hozircha oddatdagidek.",neutral
2338,"bugun kommentlar bo'yicha faqat kuzatib turdim, shunchaki",neutral
2339,"Instagramda yangi noutbuk haqida post ko'rdim, menga juda yoqdi, kayfiyatim ko'tarildi. 🤩",positive
2340,"kelasi oy Andijonda uchrashuv bo'lib o'tdi, men faqat qatnashdim, hech qanday o'zgarish sezilmadi.",neutral
2341,"✨ Redmi Note 13 sotib oldim, narxi arzon emas, lekin sifati uchun yoqib qoldi.",positive
2342,🙄 ...,neutral
2343,"🤔 😶 ilova bo'yicha yangilanish chiqdi, lekin hozircha oddiy bo'ldi.",neutral
2344,"Xivaga borish rejam buzildi, chiptalar bilan muammo bo'ldi, xafa bo'ldim. 😔",negative
2345,"🥰 🤩 YouTubeda yangi planshet haqida post ko'rdim, menga juda yoqdi, yoqib qoldi.",positive
2346,"Samsung A55 sotib oldim, narxi arzon emas, lekin sifati uchun zo'r bo'ldi. 😎",positive
2347,"post bo'yicha pul postini ko'rdim, info uchun",neutral
2348,"dastur bo'yicha talim mavzusi zo'r chiqibdi, otliii 😎",positive
2349,"bugun Andijonga bordim, hamma narsa kayfiyatim ko'tarildi. 😁",positive
2350,"kofe sotib oldim, narxi arzon emas, lekin sifati uchun hayratda qoldim. 😍 😍",positive
2351,"Instagramda yangi kofe haqida post ko'rdim, menga juda yoqdi, hayratda qoldim. 🤩 😎",positive
2352,"😄 imtihon juda samarali o'tdi, professor tushuntirgan mavzu juda foydali bo'ldi, mamnunman.",positive
2353,"ertaga o'qituvchi bilan qisqa suhbatlashdim, oddiy bo'ldi.",neutral
2354,🤬 =/ :-/,negative
2355,"ertaga Andijonga bordim, hamma narsa juda xursand bo'ldim. 👍",positive
2356,"😊 YouTubeda yangi kofe haqida post ko'rdim, menga juda yoqdi, mamnunman.",positive
2357,"Samarqanddagi sayohatim ajoyib o'tdi, xizmatlar hammasi darajasida, yoqib qoldi. 🤩",positive
2358,"Farg'ona haqida yangilik o'qidim, neytral qarayman. 🙄",neutral
2359,"👍 Toshkentdagi sayohatim ajoyib o'tdi, xizmatlar hammasi darajasida, mamnunman.",positive
2360,"🤩 ✨ shu hafta Qo'qonga bordim, hamma narsa kayfiyatim ko'tarildi.",positive
2361,"✨ 😄 kofe sotib oldim, narxi arzon emas, lekin sifati uchun kayfiyatim ko'tarildi.",positive
2362,menga yoqdi 😁,positive
2363,"😁 seminar juda samarali o'tdi, o'qituvchi tushuntirgan mavzu juda foydali bo'ldi, hayratda qoldim.",positive
2364,"bugun Andijonda bo'lgan seminar menga umuman yoqmadi, hafsalam pir bo'ldi.",negative
2365,kommentlarni o'qib rostdan ham menga yoqdi ❤️,positive
2366,"Instagramda planshet haqida e'lon ko'rdim, hozircha faqat ma'lumot yig'ayapman, shunchaki ma'lumot uchun. 😐",neutral
2367,"😞 Facebookdagi reklamalar juda asabga tegayapti, umuman yoqmadi.",negative
2368,"bank xizmati bo'yicha yangilanish chiqdi, lekin hozircha oddatdagidek. 🤔",neutral
2369,super ✨,positive
2370,"ℹ️ 🙄 bugun do'stim bilan qisqa suhbatlashdim, oddiy bo'ldi.",neutral
2371,"seminar juda samarali o'tdi, professor tushuntirgan mavzu juda foydali bo'ldi, zo'r bo'ldi. 😎",positive
2372,"💔 💔 Twitterdagi reklamalar juda asabga tegayapti, afsuslandim.",negative
2373,"opa juda chiroyli tushuntiribdi, otliii ❤️",positive
2374,"🙄 kecha hamkasbim bilan qisqa suhbatlashdim, oddatdagidek.",neutral
2375,"bugun kino bo'yicha faqat kuzatib turdim, neytralman 😐",neutral
2376,"dastur bo'yicha yangilanish chiqdi, lekin hozircha neytral qarayman. 😐 😶",neutral
2377,"o'tgan oy Buxoroda seminar bo'lib o'tdi, men faqat qatnashdim, shunchaki ma'lumot uchun.",neutral
2378,"rahbar va'da qilgan ishini bajarmadi, natijadan afsuslandim.",negative
2379,servis noldan ham past :(,negative
2380,"🙄 🤔 Instagramda noutbuk haqida e'lon ko'rdim, hozircha faqat ma'lumot yig'ayapman, neytral qarayman.",neutral
2381,"o'qib qo'ydim xolos, ko'rdim xolos ✍️",neutral
2382,🔥 =) :) =),positive
2383,prosta savol 🙄,neutral
2384,"Xivadagi sayohatim ajoyib o'tdi, xizmatlar hammasi darajasida, mamnunman. 😄",positive
2385,"bugun dekan bilan qisqa suhbatlashdim, oddatdagidek. 😶",neutral
2386,"😠 Toshkentga borish rejam buzildi, chiptalar bilan muammo bo'ldi, xafa bo'ldim.",negative
2387,"kelasi oy Namanganda konferensiya bo'lib o'tdi, men faqat qatnashdim, shunchaki ma'lumot uchun. 🙄 🙄",neutral
2388,"kuryer xizmati bilan muammo chiqdi, qo'llab-quvvatlash xizmati javob bermadi, juda jahlim chiqdi. 😢 😭",negative
2389,"ilova bo'yicha yangilanish chiqdi, lekin hozircha oddiy bo'ldi. 📌 😐",neutral
2390,"o'tgan oy Andijonda seminar bo'lib o'tdi, men faqat qatnashdim, hech qanday o'zgarish sezilmadi. 🙄",neutral
2391,"✨ Yangi mijozlarga xizmat ko'rsatish ishga tushdi, hozircha hammasi yaxshi ishlayapti, mamnunman.",positive
2392,"😔 Facebookdagi reklamalar juda asabga tegayapti, hafsalam pir bo'ldi.",negative
2393,"bugungi yangiliklar mavzusi zerikarli bo'ldi, juda yomon 😡",negative
2394,aldashdi 😭,negative
2395,🔥 ;) :),positive
2396,"dars juda samarali o'tdi, do'stim tushuntirgan mavzu juda foydali bo'ldi, yoqib qoldi.",positive
2397,"😄 kelasi oy Toshkentga bordim, hamma narsa hayratda qoldim.",positive
2398,"bugun futbol bo'yicha faqat kuzatib turdim, norm 😐",neutral
2399,"👍 ✨ Samsung A55 sotib oldim, narxi arzon emas, lekin sifati uchun kayfiyatim ko'tarildi.",positive
2400,:D 🔥 👍,positive
2401,"Samsung A55 sotib oldim, narxi arzon emas, lekin sifati uchun hayratda qoldim. 😎 ✨",positive
2402,:) 😄,positive
2403,"ertaga Buxoroda bo'lgan konferensiya menga umuman yoqmadi, xafa bo'ldim.",negative
2404,"hamkasbim va'da qilgan ishini bajarmadi, natijadan hafsalam pir bo'ldi.",negative
2405,"🤔 Xiva haqida yangilik o'qidim, shunchaki ma'lumot uchun.",neutral
2406,"✨ 😁 Yangi kuryer xizmati ishga tushdi, hozircha hammasi yaxshi ishlayapti, yoqib qoldi.",positive
2407,🔥 🥰 ✨,positive
2408,📌 📌,neutral
2409,🤦‍♀️ 😭 =/,negative
2410,"Qo'qon haqida yangilik o'qidim, shunchaki ma'lumot uchun. 😶",neutral
2411,"servis bo'yicha texnika mavzusi zo'r chiqibdi, zo'r 😄",positive
2412,"Farg'onadagi sayohatim ajoyib o'tdi, xizmatlar hammasi darajasida, kayfiyatim ko'tarildi. ✨ 😄",positive
2413,"🤩 Yangi dastur ishga tushdi, hozircha hammasi yaxshi ishlayapti, yoqib qoldi.",positive
2414,"😄 konferensiya juda samarali o'tdi, dekan tushuntirgan mavzu juda foydali bo'ldi, yoqib qoldi.",positive
2415,"😐 Samsung A55 haqida fikrlar turlicha, hozircha oddatdagidek.",neutral
2416,"bloger umuman tushuntira olmadi, bekor ketdi hamma narsasi >:(",negative
2417,"shu hafta Qo'qonda majlis bo'lib o'tdi, men faqat qatnashdim, oddiy bo'ldi.",neutral
2418,"Yangi ilova ishga tushdi, hozircha hammasi yaxshi ishlayapti, zo'r bo'ldi. 🥰 🤩",positive
2419,"🤔 kelasi oy Toshkentda uchrashuv bo'lib o'tdi, men faqat qatnashdim, shunchaki ma'lumot uchun.",neutral
2420,"😁 bugun Namanganga bordim, hamma narsa zo'r bo'ldi.",positive
2421,"dars juda samarali o'tdi, professor tushuntirgan mavzu juda foydali bo'ldi, juda xursand bo'ldim.",positive
2422,"kecha Farg'onada bo'lgan konferensiya menga umuman yoqmadi, noroziman.",negative
2423,"😭 dastur bilan muammo chiqdi, qo'llab-quvvatlash xizmati javob bermadi, juda jahlim chiqdi.",negative
2424,"😢 👎 dekan va'da qilgan ishini bajarmadi, natijadan xafa bo'ldim.",negative
2425,... 📌 ℹ️,neutral
2426,"Farg'ona haqida yangilik o'qidim, oddiy bo'ldi. 📌",neutral
2427,"aka umuman tushuntira olmadi, zerikarli 🤦‍♀️",negative
2428,"ertaga Toshkentga bordim, hamma narsa juda xursand bo'ldim.",positive
2429,gap yo'q ✨,positive
2430,"😞 kelasi oy Andijonda bo'lgan dars menga umuman yoqmadi, umuman yoqmadi.",negative
2431,"bugun kino bo'yicha faqat kuzatib turdim, prosta savol ...",neutral
2432,"✨ Samarqanddagi sayohatim ajoyib o'tdi, xizmatlar hammasi darajasida, juda xursand bo'ldim.",positive
2433,"😊 bugun Buxoroga bordim, hamma narsa zo'r bo'ldi.",positive
2434,"kofe haqida fikrlar turlicha, hozircha shunchaki ma'lumot uchun. 📌",neutral
2435,"Andijon haqida yangilik o'qidim, neytral qarayman. 😐",neutral
2436,"💔 kecha Namanganda bo'lgan majlis menga umuman yoqmadi, umuman yoqmadi.",negative
2437,"Twitterda kofe haqida e'lon ko'rdim, hozircha faqat ma'lumot yig'ayapman, neytral qarayman. 😶",neutral
2438,"😄 Twitterda yangi planshet haqida post ko'rdim, menga juda yoqdi, zo'r bo'ldi.",positive
2439,"😶 telefon operatori bo'yicha yangilanish chiqdi, lekin hozircha neytral qarayman.",neutral
2440,rosa yoqdi 🤩,positive
2441,"🤬 Twitterdagi reklamalar juda asabga tegayapti, umuman yoqmadi.",negative
2442,"🙄 kofe haqida fikrlar turlicha, hozircha oddatdagidek.",neutral
2443,"ertaga dekan bilan qisqa suhbatlashdim, shunchaki ma'lumot uchun. 😶",neutral
2444,"bugun direktor bilan qisqa suhbatlashdim, neytral qarayman. 🤔",neutral
2445,"👎 Toshkentga borish rejam buzildi, chiptalar bilan muammo bo'ldi, umuman yoqmadi.",negative
2446,:) ;) 😎,positive
2447,"kommentlarni o'qidim, neytralman 🙄",neutral
2448,"👍 dars juda samarali o'tdi, o'qituvchi tushuntirgan mavzu juda foydali bo'ldi, yoqib qoldi.",positive
2449,"instagram sahifa sifati yana tushib ketgan, bunday bo'lmasligi kerak edi 😭",negative
2450,"folloverlar juda chiroyli tushuntiribdi, otliii 🥰",positive
2451,"kommentlarni o'qidim, bilmayman 🙄",neutral
2452,"Redmi Note 13 sotib oldim, narxi arzon emas, lekin sifati uchun hayratda qoldim. 😎 👍",positive
2453,"Twitterdagi reklamalar juda asabga tegayapti, noroziman.",negative
2454,nogiron qilindi,negative
2455,"😄 aviachiptalar sotib oldim, narxi arzon emas, lekin sifati uchun juda xursand bo'ldim.",positive
2456,yaxshi ishlayapti,positive
2457,"sayt bo'yicha siyosat mavzusi zo'r chiqibdi, menga yoqdi 😊",positive
2458,"shu hafta Buxoroga bordim, hamma narsa hayratda qoldim.",positive
2459,"😐 ertaga Xivada seminar bo'lib o'tdi, men faqat qatnashdim, hech qanday o'zgarish sezilmadi.",neutral
2460,"seminar juda samarali o'tdi, hamkasbim tushuntirgan mavzu juda foydali bo'ldi, kayfiyatim ko'tarildi. 😁",positive
2461,"iPhone 15 sifati kutilganidek emas, juda sust ishlayapti, noroziman. 😭",negative
2462,"iPhone 15 sotib oldim, narxi arzon emas, lekin sifati uchun yoqib qoldi. 🤩 😊",positive
2463,chiqqan joyi yoqdi 😊,positive
2464,"Instagramda yangi planshet haqida post ko'rdim, menga juda yoqdi, hayratda qoldim. 👍",positive
2465,"bugungi telegram kanal haqidagi texnika videolari yoqdi, rahmat, zo'r ekan ✨",positive
2466,"😍 konferensiya juda samarali o'tdi, do'stim tushuntirgan mavzu juda foydali bo'ldi, kayfiyatim ko'tarildi.",positive
2467,"admin juda chiroyli tushuntiribdi, otliii 😍",positive
2468,,
2469,"😁 🤩 seminar juda samarali o'tdi, rahbar tushuntirgan mavzu juda foydali bo'ldi, yoqib qoldi.",positive
2470,:D =) 🥰,positive
2471,"✨ 😍 bugun Xivaga bordim, hamma narsa yoqib qoldi.",positive
2472,"telegram kanal bo'yicha siyosat mavzusi zo'r chiqibdi, kontent yoqdi 🤩",positive
2473,>:( =/ 😔,negative
2474,"Buxoro haqida yangilik o'qidim, oddiy bo'ldi. 🤔 📌",neutral
2475,"dastur sifati yana tushib ketgan, umuman yoqmaydi 🤦‍♂️",negative
2476,"kecha Toshkentga bordim, hamma narsa yoqib qoldi. 👍",positive
2477,"bugungi blog mavzusi zerikarli bo'ldi, aldashdi 😡",negative
2478,"😐 Andijon haqida yangilik o'qidim, neytral qarayman.",neutral
2479,"😶 😐 Andijon haqida yangilik o'qidim, shunchaki ma'lumot uchun.",neutral
2480,"👍 Telegramda yangi Samsung A55 haqida post ko'rdim, menga juda yoqdi, kayfiyatim ko'tarildi.",positive
2481,"✨ Yangi telefon operatori ishga tushdi, hozircha hammasi yaxshi ishlayapti, yoqib qoldi.",positive
2482,"bugun Namanganga bordim, hamma narsa hayratda qoldim. 😄",positive
2483,"👍 ✨ Instagramda yangi Redmi Note 13 haqida post ko'rdim, menga juda yoqdi, juda xursand bo'ldim.",positive
2484,"dastur bo'yicha yangilanish chiqdi, lekin hozircha shunchaki ma'lumot uchun. 📌",neutral
2485,🤬 :(,negative
2486,"admin umuman tushuntira olmadi, pulga achindim 😔",negative
2487,"Instagramda yangi kofe haqida post ko'rdim, menga juda yoqdi, zo'r bo'ldi.",positive
2488,chiqqan joyi yoqdi 🔥,positive
2489,"kitob sifati kutilganidek emas, juda sust ishlayapti, umuman yoqmadi. 😞",negative
2490,"ertaga rahbar bilan qisqa suhbatlashdim, oddiy bo'ldi.",neutral
2491,"😊 😁 aviachiptalar sotib oldim, narxi arzon emas, lekin sifati uchun juda xursand bo'ldim.",positive
2492,"ertaga Qo'qonga bordim, hamma narsa zo'r bo'ldi.",positive
2493,:( =/ :(,negative
2494,"bugungi dastur haqidagi musiqa videolari yoqdi, super ❤️",positive
2495,"Instagramda yangi iPhone 15 haqida post ko'rdim, menga juda yoqdi, yoqib qoldi.",positive
2496,"shu hafta Xivaga bordim, hamma narsa hayratda qoldim.",positive
2497,"seminar juda samarali o'tdi, hamkasbim tushuntirgan mavzu juda foydali bo'ldi, kayfiyatim ko'tarildi.",positive
2498,"ertaga Buxoroga bordim, hamma narsa mamnunman. 🥰",positive
2499,"bank xizmati bilan muammo chiqdi, qo'llab-quvvatlash xizmati javob bermadi, afsuslandim. 👎 👎",negative
2500,"😍 Redmi Note 13 sotib oldim, narxi arzon emas, lekin sifati uchun juda xursand bo'ldim.",positive
2501,"hamma umuman tushuntira olmadi, juda yomon 😔",negative
2502,"Yangi telefon operatori ishga tushdi, hozircha hammasi yaxshi ishlayapti, yoqib qoldi. 🤩 😊",positive
2503,:-/ :( :'( 🤦‍♀️,negative
2504,"ertaga Namanganda konferensiya bo'lib o'tdi, men faqat qatnashdim, shunchaki ma'lumot uchun.",neutral
2505,,
2506,<3 😄,positive
2507,,
2508,"😶 ℹ️ Namangan haqida yangilik o'qidim, hech qanday o'zgarish sezilmadi.",neutral
2509,,
2510,"💔 dekan va'da qilgan ishini bajarmadi, natijadan umuman yoqmadi.",negative
2511,"Andijon haqida yangilik o'qidim, oddiy bo'ldi. 🤔 😐",neutral
2512,"🤩 imtihon juda samarali o'tdi, do'stim tushuntirgan mavzu juda foydali bo'ldi, juda xursand bo'ldim.",positive
2513,"🤔 mijozlarga xizmat ko'rsatish bo'yicha yangilanish chiqdi, lekin hozircha oddatdagidek.",neutral
2514,"🥰 Samsung A55 sotib oldim, narxi arzon emas, lekin sifati uchun hayratda qoldim.",positive
2515,"o'qituvchi va'da qilgan ishini bajarmadi, natijadan noroziman. 👎 🤬",negative
2516,"bugungi kommentlar mavzusi zerikarli bo'ldi, bunday bo'lmasligi kerak edi 😢",negative
2517,"shu hafta Namanganga bordim, hamma narsa kayfiyatim ko'tarildi.",positive
2518,"📌 Namangan haqida yangilik o'qidim, oddatdagidek.",neutral
2519,"🤩 👍 Facebookda yangi noutbuk haqida post ko'rdim, menga juda yoqdi, hayratda qoldim.",positive
2520,"admin umuman tushuntira olmadi, zerikarli 😡",negative
2521,✨ :D 😁,positive
2522,"kelasi oy Buxoroda konferensiya bo'lib o'tdi, men faqat qatnashdim, oddatdagidek.",neutral
2523,"admin umuman tushuntira olmadi, tavsiya etmayman 🤦‍♀️",negative
2524,nogiron qilindi :(,negative
2525,"kitob haqida fikrlar turlicha, hozircha shunchaki ma'lumot uchun. 😶",neutral
2526,"mijozlarga xizmat ko'rsatish bilan muammo chiqdi, qo'llab-quvvatlash xizmati javob bermadi, xafa bo'ldim.",negative
2527,"😎 Farg'onadagi sayohatim ajoyib o'tdi, xizmatlar hammasi darajasida, yoqib qoldi.",positive
2528,"bugun Buxoroga bordim, hamma narsa mamnunman.",positive
2529,"iPhone 15 sotib oldim, narxi arzon emas, lekin sifati uchun yoqib qoldi. ✨",positive
2530,"Namangandagi sayohatim ajoyib o'tdi, xizmatlar hammasi darajasida, zo'r bo'ldi. 😁 🤩",positive
2531,"Telegramda Redmi Note 13 haqida e'lon ko'rdim, hozircha faqat ma'lumot yig'ayapman, neytral qarayman. 🙄 😐",neutral
2532,"shu hafta Xivaga bordim, hamma narsa juda xursand bo'ldim.",positive
2533,"😶 telefon operatori bo'yicha yangilanish chiqdi, lekin hozircha oddatdagidek.",neutral
2534,"uchrashuv juda samarali o'tdi, direktor tushuntirgan mavzu juda foydali bo'ldi, yoqib qoldi.",positive
2535,"😐 😐 ertaga o'qituvchi bilan qisqa suhbatlashdim, hech qanday o'zgarish sezilmadi.",neutral
2536,"😁 😄 konferensiya juda samarali o'tdi, hamkasbim tushuntirgan mavzu juda foydali bo'ldi, hayratda qoldim.",positive
2537,"😍 Samarqanddagi sayohatim ajoyib o'tdi, xizmatlar hammasi darajasida, zo'r bo'ldi.",positive
2538,"shu hafta Andijonda bo'lgan uchrashuv menga umuman yoqmadi, noroziman. 😡",negative
2539,"video sifati yana tushib ketgan, bekor ekan 😔",negative
2540,"kecha Namanganda majlis bo'lib o'tdi, men faqat qatnashdim, oddatdagidek.",neutral
2541,"😔 dastur bilan muammo chiqdi, qo'llab-quvvatlash xizmati javob bermadi, afsuslandim.",negative
2542,"😊 Farg'onadagi sayohatim ajoyib o'tdi, xizmatlar hammasi darajasida, mamnunman.",positive
2543,"seminar juda samarali o'tdi, o'qituvchi tushuntirgan mavzu juda foydali bo'ldi, hayratda qoldim.",positive
2544,"Xivadagi sayohatim ajoyib o'tdi, xizmatlar hammasi darajasida, hayratda qoldim. 👍 🤩",positive
2545,"kitob sotib oldim, narxi arzon emas, lekin sifati uchun zo'r bo'ldi. 😍",positive
2546,"🥰 uchrashuv juda samarali o'tdi, o'qituvchi tushuntirgan mavzu juda foydali bo'ldi, juda xursand bo'ldim.",positive
2547,"🙄 o'tgan oy Samarqandda imtihon bo'lib o'tdi, men faqat qatnashdim, neytral qarayman.",neutral
2548,"Instagramda aviachiptalar haqida e'lon ko'rdim, hozircha faqat ma'lumot yig'ayapman, shunchaki ma'lumot uchun. 🙄",neutral
2549,"🤩 😄 konferensiya juda samarali o'tdi, dekan tushuntirgan mavzu juda foydali bo'ldi, hayratda qoldim.",positive
2550,"kecha Samarqandda bo'lgan uchrashuv menga umuman yoqmadi, afsuslandim. 😢",negative
2551,"kuryer xizmati bilan muammo chiqdi, qo'llab-quvvatlash xizmati javob bermadi, umuman yoqmadi. 😠 😠",negative
2552,"🥰 imtihon juda samarali o'tdi, dekan tushuntirgan mavzu juda foydali bo'ldi, mamnunman.",positive
2553,"Yangi dastur ishga tushdi, hozircha hammasi yaxshi ishlayapti, mamnunman. 👍",positive
2554,"telegram kanal sifati yana tushib ketgan, bekor ekan 😭",negative
2555,"😠 😔 bank xizmati bilan muammo chiqdi, qo'llab-quvvatlash xizmati javob bermadi, hafsalam pir bo'ldi.",negative
2556,"noutbuk haqida fikrlar turlicha, hozircha shunchaki ma'lumot uchun. 😶",neutral
2557,"🤩 😁 Samsung A55 sotib oldim, narxi arzon emas, lekin sifati uchun mamnunman.",positive
2558,"aviachiptalar haqida fikrlar turlicha, hozircha hech qanday o'zgarish sezilmadi. 🙄",neutral
2559,klass 😁,positive
2560,"o'tgan oy professor bilan qisqa suhbatlashdim, hech qanday o'zgarish sezilmadi.",neutral
2561,"Telegramda iPhone 15 haqida e'lon ko'rdim, hozircha faqat ma'lumot yig'ayapman, oddatdagidek. 😶",neutral
2562,"yana shunaqa reklama chiqdi, charchatdi 😡",negative
2563,"Xivadagi sayohatim ajoyib o'tdi, xizmatlar hammasi darajasida, hayratda qoldim. 😁 😍",positive
2564,"👍 Telegramda yangi iPhone 15 haqida post ko'rdim, menga juda yoqdi, zo'r bo'ldi.",positive
2565,"hamkasbim va'da qilgan ishini bajarmadi, natijadan noroziman. 🤬 🤬",negative
2566,"dars juda samarali o'tdi, dekan tushuntirgan mavzu juda foydali bo'ldi, hayratda qoldim.",positive
2567,"ℹ️ Telegramda noutbuk haqida e'lon ko'rdim, hozircha faqat ma'lumot yig'ayapman, neytral qarayman.",neutral
2568,"o'tgan oy Xivada uchrashuv bo'lib o'tdi, men faqat qatnashdim, oddiy bo'ldi. 😐",neutral
2569,"kelasi oy Qo'qonda bo'lgan majlis menga umuman yoqmadi, hafsalam pir bo'ldi.",negative
2570,"o'tgan oy do'stim bilan qisqa suhbatlashdim, hech qanday o'zgarish sezilmadi.",neutral
2571,kommentlarni o'qib rostdan ham rosa yoqdi 😁,positive
2572,"Samarqandga borish rejam buzildi, chiptalar bilan muammo bo'ldi, juda jahlim chiqdi. 👎 😢",negative
2573,super <3,positive
2574,"hamma umuman tushuntira olmadi, zerikarli 😠",negative
2575,"YouTubeda yangi aviachiptalar haqida post ko'rdim, menga juda yoqdi, zo'r bo'ldi. 🥰 ✨",positive
2576,"imtihon juda samarali o'tdi, o'qituvchi tushuntirgan mavzu juda foydali bo'ldi, juda xursand bo'ldim. ✨",positive
2577,"odamlar juda chiroyli tushuntiribdi, rahmat, zo'r ekan ;)",positive
2578,"🤩 bugun Namanganga bordim, hamma narsa kayfiyatim ko'tarildi.",positive
2579,"😡 😠 kitob sifati kutilganidek emas, juda sust ishlayapti, afsuslandim.",negative
2580,"YouTubeda aviachiptalar haqida e'lon ko'rdim, hozircha faqat ma'lumot yig'ayapman, neytral qarayman. 😶 🤔",neutral
2581,"yana shunaqa reklama chiqdi, charchatdi 🤦‍♂️",negative
2582,shunchaki ✍️,neutral
2583,"Farg'onadagi sayohatim ajoyib o'tdi, xizmatlar hammasi darajasida, hayratda qoldim. 👍 👍",positive
2584,"Farg'onadagi sayohatim ajoyib o'tdi, xizmatlar hammasi darajasida, mamnunman. 😁 😄",positive
2585,"😔 😭 professor va'da qilgan ishini bajarmadi, natijadan umuman yoqmadi.",negative
2586,"😊 😎 o'tgan oy Namanganga bordim, hamma narsa kayfiyatim ko'tarildi.",positive
2587,😍 🤩,positive
2588,kontent yoqdi ❤️,positive
2589,"✨ YouTubeda yangi Redmi Note 13 haqida post ko'rdim, menga juda yoqdi, yoqib qoldi.",positive
2590,"Yangi ilova ishga tushdi, hozircha hammasi yaxshi ishlayapti, hayratda qoldim. 😄 😊",positive
2591,"😊 😊 Qo'qondagi sayohatim ajoyib o'tdi, xizmatlar hammasi darajasida, zo'r bo'ldi.",positive
2592,>:( 👎 🤬 >:(,negative
2593,"📌 😶 kelasi oy Farg'onada dars bo'lib o'tdi, men faqat qatnashdim, hech qanday o'zgarish sezilmadi.",neutral
2594,"bugungi instagram sahifa haqidagi pul videolari yoqdi, super 🔥",positive
2595,"rahbar va'da qilgan ishini bajarmadi, natijadan umuman yoqmadi. 😠",negative
2596,"Telegramda yangi kitob haqida post ko'rdim, menga juda yoqdi, mamnunman. 😎 😄",positive
2597,"kelasi oy Xivada majlis bo'lib o'tdi, men faqat qatnashdim, oddiy bo'ldi.",neutral
2598,"Yangi telefon operatori ishga tushdi, hozircha hammasi yaxshi ishlayapti, zo'r bo'ldi. 🤩 😊",positive
2599,"😄 😁 uchrashuv juda samarali o'tdi, direktor tushuntirgan mavzu juda foydali bo'ldi, mamnunman.",positive
2600,"kofe sotib oldim, narxi arzon emas, lekin sifati uchun juda xursand bo'ldim. 👍",positive
2601,"folloverlar umuman tushuntira olmadi, yoqmadi",negative
2602,😁 <3 😎 ;),positive
2603,"Yangi ilova ishga tushdi, hozircha hammasi yaxshi ishlayapti, mamnunman. 😊",positive
2604,"telegram kanal bo'yicha texnika mavzusi zo'r chiqibdi, otliii 🔥",positive
2605,"😍 😄 Yangi kuryer xizmati ishga tushdi, hozircha hammasi yaxshi ishlayapti, zo'r bo'ldi.",positive
2606,"😐 dastur bo'yicha yangilanish chiqdi, lekin hozircha hech qanday o'zgarish sezilmadi.",neutral
2607,"😐 kitob haqida fikrlar turlicha, hozircha oddatdagidek.",neutral
2608,"kitob sifati kutilganidek emas, juda sust ishlayapti, afsuslandim. 🤬",negative
2609,"bugun yangiliklar bo'yicha faqat kuzatib turdim, shunchaki",neutral
2610,"kecha Buxoroga bordim, hamma narsa juda xursand bo'ldim. 😄",positive
2611,"😎 konferensiya juda samarali o'tdi, dekan tushuntirgan mavzu juda foydali bo'ldi, yoqib qoldi.",positive
2612,"internet bo'yicha yangiliklar postini ko'rdim, ok",neutral
2613,"😭 Twitterdagi reklamalar juda asabga tegayapti, xafa bo'ldim.",negative
2614,"Yangi telefon operatori ishga tushdi, hozircha hammasi yaxshi ishlayapti, zo'r bo'ldi.",positive
2615,"kommentlarda hammasi urush, bekor ketdi hamma narsasi 😔",negative
2616,"o'tgan oy professor bilan qisqa suhbatlashdim, neytral qarayman.",neutral
2617,🤦‍♀️,negative
2618,"ℹ️ 🙄 bugun Buxoroda dars bo'lib o'tdi, men faqat qatnashdim, shunchaki ma'lumot uchun.",neutral
2619,"Samarqand haqida yangilik o'qidim, hech qanday o'zgarish sezilmadi. 🙄",neutral
2620,ko'rdim xolos,neutral
2621,"😍 ✨ imtihon juda samarali o'tdi, do'stim tushuntirgan mavzu juda foydali bo'ldi, juda xursand bo'ldim.",positive
2622,"Qo'qonga borish rejam buzildi, chiptalar bilan muammo bo'ldi, afsuslandim. 😞",negative
2623,"kommentlarni o'qidim, prosta savol 📌",neutral
2624,"opa juda chiroyli tushuntiribdi, kontent yoqdi",positive
2625,"😊 Twitterda yangi aviachiptalar haqida post ko'rdim, menga juda yoqdi, kayfiyatim ko'tarildi.",positive
2626,"😎 Instagramda yangi noutbuk haqida post ko'rdim, menga juda yoqdi, mamnunman.",positive
2627,kommentlarni o'qib rostdan ham menga yoqdi 😄,positive
2628,"dastur sifati yana tushib ketgan, tavsiya etmayman >:(",negative
2629,"bugungi internet haqidagi musiqa videolari yoqdi, chiqqan joyi yoqdi 😍",positive
2630,"professor va'da qilgan ishini bajarmadi, natijadan noroziman. 😠 🤬",negative
2631,"ertaga direktor bilan qisqa suhbatlashdim, neytral qarayman. 🤔",neutral
2632,"bugun siyosat bo'yicha faqat kuzatib turdim, info uchun ✍️",neutral
2633,"bugungi pul mavzusi zerikarli bo'ldi, hech nima tushunmadim 😔",negative
2634,"telefon operatori bo'yicha yangilanish chiqdi, lekin hozircha neytral qarayman. 🤔 ℹ️",neutral
2635,umidsizlik 😠,negative
2636,"admin juda chiroyli tushuntiribdi, klass 😁",positive
2637,"professor va'da qilgan ishini bajarmadi, natijadan juda jahlim chiqdi. 😢 💔",negative
2638,"😁 shu hafta Andijonga bordim, hamma narsa mamnunman.",positive
2639,"shu hafta Qo'qonda dars bo'lib o'tdi, men faqat qatnashdim, hech qanday o'zgarish sezilmadi.",neutral
2640,"Instagramda yangi iPhone 15 haqida post ko'rdim, menga juda yoqdi, juda xursand bo'ldim.",positive
2641,"o'tgan oy Qo'qonga bordim, hamma narsa kayfiyatim ko'tarildi. 😁",positive
2642,"ℹ️ 😶 shu hafta professor bilan qisqa suhbatlashdim, hech qanday o'zgarish sezilmadi.",neutral
2643,"o'tgan oy Namanganda seminar bo'lib o'tdi, men faqat qatnashdim, neytral qarayman.",neutral
2644,😐 🙄 ✍️,neutral
2645,"o'tgan oy Xivaga bordim, hamma narsa yoqib qoldi.",positive
2646,"😍 o'tgan oy Qo'qonga bordim, hamma narsa yoqib qoldi.",positive
2647,"rahbar va'da qilgan ishini bajarmadi, natijadan afsuslandim. 😡",negative
2648,"Telegramda kofe haqida e'lon ko'rdim, hozircha faqat ma'lumot yig'ayapman, hech qanday o'zgarish sezilmadi. 😐 📌",neutral
2649,"ilova bilan muammo chiqdi, qo'llab-quvvatlash xizmati javob bermadi, xafa bo'ldim. 😠 😔",negative
2650,"😄 🥰 Yangi bank xizmati ishga tushdi, hozircha hammasi yaxshi ishlayapti, mamnunman.",positive
2651,bunaqa kontent ko'proq bo'lsa zo'r bo'lardi =),positive
2652,"😎 Facebookda yangi kitob haqida post ko'rdim, menga juda yoqdi, zo'r bo'ldi.",positive
2653,"ilova bilan muammo chiqdi, qo'llab-quvvatlash xizmati javob bermadi, umuman yoqmadi. 😭 🤬",negative
2654,"Buxorodagi sayohatim ajoyib o'tdi, xizmatlar hammasi darajasida, mamnunman. 🥰",positive
2655,"shu hafta hamkasbim bilan qisqa suhbatlashdim, oddatdagidek.",neutral
2656,"😡 Telegramdagi reklamalar juda asabga tegayapti, umuman yoqmadi.",negative
2657,"Samsung A55 sotib oldim, narxi arzon emas, lekin sifati uchun hayratda qoldim. ✨",positive
2658,"Yangi ilova ishga tushdi, hozircha hammasi yaxshi ishlayapti, hayratda qoldim. ✨ 🤩",positive
2659,"folloverlar umuman tushuntira olmadi, umidsizlik 😔",negative
2660,"✨ kofe sotib oldim, narxi arzon emas, lekin sifati uchun zo'r bo'ldi.",positive
2661,"aviachiptalar sotib oldim, narxi arzon emas, lekin sifati uchun yoqib qoldi. 👍",positive
2662,"folloverlar umuman tushuntira olmadi, bekor ekan",negative
2663,"👎 shu hafta Farg'onada bo'lgan dars menga umuman yoqmadi, umuman yoqmadi.",negative
2664,"kommentlarni o'qidim, ko'rdim xolos",neutral
2665,"bugun kommentlar bo'yicha faqat kuzatib turdim, prosta savol 📌",neutral
2666,"bugungi kino mavzusi zerikarli bo'ldi, qattiq hafsalam pir bo'ldi 💔",negative
2667,"kecha Farg'onada majlis bo'lib o'tdi, men faqat qatnashdim, hech qanday o'zgarish sezilmadi.",neutral
2668,"Samsung A55 sifati kutilganidek emas, juda sust ishlayapti, noroziman. 😞",negative
2669,"🥰 Yangi bank xizmati ishga tushdi, hozircha hammasi yaxshi ishlayapti, hayratda qoldim.",positive
2670,"instagram sahifa bo'yicha siyosat mavzusi zo'r chiqibdi, kontent yoqdi :)",positive
2671,"ertaga Namanganda seminar bo'lib o'tdi, men faqat qatnashdim, shunchaki ma'lumot uchun.",neutral
2672,👍 😍 🤩 👍,positive
2673,"Facebookda yangi noutbuk haqida post ko'rdim, menga juda yoqdi, yoqib qoldi. 😁",positive
2674,"Yangi ilova ishga tushdi, hozircha hammasi yaxshi ishlayapti, kayfiyatim ko'tarildi. 😄",positive
2675,"✨ Yangi bank xizmati ishga tushdi, hozircha hammasi yaxshi ishlayapti, juda xursand bo'ldim.",positive
2676,"bugungi futbol mavzusi zerikarli bo'ldi, tavsiya etmayman 👎",negative
2677,"😁 ertaga Samarqandga bordim, hamma narsa kayfiyatim ko'tarildi.",positive
2678,"Twitterda yangi noutbuk haqida post ko'rdim, menga juda yoqdi, mamnunman.",positive
2679,"Samsung A55 haqida fikrlar turlicha, hozircha neytral qarayman.",neutral
2680,"Twitterda yangi aviachiptalar haqida post ko'rdim, menga juda yoqdi, hayratda qoldim.",positive
2681,"ℹ️ ertaga direktor bilan qisqa suhbatlashdim, hech qanday o'zgarish sezilmadi.",neutral
2682,"bugun kino bo'yicha faqat kuzatib turdim, prosta savol 📌",neutral
2683,"Yangi internet xizmati ishga tushdi, hozircha hammasi yaxshi ishlayapti, yoqib qoldi. 😎",positive
2684,"Yangi ilova ishga tushdi, hozircha hammasi yaxshi ishlayapti, yoqib qoldi. 😊",positive
2685,"o'qib qo'ydim xolos, ok 📌",neutral
2686,"Facebookda yangi planshet haqida post ko'rdim, menga juda yoqdi, zo'r bo'ldi. 😊",positive
2687,"kelasi oy Qo'qonda dars bo'lib o'tdi, men faqat qatnashdim, neytral qarayman. 🤔",neutral
2688,"iPhone 15 sifati kutilganidek emas, juda sust ishlayapti, afsuslandim. 😞",negative
2689,"😄 Redmi Note 13 sotib oldim, narxi arzon emas, lekin sifati uchun hayratda qoldim.",positive
2690,"uchrashuv juda samarali o'tdi, rahbar tushuntirgan mavzu juda foydali bo'ldi, hayratda qoldim.",positive
2691,"😡 Facebookdagi reklamalar juda asabga tegayapti, umuman yoqmadi.",negative
2692,"ℹ️ kelasi oy Qo'qonda seminar bo'lib o'tdi, men faqat qatnashdim, hech qanday o'zgarish sezilmadi.",neutral
2693,"bugun pul bo'yicha faqat kuzatib turdim, fikir yo'q",neutral
2694,"noutbuk haqida fikrlar turlicha, hozircha oddiy bo'ldi. 😶",neutral
2695,"😠 planshet sifati kutilganidek emas, juda sust ishlayapti, juda jahlim chiqdi.",negative
2696,"😎 😍 Samarqanddagi sayohatim ajoyib o'tdi, xizmatlar hammasi darajasida, yoqib qoldi.",positive
2697,"planshet sotib oldim, narxi arzon emas, lekin sifati uchun hayratda qoldim. 👍 😊",positive
2698,"kommentlarda hammasi urush, bunday bo'lmasligi kerak edi =/",negative
2699,"o'tgan oy Namanganga bordim, hamma narsa juda xursand bo'ldim.",positive
2700,"📌 bugun Toshkentda imtihon bo'lib o'tdi, men faqat qatnashdim, shunchaki ma'lumot uchun.",neutral
2701,"planshet haqida fikrlar turlicha, hozircha oddiy bo'ldi. 🤔 🤔",neutral
2702,"Telegramda aviachiptalar haqida e'lon ko'rdim, hozircha faqat ma'lumot yig'ayapman, hech qanday o'zgarish sezilmadi.",neutral
2703,"Facebookda yangi aviachiptalar haqida post ko'rdim, menga juda yoqdi, mamnunman.",positive
2704,kommentlarni o'qib rostdan ham gap yo'q 🔥,positive
2705,"YouTubeda yangi Samsung A55 haqida post ko'rdim, menga juda yoqdi, mamnunman. 😄 😊",positive
2706,"🤬 kofe sifati kutilganidek emas, juda sust ishlayapti, hafsalam pir bo'ldi.",negative
2707,"aviachiptalar sifati kutilganidek emas, juda sust ishlayapti, noroziman.",negative
2708,"ℹ️ kuryer xizmati bo'yicha yangilanish chiqdi, lekin hozircha neytral qarayman.",neutral
2709,"😍 Instagramda yangi aviachiptalar haqida post ko'rdim, menga juda yoqdi, mamnunman.",positive
2710,"ertaga Xivaga bordim, hamma narsa zo'r bo'ldi.",positive
2711,"servis sifati yana tushib ketgan, umidsizlik 😞",negative
2712,"😄 Samsung A55 sotib oldim, narxi arzon emas, lekin sifati uchun mamnunman.",positive
2713,"o'tgan oy Farg'onada bo'lgan seminar menga umuman yoqmadi, hafsalam pir bo'ldi.",negative
2714,"Qo'qon haqida yangilik o'qidim, shunchaki ma'lumot uchun. 🙄",neutral
2715,"shu hafta Xivada bo'lgan imtihon menga umuman yoqmadi, noroziman.",negative
2716,"noutbuk sotib oldim, narxi arzon emas, lekin sifati uchun yoqib qoldi.",positive
2717,"YouTubeda yangi aviachiptalar haqida post ko'rdim, menga juda yoqdi, zo'r bo'ldi.",positive
2718,😡 🤦‍♂️,negative
2719,"internet bo'yicha musiqa postini ko'rdim, bilmayman 📌",neutral
2720,qattiq hafsalam pir bo'ldi,negative
2721,"Andijondagi sayohatim ajoyib o'tdi, xizmatlar hammasi darajasida, mamnunman. 👍",positive
2722,"💔 Samarqandga borish rejam buzildi, chiptalar bilan muammo bo'ldi, afsuslandim.",negative
2723,"😢 Xivaga borish rejam buzildi, chiptalar bilan muammo bo'ldi, juda jahlim chiqdi.",negative
2724,"Twitterdagi reklamalar juda asabga tegayapti, umuman yoqmadi.",negative
2725,"🤩 ✨ konferensiya juda samarali o'tdi, rahbar tushuntirgan mavzu juda foydali bo'ldi, kayfiyatim ko'tarildi.",positive
2726,"ℹ️ kecha Andijonda majlis bo'lib o'tdi, men faqat qatnashdim, oddatdagidek.",neutral
2727,"odamlar umuman tushuntira olmadi, umidsizlik 😢",negative
2728,"bugun futbol bo'yicha faqat kuzatib turdim, neytralman 🤔",neutral
2729,"😍 uchrashuv juda samarali o'tdi, rahbar tushuntirgan mavzu juda foydali bo'ldi, mamnunman.",positive
2730,"kofe sotib oldim, narxi arzon emas, lekin sifati uchun zo'r bo'ldi. 😎",positive
2731,"😐 Facebookda noutbuk haqida e'lon ko'rdim, hozircha faqat ma'lumot yig'ayapman, hech qanday o'zgarish sezilmadi.",neutral
2732,"📌 😶 Twitterda noutbuk haqida e'lon ko'rdim, hozircha faqat ma'lumot yig'ayapman, hech qanday o'zgarish sezilmadi.",neutral
2733,"ertaga Samarqandga bordim, hamma narsa juda xursand bo'ldim. ✨ 😁",positive
2734,"👍 Yangi mijozlarga xizmat ko'rsatish ishga tushdi, hozircha hammasi yaxshi ishlayapti, yoqib qoldi.",positive
2735,"Yangi dastur ishga tushdi, hozircha hammasi yaxshi ishlayapti, mamnunman. 😊 😄",positive
2736,"Qo'qonga borish rejam buzildi, chiptalar bilan muammo bo'ldi, xafa bo'ldim. 😠",negative
2737,"kelasi oy o'qituvchi bilan qisqa suhbatlashdim, oddiy bo'ldi. 😶 📌",neutral
2738,"instagram sahifa bo'yicha kino mavzusi zo'r chiqibdi, rosa yoqdi 😍",positive
2739,"kommentlarni o'qidim, prosta savol ✍️",neutral
2740,"Yangi ilova ishga tushdi, hozircha hammasi yaxshi ishlayapti, juda xursand bo'ldim. 🥰 😁",positive
2741,"🤩 kecha Samarqandga bordim, hamma narsa zo'r bo'ldi.",positive
2742,"odamlar juda chiroyli tushuntiribdi, klass 🤩",positive
2743,"Telegramda yangi kitob haqida post ko'rdim, menga juda yoqdi, zo'r bo'ldi.",positive
2744,"ertaga Andijonda dars bo'lib o'tdi, men faqat qatnashdim, neytral qarayman. 😶",neutral
2745,"🥰 ✨ Samarqanddagi sayohatim ajoyib o'tdi, xizmatlar hammasi darajasida, yoqib qoldi.",positive
2746,"Telegramda yangi Redmi Note 13 haqida post ko'rdim, menga juda yoqdi, mamnunman. 😊",positive
2747,"bugun Xivaga bordim, hamma narsa juda xursand bo'ldim. 👍",positive
2748,"shu hafta Toshkentga bordim, hamma narsa yoqib qoldi. 😊",positive
2749,"kecha Qo'qonda bo'lgan majlis menga umuman yoqmadi, umuman yoqmadi.",negative
2750,"😎 kecha Buxoroga bordim, hamma narsa zo'r bo'ldi.",positive
2751,"internet sifati yana tushib ketgan, nogiron qilindi 🤦‍♂️",negative
2752,"😶 Namangan haqida yangilik o'qidim, shunchaki ma'lumot uchun.",neutral
2753,"Yangi mijozlarga xizmat ko'rsatish ishga tushdi, hozircha hammasi yaxshi ishlayapti, yoqib qoldi. 🤩 ✨",positive
2754,"instagram sahifa bo'yicha kommentlar postini ko'rdim, neytralman ℹ️",neutral
2755,"kommentlarda hammasi urush, pulga achindim 😢",negative
2756,"rahbar va'da qilgan ishini bajarmadi, natijadan afsuslandim. 💔",negative
2757,"📌 🤔 kitob haqida fikrlar turlicha, hozircha oddatdagidek.",neutral
2758,"🤩 seminar juda samarali o'tdi, o'qituvchi tushuntirgan mavzu juda foydali bo'ldi, hayratda qoldim.",positive
2759,"o'qib qo'ydim xolos, kulib qo'ydim xolos",neutral
2760,"bugungi kino mavzusi zerikarli bo'ldi, bunday bo'lmasligi kerak edi 😢",negative
2761,"Qo'qondagi sayohatim ajoyib o'tdi, xizmatlar hammasi darajasida, zo'r bo'ldi. 👍 😄",positive
2762,"YouTubeda yangi planshet haqida post ko'rdim, menga juda yoqdi, yoqib qoldi.",positive
2763,"kommentlarda hammasi urush, pulga achindim",negative
2764,"Telegramda yangi kitob haqida post ko'rdim, menga juda yoqdi, hayratda qoldim. ✨",positive
2765,"😎 kelasi oy Xivaga bordim, hamma narsa mamnunman.",positive
2766,"Qo'qondagi sayohatim ajoyib o'tdi, xizmatlar hammasi darajasida, mamnunman. 😊 🥰",positive
2767,"😐 shu hafta Samarqandda dars bo'lib o'tdi, men faqat qatnashdim, neytral qarayman.",neutral
2768,"bugungi kommentlar mavzusi zerikarli bo'ldi, bekor ketdi hamma narsasi 😠",negative
2769,"bugun o'qituvchi bilan qisqa suhbatlashdim, hech qanday o'zgarish sezilmadi.",neutral
2770,"bloger nimadir yozibdi, lekin men uchun neytralman ??",neutral
2771,"kommentlarni o'qidim, shunchaki !?",neutral
2772,"Instagramda yangi kitob haqida post ko'rdim, menga juda yoqdi, yoqib qoldi. 🥰",positive
2773,"kelasi oy Qo'qonda majlis bo'lib o'tdi, men faqat qatnashdim, shunchaki ma'lumot uchun.",neutral
2774,kommentlarni o'qib rostdan ham klass ❤️,positive
2775,"🙄 Buxoro haqida yangilik o'qidim, oddiy bo'ldi.",neutral
2776,"😁 😊 Farg'onadagi sayohatim ajoyib o'tdi, xizmatlar hammasi darajasida, mamnunman.",positive
2777,"bugungi kommentlar mavzusi zerikarli bo'ldi, qattiq hafsalam pir bo'ldi 😔",negative
2778,"YouTubeda yangi kitob haqida post ko'rdim, menga juda yoqdi, kayfiyatim ko'tarildi.",positive
2779,"😐 ertaga Qo'qonda uchrashuv bo'lib o'tdi, men faqat qatnashdim, oddiy bo'ldi.",neutral
2780,"Samsung A55 sotib oldim, narxi arzon emas, lekin sifati uchun yoqib qoldi. 🤩",positive
2781,"📌 Twitterda Samsung A55 haqida e'lon ko'rdim, hozircha faqat ma'lumot yig'ayapman, shunchaki ma'lumot uchun.",neutral
2782,kommentlarni o'qib rostdan ham bombaaa 😎,positive
2783,"aka nimadir yozibdi, lekin men uchun fikir yo'q 😶",neutral
2784,"Buxoro haqida yangilik o'qidim, shunchaki ma'lumot uchun. 🙄",neutral
2785,"🤔 🙄 bugun Qo'qonda seminar bo'lib o'tdi, men faqat qatnashdim, neytral qarayman.",neutral
2786,"servis sifati yana tushib ketgan, bunday bo'lmasligi kerak edi",negative
2787,"admin umuman tushuntira olmadi, yoqmadi 😢",negative
2788,"dars juda samarali o'tdi, rahbar tushuntirgan mavzu juda foydali bo'ldi, hayratda qoldim.",positive
2789,"Facebookda kitob haqida e'lon ko'rdim, hozircha faqat ma'lumot yig'ayapman, oddatdagidek.",neutral
2790,"kelasi oy dekan bilan qisqa suhbatlashdim, neytral qarayman.",neutral
2791,"ℹ️ kecha o'qituvchi bilan qisqa suhbatlashdim, hech qanday o'zgarish sezilmadi.",neutral
2792,"kommentlarda hammasi urush, yoqmadi :(",negative
2793,😔 😢,negative
2794,"kommentlarni o'qidim, prosta savol",neutral
2795,"😄 YouTubeda yangi kitob haqida post ko'rdim, menga juda yoqdi, zo'r bo'ldi.",positive
2796,"kelasi oy Namanganda seminar bo'lib o'tdi, men faqat qatnashdim, hech qanday o'zgarish sezilmadi. ℹ️",neutral
2797,"😎 Yangi mijozlarga xizmat ko'rsatish ishga tushdi, hozircha hammasi yaxshi ishlayapti, hayratda qoldim.",positive
2798,"shu hafta Toshkentga bordim, hamma narsa kayfiyatim ko'tarildi.",positive
2799,servis noldan ham past 💔,negative
2800,"😁 😄 majlis juda samarali o'tdi, o'qituvchi tushuntirgan mavzu juda foydali bo'ldi, zo'r bo'ldi.",positive
2801,"Samsung A55 sotib oldim, narxi arzon emas, lekin sifati uchun kayfiyatim ko'tarildi.",positive
2802,"🤩 imtihon juda samarali o'tdi, dekan tushuntirgan mavzu juda foydali bo'ldi, juda xursand bo'ldim.",positive
2803,"bloger nimadir yozibdi, lekin men uchun norm 😶",neutral
2804,"🙄 Instagramda noutbuk haqida e'lon ko'rdim, hozircha faqat ma'lumot yig'ayapman, oddatdagidek.",neutral
2805,"😎 kecha Namanganga bordim, hamma narsa yoqib qoldi.",positive
2806,"😊 🥰 shu hafta Qo'qonga bordim, hamma narsa kayfiyatim ko'tarildi.",positive
2807,"Toshkentga borish rejam buzildi, chiptalar bilan muammo bo'ldi, noroziman. 👎",negative
2808,"bugun professor bilan qisqa suhbatlashdim, neytral qarayman. 🤔",neutral
2809,"kecha Farg'onaga bordim, hamma narsa mamnunman. 👍",positive
2810,"👍 bugun Farg'onaga bordim, hamma narsa yoqib qoldi.",positive
2811,"Yangi bank xizmati ishga tushdi, hozircha hammasi yaxshi ishlayapti, zo'r bo'ldi. 👍 😁",positive
2812,"Instagramdagi reklamalar juda asabga tegayapti, juda jahlim chiqdi. 💔",negative
2813,😐 😶 ✍️,neutral
2814,"😭 do'stim va'da qilgan ishini bajarmadi, natijadan noroziman.",negative
2815,"💔 😡 kuryer xizmati bilan muammo chiqdi, qo'llab-quvvatlash xizmati javob bermadi, umuman yoqmadi.",negative
2816,"aviachiptalar haqida fikrlar turlicha, hozircha oddatdagidek.",neutral
2817,"🤔 kelasi oy direktor bilan qisqa suhbatlashdim, shunchaki ma'lumot uchun.",neutral
2818,"o'tgan oy Andijonga bordim, hamma narsa yoqib qoldi. 😎 😁",positive
2819,"Instagramda aviachiptalar haqida e'lon ko'rdim, hozircha faqat ma'lumot yig'ayapman, neytral qarayman.",neutral
2820,"oyin sifati yana tushib ketgan, yoqmadi 😔",negative
2821,"😐 🙄 YouTubeda planshet haqida e'lon ko'rdim, hozircha faqat ma'lumot yig'ayapman, shunchaki ma'lumot uchun.",neutral
2822,"🥰 😍 Qo'qondagi sayohatim ajoyib o'tdi, xizmatlar hammasi darajasida, mamnunman.",positive
2823,"bank xizmati bo'yicha yangilanish chiqdi, lekin hozircha oddiy bo'ldi. 🙄 😶",neutral
2824,"📌 internet xizmati bo'yicha yangilanish chiqdi, lekin hozircha oddatdagidek.",neutral
2825,"Xivaga borish rejam buzildi, chiptalar bilan muammo bo'ldi, afsuslandim.",negative
2826,"Twitterda yangi kitob haqida post ko'rdim, menga juda yoqdi, juda xursand bo'ldim.",positive
2827,"Andijon haqida yangilik o'qidim, hech qanday o'zgarish sezilmadi. 😶",neutral
2828,"kuryer xizmati bo'yicha yangilanish chiqdi, lekin hozircha shunchaki ma'lumot uchun. 😐",neutral
2829,"ℹ️ Facebookda noutbuk haqida e'lon ko'rdim, hozircha faqat ma'lumot yig'ayapman, shunchaki ma'lumot uchun.",neutral
2830,"Facebookda yangi Samsung A55 haqida post ko'rdim, menga juda yoqdi, yoqib qoldi.",positive
2831,"😢 😭 ilova bilan muammo chiqdi, qo'llab-quvvatlash xizmati javob bermadi, noroziman.",negative
2832,"Instagramda kitob haqida e'lon ko'rdim, hozircha faqat ma'lumot yig'ayapman, neytral qarayman.",neutral
2833,menga yoqdi 😄,positive
2834,"📌 shu hafta Samarqandda konferensiya bo'lib o'tdi, men faqat qatnashdim, shunchaki ma'lumot uchun.",neutral
2835,"post bo'yicha yangiliklar postini ko'rdim, fikir yo'q 😶",neutral
2836,"😐 📌 aviachiptalar haqida fikrlar turlicha, hozircha shunchaki ma'lumot uchun.",neutral
2837,"iPhone 15 sifati kutilganidek emas, juda sust ishlayapti, afsuslandim. 😭",negative
2838,"😠 😠 direktor va'da qilgan ishini bajarmadi, natijadan afsuslandim.",negative
2839,"dastur bo'yicha siyosat postini ko'rdim, prosta savol ✍️",neutral
2840,"kelasi oy dekan bilan qisqa suhbatlashdim, oddiy bo'ldi.",neutral
2841,"bugun Toshkentda seminar bo'lib o'tdi, men faqat qatnashdim, oddiy bo'ldi.",neutral
2842,"uchrashuv juda samarali o'tdi, dekan tushuntirgan mavzu juda foydali bo'ldi, mamnunman.",positive
2843,"kofe haqida fikrlar turlicha, hozircha shunchaki ma'lumot uchun. 🤔 😐",neutral
2844,"🤬 rahbar va'da qilgan ishini bajarmadi, natijadan afsuslandim.",negative
2845,"kecha Xivaga bordim, hamma narsa kayfiyatim ko'tarildi.",positive
2846,ok 😶,neutral
2847,"😭 💔 ertaga Namanganda bo'lgan uchrashuv menga umuman yoqmadi, umuman yoqmadi.",negative
2848,"Toshkent haqida yangilik o'qidim, hech qanday o'zgarish sezilmadi. 🙄 🙄",neutral
2849,"kecha Buxoroda seminar bo'lib o'tdi, men faqat qatnashdim, oddiy bo'ldi. 📌",neutral
2850,"😠 o'qituvchi va'da qilgan ishini bajarmadi, natijadan hafsalam pir bo'ldi.",negative
2851,"shu hafta Buxoroda bo'lgan imtihon menga umuman yoqmadi, juda jahlim chiqdi. 🤬 💔",negative
2852,"Facebookdagi reklamalar juda asabga tegayapti, juda jahlim chiqdi. 😢",negative
2853,"hamkasbim va'da qilgan ishini bajarmadi, natijadan juda jahlim chiqdi. 💔",negative
2854,"🙄 Facebookda noutbuk haqida e'lon ko'rdim, hozircha faqat ma'lumot yig'ayapman, neytral qarayman.",neutral
2855,"ertaga o'qituvchi bilan qisqa suhbatlashdim, hech qanday o'zgarish sezilmadi. 😶",neutral
2856,"shu hafta professor bilan qisqa suhbatlashdim, neytral qarayman. 🤔 😐",neutral
2857,😁 :),positive
2858,bunaqa kontent ko'proq bo'lsa zo'r bo'lardi 😎,positive
2859,"YouTubedagi reklamalar juda asabga tegayapti, xafa bo'ldim. 😞",negative
2860,"dars juda samarali o'tdi, direktor tushuntirgan mavzu juda foydali bo'ldi, juda xursand bo'ldim. 😎",positive
2861,"YouTubeda yangi Redmi Note 13 haqida post ko'rdim, menga juda yoqdi, juda xursand bo'ldim. 😎 ✨",positive
2862,😡 :'( 💔 👎,negative
2863,"💔 😢 o'qituvchi va'da qilgan ishini bajarmadi, natijadan hafsalam pir bo'ldi.",negative
2864,"😶 o'tgan oy Andijonda dars bo'lib o'tdi, men faqat qatnashdim, hech qanday o'zgarish sezilmadi.",neutral
2865,"kelasi oy o'qituvchi bilan qisqa suhbatlashdim, shunchaki ma'lumot uchun. 🤔",neutral
2866,"😁 🥰 Namangandagi sayohatim ajoyib o'tdi, xizmatlar hammasi darajasida, yoqib qoldi.",positive
2867,"Yangi mijozlarga xizmat ko'rsatish ishga tushdi, hozircha hammasi yaxshi ishlayapti, zo'r bo'ldi. 😎",positive
2868,"ertaga hamkasbim bilan qisqa suhbatlashdim, shunchaki ma'lumot uchun.",neutral
2869,"Facebookda noutbuk haqida e'lon ko'rdim, hozircha faqat ma'lumot yig'ayapman, oddiy bo'ldi. 📌",neutral
2870,"instagram sahifa bo'yicha blog postini ko'rdim, ok",neutral
2871,"aviachiptalar sotib oldim, narxi arzon emas, lekin sifati uchun yoqib qoldi. 😄",positive
2872,"kitob haqida fikrlar turlicha, hozircha hech qanday o'zgarish sezilmadi.",neutral
2873,"kommentlarda hammasi urush, qattiq hafsalam pir bo'ldi :(",negative
2874,"Andijon haqida yangilik o'qidim, oddatdagidek.",neutral
2875,"folloverlar nimadir yozibdi, lekin men uchun kulib qo'ydim xolos",neutral
2876,"😠 Twitterdagi reklamalar juda asabga tegayapti, afsuslandim.",negative
2877,"dastur bilan muammo chiqdi, qo'llab-quvvatlash xizmati javob bermadi, juda jahlim chiqdi.",negative
2878,"bugun hamkasbim bilan qisqa suhbatlashdim, hech qanday o'zgarish sezilmadi.",neutral
2879,🥰 ✨ 🥰,positive
2880,"noutbuk sifati kutilganidek emas, juda sust ishlayapti, umuman yoqmadi.",negative
2881,"bugungi instagram sahifa haqidagi texnika videolari yoqdi, top :D",positive
2882,"kommentlarda hammasi urush, aldashdi 🤦‍♀️",negative
2883,"konferensiya juda samarali o'tdi, professor tushuntirgan mavzu juda foydali bo'ldi, juda xursand bo'ldim.",positive
2884,"noutbuk sifati kutilganidek emas, juda sust ishlayapti, noroziman. 😔 🤬",negative
2885,"YouTubeda yangi Samsung A55 haqida post ko'rdim, menga juda yoqdi, zo'r bo'ldi.",positive
2886,"😐 o'tgan oy Qo'qonda majlis bo'lib o'tdi, men faqat qatnashdim, oddiy bo'ldi.",neutral
2887,"👍 bugun Samarqandga bordim, hamma narsa kayfiyatim ko'tarildi.",positive
2888,"ertaga Qo'qonga bordim, hamma narsa kayfiyatim ko'tarildi.",positive
2889,"🤩 Yangi mijozlarga xizmat ko'rsatish ishga tushdi, hozircha hammasi yaxshi ishlayapti, yoqib qoldi.",positive
2890,"majlis juda samarali o'tdi, direktor tushuntirgan mavzu juda foydali bo'ldi, juda xursand bo'ldim.",positive
2891,"YouTubeda yangi kofe haqida post ko'rdim, menga juda yoqdi, kayfiyatim ko'tarildi. ✨ 😄",positive
2892,!? 📌,neutral
2893,"bugun Xivada bo'lgan uchrashuv menga umuman yoqmadi, juda jahlim chiqdi. 😔",negative
2894,"📌 😐 Telegramda kitob haqida e'lon ko'rdim, hozircha faqat ma'lumot yig'ayapman, shunchaki ma'lumot uchun.",neutral
2895,"😁 👍 Qo'qondagi sayohatim ajoyib o'tdi, xizmatlar hammasi darajasida, yoqib qoldi.",positive
2896,"oyin bo'yicha texnika postini ko'rdim, shunchaki ...",neutral
2897,"hamma juda chiroyli tushuntiribdi, zo'r ;)",positive
2898,"servis sifati yana tushib ketgan, servis noldan ham past 💔",negative
2899,"bugun Toshkentga bordim, hamma narsa juda xursand bo'ldim. 🤩",positive
2900,"kelasi oy Samarqandda bo'lgan konferensiya menga umuman yoqmadi, afsuslandim. 😞",negative
2901,"Yangi bank xizmati ishga tushdi, hozircha hammasi yaxshi ishlayapti, kayfiyatim ko'tarildi. 🤩",positive
2902,😭,negative
2903,"🙄 kecha Samarqandda uchrashuv bo'lib o'tdi, men faqat qatnashdim, shunchaki ma'lumot uchun.",neutral
2904,"Xivadagi sayohatim ajoyib o'tdi, xizmatlar hammasi darajasida, kayfiyatim ko'tarildi.",positive
2905,"YouTubedagi reklamalar juda asabga tegayapti, umuman yoqmadi.",negative
2906,"majlis juda samarali o'tdi, professor tushuntirgan mavzu juda foydali bo'ldi, kayfiyatim ko'tarildi. 👍",positive
2907,"ilova bo'yicha yangiliklar postini ko'rdim, neytralman",neutral
2908,"odamlar juda chiroyli tushuntiribdi, menga yoqdi 😎",positive
2909,"opa nimadir yozibdi, lekin men uchun ok 🤔",neutral
2910,"YouTubeda yangi kitob haqida post ko'rdim, menga juda yoqdi, yoqib qoldi.",positive
2911,"kelasi oy Farg'onada uchrashuv bo'lib o'tdi, men faqat qatnashdim, hech qanday o'zgarish sezilmadi. ℹ️",neutral
2912,"💔 kelasi oy Namanganda bo'lgan seminar menga umuman yoqmadi, hafsalam pir bo'ldi.",negative
2913,"bloger umuman tushuntira olmadi, aldashdi :(",negative
2914,"bugungi pul mavzusi zerikarli bo'ldi, bekor ekan 😭",negative
2915,"🤬 😔 dekan va'da qilgan ishini bajarmadi, natijadan xafa bo'ldim.",negative
2916,🥰 ❤️,positive
2917,"kommentlarda hammasi urush, yoqmadi",negative
2918,😞 🤦‍♀️ 💔 😔,negative
2919,"kuryer xizmati bilan muammo chiqdi, qo'llab-quvvatlash xizmati javob bermadi, xafa bo'ldim.",negative
2920,ok ✍️,neutral
2921,"ilova bo'yicha kommentlar mavzusi zo'r chiqibdi, gap yo'q 😎",positive
2922,"😔 kuryer xizmati bilan muammo chiqdi, qo'llab-quvvatlash xizmati javob bermadi, juda jahlim chiqdi.",negative
2923,zerikarli 🤦‍♀️,negative
2924,"🥰 Andijondagi sayohatim ajoyib o'tdi, xizmatlar hammasi darajasida, zo'r bo'ldi.",positive
2925,"Twitterda noutbuk haqida e'lon ko'rdim, hozircha faqat ma'lumot yig'ayapman, hech qanday o'zgarish sezilmadi.",neutral
2926,"iPhone 15 sifati kutilganidek emas, juda sust ishlayapti, umuman yoqmadi. 😭",negative
2927,"kommentlarni o'qidim, neytralman ✍️",neutral
2928,"Twitterda yangi Samsung A55 haqida post ko'rdim, menga juda yoqdi, hayratda qoldim. ✨",positive
2929,"😢 internet xizmati bilan muammo chiqdi, qo'llab-quvvatlash xizmati javob bermadi, hafsalam pir bo'ldi.",negative
2930,"ℹ️ 📌 Samarqand haqida yangilik o'qidim, oddatdagidek.",neutral
2931,❤️ ;) ;) ;),positive
2932,"🥰 kofe sotib oldim, narxi arzon emas, lekin sifati uchun juda xursand bo'ldim.",positive
2933,"🤬 Redmi Note 13 sifati kutilganidek emas, juda sust ishlayapti, xafa bo'ldim.",negative
2934,"ertaga Toshkentga bordim, hamma narsa yoqib qoldi. ✨",positive
2935,"kelasi oy Toshkentga bordim, hamma narsa hayratda qoldim. 😎 🤩",positive
2936,"aka juda chiroyli tushuntiribdi, chiqqan joyi yoqdi",positive
2937,zerikarli >:(,negative
2938,"Facebookda yangi noutbuk haqida post ko'rdim, menga juda yoqdi, yoqib qoldi. 😍 🥰",positive
2939,"bugun Namanganda bo'lgan dars menga umuman yoqmadi, hafsalam pir bo'ldi.",negative
2940,"📌 😐 kecha rahbar bilan qisqa suhbatlashdim, oddiy bo'ldi.",neutral
2941,"🤩 🤩 Qo'qondagi sayohatim ajoyib o'tdi, xizmatlar hammasi darajasida, mamnunman.",positive
2942,"Xivadagi sayohatim ajoyib o'tdi, xizmatlar hammasi darajasida, kayfiyatim ko'tarildi. 😍 😍",positive
2943,"😎 Toshkentdagi sayohatim ajoyib o'tdi, xizmatlar hammasi darajasida, mamnunman.",positive
2944,shunchaki 😐,neutral
2945,;) ✨ :D,positive
2946,😢 😢 :-/ :-/,negative
2947,"Facebookda yangi Redmi Note 13 haqida post ko'rdim, menga juda yoqdi, hayratda qoldim. 🥰",positive
2948,"😶 Twitterda kofe haqida e'lon ko'rdim, hozircha faqat ma'lumot yig'ayapman, neytral qarayman.",neutral
2949,"🤔 😶 internet xizmati bo'yicha yangilanish chiqdi, lekin hozircha shunchaki ma'lumot uchun.",neutral
2950,"telefon operatori bo'yicha yangilanish chiqdi, lekin hozircha oddatdagidek. 😶",neutral
2951,"dekan va'da qilgan ishini bajarmadi, natijadan juda jahlim chiqdi. 🤬",negative
2952,juda yomon 😠,negative
2953,"konferensiya juda samarali o'tdi, o'qituvchi tushuntirgan mavzu juda foydali bo'ldi, hayratda qoldim. ✨",positive
2954,"👍 Xivadagi sayohatim ajoyib o'tdi, xizmatlar hammasi darajasida, mamnunman.",positive
2955,"😊 Instagramda yangi iPhone 15 haqida post ko'rdim, menga juda yoqdi, juda xursand bo'ldim.",positive
2956,😊 👍 😊,positive
2957,"do'stim va'da qilgan ishini bajarmadi, natijadan juda jahlim chiqdi. 😔",negative
2958,"Instagramda yangi Samsung A55 haqida post ko'rdim, menga juda yoqdi, kayfiyatim ko'tarildi. 😍",positive
2959,"😐 bugun dekan bilan qisqa suhbatlashdim, hech qanday o'zgarish sezilmadi.",neutral
2960,"telegram kanal bo'yicha talim postini ko'rdim, kulib qo'ydim xolos 😶",neutral
2961,"Samarqanddagi sayohatim ajoyib o'tdi, xizmatlar hammasi darajasida, kayfiyatim ko'tarildi.",positive
2962,"🤔 kecha Xivada seminar bo'lib o'tdi, men faqat qatnashdim, hech qanday o'zgarish sezilmadi.",neutral
2963,"kommentlarda hammasi urush, umuman yoqmaydi 😠",negative
2964,"👍 Instagramda yangi Samsung A55 haqida post ko'rdim, menga juda yoqdi, yoqib qoldi.",positive
2965,:) <3 =),positive
2966,"uchrashuv juda samarali o'tdi, hamkasbim tushuntirgan mavzu juda foydali bo'ldi, hayratda qoldim.",positive
2967,"ℹ️ Namangan haqida yangilik o'qidim, shunchaki ma'lumot uchun.",neutral
2968,"ertaga Andijonga bordim, hamma narsa juda xursand bo'ldim. 🤩",positive
2969,😊 :) 😊 🤩,positive
2970,"majlis juda samarali o'tdi, rahbar tushuntirgan mavzu juda foydali bo'ldi, mamnunman. 😄",positive
2971,"Namangandagi sayohatim ajoyib o'tdi, xizmatlar hammasi darajasida, zo'r bo'ldi. 😁",positive
2972,"Qo'qondagi sayohatim ajoyib o'tdi, xizmatlar hammasi darajasida, mamnunman. ✨",positive
2973,"💔 Namanganga borish rejam buzildi, chiptalar bilan muammo bo'ldi, noroziman.",negative
2974,"dars juda samarali o'tdi, direktor tushuntirgan mavzu juda foydali bo'ldi, juda xursand bo'ldim. 😁",positive
2975,"YouTubeda yangi noutbuk haqida post ko'rdim, menga juda yoqdi, hayratda qoldim.",positive
2976,"😔 kecha Samarqandda bo'lgan konferensiya menga umuman yoqmadi, xafa bo'ldim.",negative
2977,"Twitterda aviachiptalar haqida e'lon ko'rdim, hozircha faqat ma'lumot yig'ayapman, hech qanday o'zgarish sezilmadi. ℹ️ 😶",neutral
2978,"Yangi telefon operatori ishga tushdi, hozircha hammasi yaxshi ishlayapti, juda xursand bo'ldim. ✨",positive
2979,"😠 😢 Farg'onaga borish rejam buzildi, chiptalar bilan muammo bo'ldi, umuman yoqmadi.",negative
2980,top ❤️,positive
2981,"🤔 o'tgan oy rahbar bilan qisqa suhbatlashdim, oddatdagidek.",neutral
2982,"Samarqandga borish rejam buzildi, chiptalar bilan muammo bo'ldi, xafa bo'ldim. 😭",negative
2983,"Farg'onadagi sayohatim ajoyib o'tdi, xizmatlar hammasi darajasida, yoqib qoldi. 😊",positive
2984,"Redmi Note 13 haqida fikrlar turlicha, hozircha oddatdagidek. 😐 😶",neutral
2985,"🤔 Telegramda iPhone 15 haqida e'lon ko'rdim, hozircha faqat ma'lumot yig'ayapman, neytral qarayman.",neutral
2986,"dars juda samarali o'tdi, professor tushuntirgan mavzu juda foydali bo'ldi, mamnunman. 😁",positive
2987,"Samarqanddagi sayohatim ajoyib o'tdi, xizmatlar hammasi darajasida, hayratda qoldim. 😁",positive
2988,"Qo'qon haqida yangilik o'qidim, shunchaki ma'lumot uchun.",neutral
2989,?? 🤔 🤔,neutral
2990,"Xivaga borish rejam buzildi, chiptalar bilan muammo bo'ldi, hafsalam pir bo'ldi. 😠",negative
2991,"😁 uchrashuv juda samarali o'tdi, professor tushuntirgan mavzu juda foydali bo'ldi, juda xursand bo'ldim.",positive
2992,"🙄 kecha do'stim bilan qisqa suhbatlashdim, hech qanday o'zgarish sezilmadi.",neutral
2993,"😍 Yangi bank xizmati ishga tushdi, hozircha hammasi yaxshi ishlayapti, juda xursand bo'ldim.",positive
2994,"Toshkentga borish rejam buzildi, chiptalar bilan muammo bo'ldi, hafsalam pir bo'ldi.",negative
2995,"aviachiptalar sotib oldim, narxi arzon emas, lekin sifati uchun mamnunman. 👍",positive
2996,"sayt bo'yicha texnika mavzusi zo'r chiqibdi, zor 😎",positive
2997,"kuryer xizmati bo'yicha yangilanish chiqdi, lekin hozircha neytral qarayman. 🤔",neutral
2998,"kecha Xivada bo'lgan imtihon menga umuman yoqmadi, hafsalam pir bo'ldi. 👎",negative
2999,"bugungi texnika mavzusi zerikarli bo'ldi, pulga achindim 😔",negative
3000,"😐 Andijon haqida yangilik o'qidim, hech qanday o'zgarish sezilmadi.",neutral
3001,"Telegramda yangi kitob haqida post ko'rdim, menga juda yoqdi, zo'r bo'ldi. ✨",positive
3002,"o'tgan oy rahbar bilan qisqa suhbatlashdim, neytral qarayman.",neutral
3003,"😍 Telegramda yangi Redmi Note 13 haqida post ko'rdim, menga juda yoqdi, juda xursand bo'ldim.",positive
3004,"Twitterdagi reklamalar juda asabga tegayapti, juda jahlim chiqdi.",negative
3005,"ilova bo'yicha futbol postini ko'rdim, norm",neutral
3006,"planshet sotib oldim, narxi arzon emas, lekin sifati uchun zo'r bo'ldi.",positive
3007,"ertaga Buxoroda majlis bo'lib o'tdi, men faqat qatnashdim, oddiy bo'ldi.",neutral
3008,"bugun Andijonda bo'lgan seminar menga umuman yoqmadi, noroziman.",negative
3009,"kelasi oy Farg'onaga bordim, hamma narsa juda xursand bo'ldim.",positive
3010,"Twitterda yangi Samsung A55 haqida post ko'rdim, menga juda yoqdi, hayratda qoldim.",positive
3011,info uchun 😶,neutral
3012,:) 🤩 😁 ✨,positive
3013,"kelasi oy Farg'onada uchrashuv bo'lib o'tdi, men faqat qatnashdim, oddiy bo'ldi.",neutral
3014,bunaqa kontent ko'proq bo'lsa zo'r bo'lardi :D,positive
3015,"🤔 📌 ertaga Buxoroda imtihon bo'lib o'tdi, men faqat qatnashdim, neytral qarayman.",neutral
3016,"Yangi bank xizmati ishga tushdi, hozircha hammasi yaxshi ishlayapti, kayfiyatim ko'tarildi. 😎",positive
3017,"bloger umuman tushuntira olmadi, nogiron qilindi 😞",negative
3018,kommentlarni o'qib rostdan ham yaxshi ishlayapti ✨,positive
3019,"💔 ertaga Buxoroda bo'lgan seminar menga umuman yoqmadi, noroziman.",negative
3020,"😐 kelasi oy rahbar bilan qisqa suhbatlashdim, oddatdagidek.",neutral
3021,"😶 Facebookda Redmi Note 13 haqida e'lon ko'rdim, hozircha faqat ma'lumot yig'ayapman, oddiy bo'ldi.",neutral
3022,"Toshkentdagi sayohatim ajoyib o'tdi, xizmatlar hammasi darajasida, juda xursand bo'ldim. 😎 👍",positive
3023,kommentlarni o'qib rostdan ham super 🔥,positive
3024,"bugun hamkasbim bilan qisqa suhbatlashdim, shunchaki ma'lumot uchun.",neutral
3025,"Redmi Note 13 haqida fikrlar turlicha, hozircha oddiy bo'ldi. 😶 😶",neutral
3026,"bugungi servis haqidagi kommentlar videolari yoqdi, zo'r 😊",positive
3027,"📌 Namangan haqida yangilik o'qidim, shunchaki ma'lumot uchun.",neutral
3028,"Qo'qonga borish rejam buzildi, chiptalar bilan muammo bo'ldi, afsuslandim.",negative
3029,"bugungi video haqidagi texnika videolari yoqdi, gap yo'q ❤️",positive
3030,"seminar juda samarali o'tdi, do'stim tushuntirgan mavzu juda foydali bo'ldi, yoqib qoldi. 🤩",positive
3031,"Telegramda yangi iPhone 15 haqida post ko'rdim, menga juda yoqdi, mamnunman.",positive
3032,"folloverlar nimadir yozibdi, lekin men uchun prosta savol !?",neutral
3033,"bugun Qo'qonda seminar bo'lib o'tdi, men faqat qatnashdim, hech qanday o'zgarish sezilmadi.",neutral
3034,"😁 Qo'qondagi sayohatim ajoyib o'tdi, xizmatlar hammasi darajasida, mamnunman.",positive
3035,"kitob sotib oldim, narxi arzon emas, lekin sifati uchun hayratda qoldim. ✨",positive
3036,"Xiva haqida yangilik o'qidim, shunchaki ma'lumot uchun.",neutral
3037,"😐 o'tgan oy Farg'onada dars bo'lib o'tdi, men faqat qatnashdim, shunchaki ma'lumot uchun.",neutral
3038,"shu hafta Andijonga bordim, hamma narsa juda xursand bo'ldim.",positive
3039,"😁 ✨ Twitterda yangi iPhone 15 haqida post ko'rdim, menga juda yoqdi, yoqib qoldi.",positive
3040,"bugun pul bo'yicha faqat kuzatib turdim, fikir yo'q 😐",neutral
3041,"😍 Yangi dastur ishga tushdi, hozircha hammasi yaxshi ishlayapti, hayratda qoldim.",positive
3042,"✨ Facebookda yangi Redmi Note 13 haqida post ko'rdim, menga juda yoqdi, mamnunman.",positive
3043,🙄 😶,neutral
3044,"😐 🙄 shu hafta Buxoroda majlis bo'lib o'tdi, men faqat qatnashdim, neytral qarayman.",neutral
3045,"👎 hamkasbim va'da qilgan ishini bajarmadi, natijadan xafa bo'ldim.",negative
3046,"💔 kelasi oy Samarqandda bo'lgan uchrashuv menga umuman yoqmadi, juda jahlim chiqdi.",negative
3047,top 👍,positive
3048,🔥 🥰,positive
3049,"uchrashuv juda samarali o'tdi, rahbar tushuntirgan mavzu juda foydali bo'ldi, yoqib qoldi.",positive
3050,"kelasi oy Qo'qonga bordim, hamma narsa zo'r bo'ldi.",positive
3051,"seminar juda samarali o'tdi, rahbar tushuntirgan mavzu juda foydali bo'ldi, zo'r bo'ldi. 🤩",positive
3052,"😎 Facebookda yangi iPhone 15 haqida post ko'rdim, menga juda yoqdi, kayfiyatim ko'tarildi.",positive
3053,"😍 😍 konferensiya juda samarali o'tdi, direktor tushuntirgan mavzu juda foydali bo'ldi, yoqib qoldi.",positive
3054,kulib qo'ydim xolos,neutral
3055,"👍 😎 Andijondagi sayohatim ajoyib o'tdi, xizmatlar hammasi darajasida, juda xursand bo'ldim.",positive
3056,"Xivaga borish rejam buzildi, chiptalar bilan muammo bo'ldi, xafa bo'ldim. 😞",negative
3057,"😐 📌 Qo'qon haqida yangilik o'qidim, oddatdagidek.",neutral
3058,"✨ Samsung A55 sotib oldim, narxi arzon emas, lekin sifati uchun juda xursand bo'ldim.",positive
3059,"Telegramda kofe haqida e'lon ko'rdim, hozircha faqat ma'lumot yig'ayapman, oddatdagidek. 😶",neutral
3060,"😄 Yangi mijozlarga xizmat ko'rsatish ishga tushdi, hozircha hammasi yaxshi ishlayapti, yoqib qoldi.",positive
3061,"konferensiya juda samarali o'tdi, dekan tushuntirgan mavzu juda foydali bo'ldi, hayratda qoldim. 😄 😎",positive
3062,"shu hafta Toshkentga bordim, hamma narsa mamnunman.",positive
3063,"kommentlarda hammasi urush, nogiron qilindi 😔",negative
3064,"🤔 o'tgan oy Samarqandda seminar bo'lib o'tdi, men faqat qatnashdim, neytral qarayman.",neutral
3065,"🤩 aviachiptalar sotib oldim, narxi arzon emas, lekin sifati uchun zo'r bo'ldi.",positive
3066,"😠 iPhone 15 sifati kutilganidek emas, juda sust ishlayapti, juda jahlim chiqdi.",negative
3067,"bugungi texnika mavzusi zerikarli bo'ldi, yoqmadi 🤬",negative
3068,"Samarqanddagi sayohatim ajoyib o'tdi, xizmatlar hammasi darajasida, yoqib qoldi. ✨",positive
3069,"shu hafta Samarqandda bo'lgan dars menga umuman yoqmadi, umuman yoqmadi.",negative
3070,"kelasi oy Toshkentda bo'lgan imtihon menga umuman yoqmadi, juda jahlim chiqdi. 🤬",negative
3071,umidsizlik 😔,negative
3072,"dastur sifati yana tushib ketgan, bunday bo'lmasligi kerak edi 😡",negative
3073,"bugun Toshkentda bo'lgan majlis menga umuman yoqmadi, juda jahlim chiqdi. 💔 💔",negative
3074,"bugungi post haqidagi yangiliklar videolari yoqdi, yaxshi ishlayapti 👍",positive
3075,"🙄 noutbuk haqida fikrlar turlicha, hozircha neytral qarayman.",neutral
3076,😁 :D ;),positive
3077,"do'stlar juda chiroyli tushuntiribdi, bombaaa 😎",positive
3078,"bugun Qo'qonga bordim, hamma narsa kayfiyatim ko'tarildi. 🤩",positive
3079,"Andijondagi sayohatim ajoyib o'tdi, xizmatlar hammasi darajasida, kayfiyatim ko'tarildi. 🥰",positive
3080,💔 🤦‍♀️ =/,negative
3081,"kelasi oy Namanganga bordim, hamma narsa yoqib qoldi.",positive
3082,"uchrashuv juda samarali o'tdi, rahbar tushuntirgan mavzu juda foydali bo'ldi, hayratda qoldim. ✨ 😄",positive
3083,"kelasi oy Namanganga bordim, hamma narsa yoqib qoldi. 😍",positive
3084,info uchun 🤔,neutral
3085,"Samsung A55 sifati kutilganidek emas, juda sust ishlayapti, xafa bo'ldim. 💔",negative
3086,"😁 kelasi oy Qo'qonga bordim, hamma narsa kayfiyatim ko'tarildi.",positive
3087,"Instagramda yangi kofe haqida post ko'rdim, menga juda yoqdi, zo'r bo'ldi. ✨ 🥰",positive
3088,"Facebookda yangi Samsung A55 haqida post ko'rdim, menga juda yoqdi, mamnunman.",positive
3089,"mijozlarga xizmat ko'rsatish bo'yicha yangilanish chiqdi, lekin hozircha oddatdagidek.",neutral
3090,:'( 🤬,negative
3091,"o'tgan oy do'stim bilan qisqa suhbatlashdim, oddatdagidek. ℹ️ 🙄",neutral
3092,"aviachiptalar sotib oldim, narxi arzon emas, lekin sifati uchun zo'r bo'ldi. 👍 😍",positive
3093,"Yangi mijozlarga xizmat ko'rsatish ishga tushdi, hozircha hammasi yaxshi ishlayapti, juda xursand bo'ldim. 🤩",positive
3094,"😞 💔 kuryer xizmati bilan muammo chiqdi, qo'llab-quvvatlash xizmati javob bermadi, hafsalam pir bo'ldi.",negative
3095,"bugungi sayt haqidagi yangiliklar videolari yoqdi, bombaaa 🔥",positive
3096,bilmayman,neutral
3097,"📌 o'tgan oy professor bilan qisqa suhbatlashdim, shunchaki ma'lumot uchun.",neutral
3098,"instagram sahifa bo'yicha kino mavzusi zo'r chiqibdi, klass",positive
3099,"aviachiptalar sifati kutilganidek emas, juda sust ishlayapti, afsuslandim. 👎",negative
3100,"kommentlarda hammasi urush, aldashdi 😠",negative
3101,"😭 😭 kofe sifati kutilganidek emas, juda sust ishlayapti, hafsalam pir bo'ldi.",negative
3102,"😁 🤩 Facebookda yangi planshet haqida post ko'rdim, menga juda yoqdi, mamnunman.",positive
3103,"odamlar juda chiroyli tushuntiribdi, gap yo'q 😄",positive
3104,"bloger umuman tushuntira olmadi, qattiq hafsalam pir bo'ldi 😭",negative
3105,"😊 😁 shu hafta Toshkentga bordim, hamma narsa hayratda qoldim.",positive
3106,"bugun musiqa bo'yicha faqat kuzatib turdim, ko'rdim xolos",neutral
3107,"kuryer xizmati bo'yicha yangilanish chiqdi, lekin hozircha shunchaki ma'lumot uchun. 📌",neutral
3108,"📌 kecha Samarqandda seminar bo'lib o'tdi, men faqat qatnashdim, hech qanday o'zgarish sezilmadi.",neutral
3109,"ℹ️ 😐 o'tgan oy do'stim bilan qisqa suhbatlashdim, neytral qarayman.",neutral
3110,"do'stlar juda chiroyli tushuntiribdi, klass 😊",positive
3111,"kommentlarda hammasi urush, pulga achindim :'(",negative
3112,"👎 bank xizmati bilan muammo chiqdi, qo'llab-quvvatlash xizmati javob bermadi, afsuslandim.",negative
3113,"kecha Farg'onaga bordim, hamma narsa yoqib qoldi. 😁",positive
3114,"😊 😁 Yangi kuryer xizmati ishga tushdi, hozircha hammasi yaxshi ishlayapti, mamnunman.",positive
3115,"Yangi mijozlarga xizmat ko'rsatish ishga tushdi, hozircha hammasi yaxshi ishlayapti, yoqib qoldi.",positive
3116,"YouTubeda yangi iPhone 15 haqida post ko'rdim, menga juda yoqdi, zo'r bo'ldi. ✨",positive
3117,"😊 noutbuk sotib oldim, narxi arzon emas, lekin sifati uchun juda xursand bo'ldim.",positive
3118,,
3119,bunday bo'lmasligi kerak edi,negative
3120,,
3121,yaxshi ishlayapti 😄,positive
3122,"🤩 🥰 YouTubeda yangi kitob haqida post ko'rdim, menga juda yoqdi, mamnunman.",positive
3123,"Samarqandga borish rejam buzildi, chiptalar bilan muammo bo'ldi, afsuslandim.",negative
3124,"😄 Xivadagi sayohatim ajoyib o'tdi, xizmatlar hammasi darajasida, kayfiyatim ko'tarildi.",positive
3125,"telegram kanal sifati yana tushib ketgan, umidsizlik 😞",negative
3126,"bugungi telegram kanal haqidagi blog videolari yoqdi, otliii 👍",positive
3127,"📌 Twitterda noutbuk haqida e'lon ko'rdim, hozircha faqat ma'lumot yig'ayapman, neytral qarayman.",neutral
3128,"📌 iPhone 15 haqida fikrlar turlicha, hozircha neytral qarayman.",neutral
3129,"😎 planshet sotib oldim, narxi arzon emas, lekin sifati uchun mamnunman.",positive
3130,"Telegramdagi reklamalar juda asabga tegayapti, umuman yoqmadi.",negative
3131,"post sifati yana tushib ketgan, servis noldan ham past 😡",negative
3132,"dastur bo'yicha yangilanish chiqdi, lekin hozircha shunchaki ma'lumot uchun. ℹ️",neutral
3133,"kuryer xizmati bilan muammo chiqdi, qo'llab-quvvatlash xizmati javob bermadi, noroziman.",negative
3134,"o'qib qo'ydim xolos, kulib qo'ydim xolos ℹ️",neutral
3135,"Yangi dastur ishga tushdi, hozircha hammasi yaxshi ishlayapti, yoqib qoldi. 😊",positive
3136,"bugun Namanganga bordim, hamma narsa hayratda qoldim.",positive
3137,"Facebookda planshet haqida e'lon ko'rdim, hozircha faqat ma'lumot yig'ayapman, neytral qarayman. 🙄",neutral
3138,"o'tgan oy o'qituvchi bilan qisqa suhbatlashdim, oddatdagidek.",neutral
3139,"Instagramda kofe haqida e'lon ko'rdim, hozircha faqat ma'lumot yig'ayapman, hech qanday o'zgarish sezilmadi.",neutral
3140,"kuryer xizmati bo'yicha yangilanish chiqdi, lekin hozircha hech qanday o'zgarish sezilmadi. 😐",neutral
3141,"planshet haqida fikrlar turlicha, hozircha oddiy bo'ldi. 😶 😶",neutral
3142,"Toshkent haqida yangilik o'qidim, oddiy bo'ldi. 🤔",neutral
3143,"uchrashuv juda samarali o'tdi, rahbar tushuntirgan mavzu juda foydali bo'ldi, hayratda qoldim. 😄",positive
3144,"📌 shu hafta professor bilan qisqa suhbatlashdim, neytral qarayman.",neutral
3145,"😶 ℹ️ kelasi oy Namanganda imtihon bo'lib o'tdi, men faqat qatnashdim, oddiy bo'ldi.",neutral
3146,"o'qib qo'ydim xolos, shunchaki 😐",neutral
3147,"iPhone 15 haqida fikrlar turlicha, hozircha shunchaki ma'lumot uchun. 😶",neutral
3148,"🙄 Farg'ona haqida yangilik o'qidim, hech qanday o'zgarish sezilmadi.",neutral
3149,"bugun professor bilan qisqa suhbatlashdim, shunchaki ma'lumot uchun.",neutral
3150,"imtihon juda samarali o'tdi, rahbar tushuntirgan mavzu juda foydali bo'ldi, zo'r bo'ldi.",positive
3151,"Telegramda yangi aviachiptalar haqida post ko'rdim, menga juda yoqdi, juda xursand bo'ldim. 👍",positive
3152,"😍 shu hafta Namanganga bordim, hamma narsa kayfiyatim ko'tarildi.",positive
3153,"YouTubeda yangi Redmi Note 13 haqida post ko'rdim, menga juda yoqdi, juda xursand bo'ldim.",positive
3154,"Twitterda aviachiptalar haqida e'lon ko'rdim, hozircha faqat ma'lumot yig'ayapman, hech qanday o'zgarish sezilmadi. 🤔",neutral
3155,"o'tgan oy do'stim bilan qisqa suhbatlashdim, neytral qarayman. 🤔",neutral
3156,"kelasi oy Buxoroda seminar bo'lib o'tdi, men faqat qatnashdim, oddatdagidek. 😐",neutral
3157,"o'tgan oy Samarqandga bordim, hamma narsa mamnunman. 🥰",positive
3158,"Farg'onadagi sayohatim ajoyib o'tdi, xizmatlar hammasi darajasida, yoqib qoldi. 😄",positive
3159,"dastur bilan muammo chiqdi, qo'llab-quvvatlash xizmati javob bermadi, afsuslandim. 😞",negative
3160,"Facebookda noutbuk haqida e'lon ko'rdim, hozircha faqat ma'lumot yig'ayapman, oddatdagidek.",neutral
3161,"😠 Twitterdagi reklamalar juda asabga tegayapti, umuman yoqmadi.",negative
3162,"😶 ℹ️ YouTubeda iPhone 15 haqida e'lon ko'rdim, hozircha faqat ma'lumot yig'ayapman, hech qanday o'zgarish sezilmadi.",neutral
3163,"telegram kanal bo'yicha futbol mavzusi zo'r chiqibdi, kontent yoqdi 😁",positive
3164,"👎 kitob sifati kutilganidek emas, juda sust ishlayapti, juda jahlim chiqdi.",negative
3165,"Instagramda yangi aviachiptalar haqida post ko'rdim, menga juda yoqdi, zo'r bo'ldi. 😁",positive
3166,"Buxoroga borish rejam buzildi, chiptalar bilan muammo bo'ldi, hafsalam pir bo'ldi. 🤬",negative
3167,"😡 do'stim va'da qilgan ishini bajarmadi, natijadan xafa bo'ldim.",negative
3168,"🥰 😁 dars juda samarali o'tdi, direktor tushuntirgan mavzu juda foydali bo'ldi, mamnunman.",positive
3169,"😊 planshet sotib oldim, narxi arzon emas, lekin sifati uchun mamnunman.",positive
3170,bunaqa kontent ko'proq bo'lsa zo'r bo'lardi,positive
3171,"konferensiya juda samarali o'tdi, professor tushuntirgan mavzu juda foydali bo'ldi, zo'r bo'ldi.",positive
3172,"Facebookda aviachiptalar haqida e'lon ko'rdim, hozircha faqat ma'lumot yig'ayapman, shunchaki ma'lumot uchun.",neutral
3173,fikir yo'q ??,neutral
3174,"📌 kecha direktor bilan qisqa suhbatlashdim, hech qanday o'zgarish sezilmadi.",neutral
3175,"bugun Namanganda bo'lgan imtihon menga umuman yoqmadi, hafsalam pir bo'ldi.",negative
3176,"Xiva haqida yangilik o'qidim, oddiy bo'ldi. 🙄 🤔",neutral
3177,"imtihon juda samarali o'tdi, do'stim tushuntirgan mavzu juda foydali bo'ldi, yoqib qoldi.",positive
3178,🔥 😁,positive
3179,"😊 Yangi kuryer xizmati ishga tushdi, hozircha hammasi yaxshi ishlayapti, yoqib qoldi.",positive
3180,"odamlar juda chiroyli tushuntiribdi, rahmat, zo'r ekan 😎",positive
3181,"shu hafta Xivaga bordim, hamma narsa kayfiyatim ko'tarildi. 😁",positive
3182,aldashdi 👎,negative
3183,"🤬 😞 Qo'qonga borish rejam buzildi, chiptalar bilan muammo bo'ldi, umuman yoqmadi.",negative
3184,"Toshkentdagi sayohatim ajoyib o'tdi, xizmatlar hammasi darajasida, hayratda qoldim. 😍",positive
3185,"ertaga Farg'onada bo'lgan imtihon menga umuman yoqmadi, noroziman.",negative
3186,"😎 Samsung A55 sotib oldim, narxi arzon emas, lekin sifati uchun yoqib qoldi.",positive
3187,"😐 o'tgan oy professor bilan qisqa suhbatlashdim, hech qanday o'zgarish sezilmadi.",neutral
3188,"hamma juda chiroyli tushuntiribdi, bombaaa 😁",positive
3189,"✨ Instagramda yangi iPhone 15 haqida post ko'rdim, menga juda yoqdi, zo'r bo'ldi.",positive
3190,"bank xizmati bo'yicha yangilanish chiqdi, lekin hozircha neytral qarayman. 😐",neutral
3191,"Samarqanddagi sayohatim ajoyib o'tdi, xizmatlar hammasi darajasida, hayratda qoldim. 🤩 🤩",positive
3192,"💔 😢 YouTubedagi reklamalar juda asabga tegayapti, afsuslandim.",negative
3193,"bugungi blog mavzusi zerikarli bo'ldi, bekor ketdi hamma narsasi 💔",negative
3194,bekor ketdi hamma narsasi 😠,negative
3195,"shu hafta Toshkentda konferensiya bo'lib o'tdi, men faqat qatnashdim, neytral qarayman.",neutral
3196,"bugun hamkasbim bilan qisqa suhbatlashdim, neytral qarayman. 📌",neutral
3197,"Facebookda yangi Samsung A55 haqida post ko'rdim, menga juda yoqdi, juda xursand bo'ldim.",positive
3198,"🤩 😊 Yangi dastur ishga tushdi, hozircha hammasi yaxshi ishlayapti, yoqib qoldi.",positive
3199,"aka umuman tushuntira olmadi, umidsizlik 💔",negative
3200,"shu hafta Namanganga bordim, hamma narsa mamnunman. 🤩",positive
3201,"🥰 ✨ Instagramda yangi noutbuk haqida post ko'rdim, menga juda yoqdi, juda xursand bo'ldim.",positive
3202,"bugungi talim mavzusi zerikarli bo'ldi, juda yomon 💔",negative
3203,"odamlar umuman tushuntira olmadi, bekor ketdi hamma narsasi 😔",negative
3204,"telefon operatori bilan muammo chiqdi, qo'llab-quvvatlash xizmati javob bermadi, xafa bo'ldim. 👎",negative
3205,yoqmadi,negative
3206,"oyin sifati yana tushib ketgan, umuman yoqmaydi 😭",negative
3207,aldashdi 💔,negative
3208,"servis bo'yicha yangiliklar mavzusi zo'r chiqibdi, rosa yoqdi 😊",positive
3209,"telegram kanal bo'yicha siyosat postini ko'rdim, hech narsa o'zgarmadi 😶",neutral
3210,"😎 😎 imtihon juda samarali o'tdi, dekan tushuntirgan mavzu juda foydali bo'ldi, kayfiyatim ko'tarildi.",positive
3211,"🤔 kecha professor bilan qisqa suhbatlashdim, oddatdagidek.",neutral
3212,"o'tgan oy Toshkentga bordim, hamma narsa zo'r bo'ldi.",positive
3213,zor 😎,positive
3214,"😔 professor va'da qilgan ishini bajarmadi, natijadan noroziman.",negative
3215,"aka nimadir yozibdi, lekin men uchun info uchun 😐",neutral
3216,"🤩 uchrashuv juda samarali o'tdi, professor tushuntirgan mavzu juda foydali bo'ldi, mamnunman.",positive
3217,"Samsung A55 sifati kutilganidek emas, juda sust ishlayapti, umuman yoqmadi. 😭",negative
3218,"ℹ️ kecha professor bilan qisqa suhbatlashdim, shunchaki ma'lumot uchun.",neutral
3219,"😄 kelasi oy Samarqandga bordim, hamma narsa yoqib qoldi.",positive
3220,"Yangi dastur ishga tushdi, hozircha hammasi yaxshi ishlayapti, mamnunman. 😁 😁",positive
3221,"post bo'yicha futbol postini ko'rdim, ko'rdim xolos 😶",neutral
3222,"internet xizmati bo'yicha yangilanish chiqdi, lekin hozircha hech qanday o'zgarish sezilmadi. 🙄",neutral
3223,"😠 kelasi oy Xivada bo'lgan dars menga umuman yoqmadi, noroziman.",negative
3224,"o'tgan oy dekan bilan qisqa suhbatlashdim, hech qanday o'zgarish sezilmadi.",neutral
3225,💔,negative
3226,"shu hafta Andijonga bordim, hamma narsa kayfiyatim ko'tarildi.",positive
3227,"👍 👍 Namangandagi sayohatim ajoyib o'tdi, xizmatlar hammasi darajasida, juda xursand bo'ldim.",positive
3228,🔥 =) 😊,positive
3229,"sayt bo'yicha talim mavzusi zo'r chiqibdi, kontent yoqdi 🤩",positive
3230,"kofe sotib oldim, narxi arzon emas, lekin sifati uchun zo'r bo'ldi. 😎 😄",positive
3231,"😄 majlis juda samarali o'tdi, o'qituvchi tushuntirgan mavzu juda foydali bo'ldi, mamnunman.",positive
3232,"telegram kanal bo'yicha yangiliklar mavzusi zo'r chiqibdi, otliii ✨",positive
3233,"Facebookda yangi noutbuk haqida post ko'rdim, menga juda yoqdi, zo'r bo'ldi.",positive
3234,"Qo'qonga borish rejam buzildi, chiptalar bilan muammo bo'ldi, hafsalam pir bo'ldi. 💔",negative
3235,"Instagramda kitob haqida e'lon ko'rdim, hozircha faqat ma'lumot yig'ayapman, oddiy bo'ldi. 😐 ℹ️",neutral
3236,"dars juda samarali o'tdi, direktor tushuntirgan mavzu juda foydali bo'ldi, mamnunman. 😊 🥰",positive
3237,"ertaga direktor bilan qisqa suhbatlashdim, neytral qarayman.",neutral
3238,✨ 🤩 :D,positive
3239,"😁 Yangi mijozlarga xizmat ko'rsatish ishga tushdi, hozircha hammasi yaxshi ishlayapti, juda xursand bo'ldim.",positive
3240,"video sifati yana tushib ketgan, qattiq hafsalam pir bo'ldi =/",negative
3241,"o'qib qo'ydim xolos, fikir yo'q 😶",neutral
3242,"Twitterda yangi iPhone 15 haqida post ko'rdim, menga juda yoqdi, mamnunman. 🥰",positive
3243,"planshet sifati kutilganidek emas, juda sust ishlayapti, umuman yoqmadi. 😭",negative
3244,"yana shunaqa reklama chiqdi, charchatdi 🤦‍♀️",negative
3245,"servis bo'yicha kommentlar postini ko'rdim, info uchun 😶",neutral
3246,"instagram sahifa bo'yicha texnika postini ko'rdim, shunchaki",neutral
3247,yaxshi ishlayapti 👍,positive
3248,"Yangi mijozlarga xizmat ko'rsatish ishga tushdi, hozircha hammasi yaxshi ishlayapti, mamnunman. 😄",positive
3249,"👍 Yangi kuryer xizmati ishga tushdi, hozircha hammasi yaxshi ishlayapti, yoqib qoldi.",positive
3250,"Instagramda aviachiptalar haqida e'lon ko'rdim, hozircha faqat ma'lumot yig'ayapman, oddiy bo'ldi.",neutral
3251,"✨ Farg'onadagi sayohatim ajoyib o'tdi, xizmatlar hammasi darajasida, juda xursand bo'ldim.",positive
3252,"😁 Namangandagi sayohatim ajoyib o'tdi, xizmatlar hammasi darajasida, hayratda qoldim.",positive
3253,"YouTubeda Redmi Note 13 haqida e'lon ko'rdim, hozircha faqat ma'lumot yig'ayapman, neytral qarayman.",neutral
3254,"planshet sifati kutilganidek emas, juda sust ishlayapti, noroziman. 😢",negative
3255,otliii 🤩,positive
3256,"ℹ️ ilova bo'yicha yangilanish chiqdi, lekin hozircha hech qanday o'zgarish sezilmadi.",neutral
3257,"kommentlarda hammasi urush, bekor ekan 🤬",negative
3258,"bugungi servis haqidagi texnika videolari yoqdi, otliii :)",positive
3259,"ℹ️ ertaga Buxoroda majlis bo'lib o'tdi, men faqat qatnashdim, shunchaki ma'lumot uchun.",neutral
3260,"Farg'ona haqida yangilik o'qidim, oddatdagidek. 📌 🤔",neutral
3261,>:( 👎 🤬,negative
3262,"😁 seminar juda samarali o'tdi, professor tushuntirgan mavzu juda foydali bo'ldi, juda xursand bo'ldim.",positive
3263,"😶 kecha Namanganda imtihon bo'lib o'tdi, men faqat qatnashdim, shunchaki ma'lumot uchun.",neutral
3264,"🤩 majlis juda samarali o'tdi, o'qituvchi tushuntirgan mavzu juda foydali bo'ldi, mamnunman.",positive
3265,"🤔 Twitterda kofe haqida e'lon ko'rdim, hozircha faqat ma'lumot yig'ayapman, hech qanday o'zgarish sezilmadi.",neutral
3266,"bugungi blog mavzusi zerikarli bo'ldi, servis noldan ham past 😠",negative
3267,"Telegramda yangi Samsung A55 haqida post ko'rdim, menga juda yoqdi, zo'r bo'ldi.",positive
3268,"💔 😡 Samsung A55 sifati kutilganidek emas, juda sust ishlayapti, hafsalam pir bo'ldi.",negative
3269,?? ✍️,neutral
3270,"bugun Namanganda seminar bo'lib o'tdi, men faqat qatnashdim, neytral qarayman.",neutral
3271,"Telegramda yangi Redmi Note 13 haqida post ko'rdim, menga juda yoqdi, kayfiyatim ko'tarildi.",positive
3272,"😍 🥰 uchrashuv juda samarali o'tdi, o'qituvchi tushuntirgan mavzu juda foydali bo'ldi, juda xursand bo'ldim.",positive
3273,"servis bo'yicha futbol postini ko'rdim, bilmayman 😶",neutral
3274,"Facebookdagi reklamalar juda asabga tegayapti, umuman yoqmadi.",negative
3275,"Redmi Note 13 sotib oldim, narxi arzon emas, lekin sifati uchun juda xursand bo'ldim.",positive
3276,"Farg'onaga borish rejam buzildi, chiptalar bilan muammo bo'ldi, afsuslandim. 😡",negative
3277,zerikarli 😞,negative
3278,"📌 ilova bo'yicha yangilanish chiqdi, lekin hozircha hech qanday o'zgarish sezilmadi.",neutral
3279,!? :|,neutral
3280,"post bo'yicha talim postini ko'rdim, ok 😶",neutral
3281,"🤩 😎 YouTubeda yangi iPhone 15 haqida post ko'rdim, menga juda yoqdi, zo'r bo'ldi.",positive
3282,kommentlarni o'qib rostdan ham otliii ❤️,positive
3283,"seminar juda samarali o'tdi, o'qituvchi tushuntirgan mavzu juda foydali bo'ldi, kayfiyatim ko'tarildi. 😍",positive
3284,"👍 Yangi dastur ishga tushdi, hozircha hammasi yaxshi ishlayapti, juda xursand bo'ldim.",positive
3285,"majlis juda samarali o'tdi, hamkasbim tushuntirgan mavzu juda foydali bo'ldi, zo'r bo'ldi.",positive
3286,"Farg'onaga borish rejam buzildi, chiptalar bilan muammo bo'ldi, afsuslandim. 🤬",negative
3287,"👍 imtihon juda samarali o'tdi, do'stim tushuntirgan mavzu juda foydali bo'ldi, yoqib qoldi.",positive
3288,"😄 imtihon juda samarali o'tdi, direktor tushuntirgan mavzu juda foydali bo'ldi, mamnunman.",positive
3289,"😊 shu hafta Andijonga bordim, hamma narsa zo'r bo'ldi.",positive
3290,"bugun Samarqandda bo'lgan dars menga umuman yoqmadi, xafa bo'ldim.",negative
3291,"🥰 bugun Qo'qonga bordim, hamma narsa zo'r bo'ldi.",positive
3292,"😍 Redmi Note 13 sotib oldim, narxi arzon emas, lekin sifati uchun mamnunman.",positive
3293,"Facebookda kitob haqida e'lon ko'rdim, hozircha faqat ma'lumot yig'ayapman, oddiy bo'ldi.",neutral
3294,"ertaga Toshkentga bordim, hamma narsa juda xursand bo'ldim. 👍",positive
3295,"servis sifati yana tushib ketgan, bekor ekan 😢",negative
3296,"dars juda samarali o'tdi, do'stim tushuntirgan mavzu juda foydali bo'ldi, juda xursand bo'ldim. 😊",positive
3297,ko'rdim xolos 🤔,neutral
3298,"🙄 YouTubeda noutbuk haqida e'lon ko'rdim, hozircha faqat ma'lumot yig'ayapman, neytral qarayman.",neutral
3299,"🙄 😶 aviachiptalar haqida fikrlar turlicha, hozircha hech qanday o'zgarish sezilmadi.",neutral
3300,👍 ;) 😊,positive
3301,"opa nimadir yozibdi, lekin men uchun norm :|",neutral
3302,"😊 Yangi kuryer xizmati ishga tushdi, hozircha hammasi yaxshi ishlayapti, mamnunman.",positive
3303,"kofe sifati kutilganidek emas, juda sust ishlayapti, noroziman. 😠",negative
3304,"😍 Toshkentdagi sayohatim ajoyib o'tdi, xizmatlar hammasi darajasida, yoqib qoldi.",positive
3305,kommentlarni o'qib rostdan ham chiqqan joyi yoqdi 🔥,positive
3306,"dastur bo'yicha yangilanish chiqdi, lekin hozircha neytral qarayman.",neutral
3307,"hamma juda chiroyli tushuntiribdi, top 😁",positive
3308,"✨ Twitterda yangi aviachiptalar haqida post ko'rdim, menga juda yoqdi, hayratda qoldim.",positive
3309,"Telegramda yangi Samsung A55 haqida post ko'rdim, menga juda yoqdi, hayratda qoldim.",positive
3310,"bugungi dastur haqidagi kino videolari yoqdi, yaxshi ishlayapti 🤩",positive
3311,"Namangan haqida yangilik o'qidim, shunchaki ma'lumot uchun.",neutral
3312,"Twitterda planshet haqida e'lon ko'rdim, hozircha faqat ma'lumot yig'ayapman, oddatdagidek. ℹ️ 😐",neutral
3313,"planshet sotib oldim, narxi arzon emas, lekin sifati uchun yoqib qoldi.",positive
3314,"Twitterda yangi Samsung A55 haqida post ko'rdim, menga juda yoqdi, yoqib qoldi.",positive
3315,ok 😐,neutral
3316,info uchun 🙄,neutral
3317,"bugungi dastur haqidagi blog videolari yoqdi, gap yo'q ;)",positive
3318,"👎 😠 YouTubedagi reklamalar juda asabga tegayapti, umuman yoqmadi.",negative
3319,👍 👍 ❤️ 👍,positive
3320,"Instagramdagi reklamalar juda asabga tegayapti, xafa bo'ldim. 😠",negative
3321,"o'tgan oy Xivaga bordim, hamma narsa juda xursand bo'ldim. 😄",positive
3322,"😔 😢 Facebookdagi reklamalar juda asabga tegayapti, xafa bo'ldim.",negative
3323,"😍 🤩 ertaga Toshkentga bordim, hamma narsa kayfiyatim ko'tarildi.",positive
3324,"ertaga Andijonda bo'lgan dars menga umuman yoqmadi, hafsalam pir bo'ldi.",negative
3325,"bugun Andijonga bordim, hamma narsa hayratda qoldim.",positive
3326,"opa umuman tushuntira olmadi, juda yomon 🤦‍♀️",negative
3327,"telefon operatori bo'yicha yangilanish chiqdi, lekin hozircha neytral qarayman.",neutral
3328,"Twitterda planshet haqida e'lon ko'rdim, hozircha faqat ma'lumot yig'ayapman, oddatdagidek. 😐",neutral
3329,"Instagramda yangi Redmi Note 13 haqida post ko'rdim, menga juda yoqdi, yoqib qoldi.",positive
3330,"😍 Twitterda yangi iPhone 15 haqida post ko'rdim, menga juda yoqdi, hayratda qoldim.",positive
3331,"Telegramda yangi aviachiptalar haqida post ko'rdim, menga juda yoqdi, kayfiyatim ko'tarildi.",positive
3332,"kecha Farg'onaga bordim, hamma narsa yoqib qoldi.",positive
3333,"post bo'yicha yangiliklar mavzusi zo'r chiqibdi, gap yo'q 😎",positive
3334,"aviachiptalar haqida fikrlar turlicha, hozircha shunchaki ma'lumot uchun. 😐",neutral
3335,"ertaga o'qituvchi bilan qisqa suhbatlashdim, oddatdagidek.",neutral
3336,"bugun Qo'qonda konferensiya bo'lib o'tdi, men faqat qatnashdim, oddatdagidek.",neutral
3337,"🥰 Qo'qondagi sayohatim ajoyib o'tdi, xizmatlar hammasi darajasida, zo'r bo'ldi.",positive
3338,"😍 Instagramda yangi kitob haqida post ko'rdim, menga juda yoqdi, yoqib qoldi.",positive
3339,"📌 📌 Qo'qon haqida yangilik o'qidim, oddiy bo'ldi.",neutral
3340,ko'rdim xolos ℹ️,neutral
3341,"Samsung A55 sotib oldim, narxi arzon emas, lekin sifati uchun juda xursand bo'ldim. 😁",positive
3342,😶,neutral
3343,"bugun Andijonga bordim, hamma narsa juda xursand bo'ldim. 😄",positive
3344,"telegram kanal bo'yicha pul mavzusi zo'r chiqibdi, klass",positive
3345,"iPhone 15 sifati kutilganidek emas, juda sust ishlayapti, xafa bo'ldim. 😔 😡",negative
3346,"Facebookda Redmi Note 13 haqida e'lon ko'rdim, hozircha faqat ma'lumot yig'ayapman, shunchaki ma'lumot uchun. 🙄",neutral
3347,"🤩 Twitterda yangi kofe haqida post ko'rdim, menga juda yoqdi, yoqib qoldi.",positive
3348,"😶 kitob haqida fikrlar turlicha, hozircha hech qanday o'zgarish sezilmadi.",neutral
3349,😎 :D 🥰 😁,positive
3350,"kecha Namanganga bordim, hamma narsa mamnunman. 😎 😎",positive
3351,>:( 😞,negative
3352,"majlis juda samarali o'tdi, professor tushuntirgan mavzu juda foydali bo'ldi, mamnunman. 🥰 😎",positive
3353,"Andijonga borish rejam buzildi, chiptalar bilan muammo bo'ldi, afsuslandim. 😔",negative
3354,"Buxoro haqida yangilik o'qidim, hech qanday o'zgarish sezilmadi.",neutral
3355,"🥰 imtihon juda samarali o'tdi, rahbar tushuntirgan mavzu juda foydali bo'ldi, yoqib qoldi.",positive
3356,"instagram sahifa bo'yicha kommentlar postini ko'rdim, ko'rdim xolos 📌",neutral
3357,"Yangi telefon operatori ishga tushdi, hozircha hammasi yaxshi ishlayapti, zo'r bo'ldi. 😁 😊",positive
3358,"rahmat, zo'r ekan 🤩",positive
3359,?? ℹ️ ...,neutral
3360,"Buxorodagi sayohatim ajoyib o'tdi, xizmatlar hammasi darajasida, hayratda qoldim. 😄",positive
3361,"Samarqanddagi sayohatim ajoyib o'tdi, xizmatlar hammasi darajasida, yoqib qoldi.",positive
3362,"seminar juda samarali o'tdi, do'stim tushuntirgan mavzu juda foydali bo'ldi, yoqib qoldi. 🤩 🥰",positive
3363,"iPhone 15 sifati kutilganidek emas, juda sust ishlayapti, umuman yoqmadi. 😢",negative
3364,"🙄 🤔 Facebookda kofe haqida e'lon ko'rdim, hozircha faqat ma'lumot yig'ayapman, shunchaki ma'lumot uchun.",neutral
3365,"😢 Instagramdagi reklamalar juda asabga tegayapti, hafsalam pir bo'ldi.",negative
3366,?? !? ...,neutral
3367,"💔 Instagramdagi reklamalar juda asabga tegayapti, noroziman.",negative
3368,"majlis juda samarali o'tdi, dekan tushuntirgan mavzu juda foydali bo'ldi, juda xursand bo'ldim. 👍",positive
3369,:) ;),positive
3370,"Telegramda yangi iPhone 15 haqida post ko'rdim, menga juda yoqdi, zo'r bo'ldi. 😊",positive
3371,"🥰 😄 Samsung A55 sotib oldim, narxi arzon emas, lekin sifati uchun juda xursand bo'ldim.",positive
3372,"bank xizmati bilan muammo chiqdi, qo'llab-quvvatlash xizmati javob bermadi, hafsalam pir bo'ldi.",negative
3373,"😢 o'qituvchi va'da qilgan ishini bajarmadi, natijadan afsuslandim.",negative
3374,"o'qib qo'ydim xolos, ok ✍️",neutral
3375,"📌 Buxoro haqida yangilik o'qidim, hech qanday o'zgarish sezilmadi.",neutral
3376,"dars juda samarali o'tdi, o'qituvchi tushuntirgan mavzu juda foydali bo'ldi, hayratda qoldim. 😄",positive
3377,"YouTubeda yangi Redmi Note 13 haqida post ko'rdim, menga juda yoqdi, yoqib qoldi.",positive
3378,kommentlarni o'qib rostdan ham rosa yoqdi 😍,positive
3379,"✨ 😊 dars juda samarali o'tdi, rahbar tushuntirgan mavzu juda foydali bo'ldi, yoqib qoldi.",positive
3380,"✨ 😎 seminar juda samarali o'tdi, rahbar tushuntirgan mavzu juda foydali bo'ldi, zo'r bo'ldi.",positive
3381,"Instagramda Samsung A55 haqida e'lon ko'rdim, hozircha faqat ma'lumot yig'ayapman, oddiy bo'ldi. 😐",neutral
3382,"bugun futbol bo'yicha faqat kuzatib turdim, prosta savol 🙄",neutral
3383,"bugun Buxoroda seminar bo'lib o'tdi, men faqat qatnashdim, neytral qarayman.",neutral
3384,"imtihon juda samarali o'tdi, hamkasbim tushuntirgan mavzu juda foydali bo'ldi, mamnunman.",positive
3385,💔 😔,negative
3386,"😭 kelasi oy Namanganda bo'lgan majlis menga umuman yoqmadi, noroziman.",negative
3387,"👍 Yangi dastur ishga tushdi, hozircha hammasi yaxshi ishlayapti, kayfiyatim ko'tarildi.",positive
3388,"Samsung A55 sotib oldim, narxi arzon emas, lekin sifati uchun zo'r bo'ldi. 👍",positive
3389,"😭 😡 YouTubedagi reklamalar juda asabga tegayapti, umuman yoqmadi.",negative
3390,"bugun Buxoroda imtihon bo'lib o'tdi, men faqat qatnashdim, shunchaki ma'lumot uchun. 📌",neutral
3391,"bugun Samarqandda dars bo'lib o'tdi, men faqat qatnashdim, neytral qarayman.",neutral
3392,hech nima tushunmadim 🤦‍♀️,negative
3393,"uchrashuv juda samarali o'tdi, o'qituvchi tushuntirgan mavzu juda foydali bo'ldi, kayfiyatim ko'tarildi. 🤩 👍",positive
3394,"Buxorodagi sayohatim ajoyib o'tdi, xizmatlar hammasi darajasida, yoqib qoldi.",positive
3395,"o'tgan oy professor bilan qisqa suhbatlashdim, neytral qarayman. 😶",neutral
3396,"hamma nimadir yozibdi, lekin men uchun neytralman 😐",neutral
3397,"sayt sifati yana tushib ketgan, servis noldan ham past",negative
3398,"noutbuk sotib oldim, narxi arzon emas, lekin sifati uchun yoqib qoldi. 👍",positive
3399,"bugun Qo'qonda bo'lgan majlis menga umuman yoqmadi, xafa bo'ldim.",negative
3400,"internet xizmati bilan muammo chiqdi, qo'llab-quvvatlash xizmati javob bermadi, umuman yoqmadi.",negative
3401,"🥰 😊 Yangi telefon operatori ishga tushdi, hozircha hammasi yaxshi ishlayapti, yoqib qoldi.",positive
3402,"Farg'onadagi sayohatim ajoyib o'tdi, xizmatlar hammasi darajasida, mamnunman. 😎",positive
3403,"😐 shu hafta Toshkentda uchrashuv bo'lib o'tdi, men faqat qatnashdim, shunchaki ma'lumot uchun.",neutral
3404,"Instagramdagi reklamalar juda asabga tegayapti, xafa bo'ldim. 😭 😠",negative
3405,"Yangi kuryer xizmati ishga tushdi, hozircha hammasi yaxshi ishlayapti, hayratda qoldim. 😄",positive
3406,"odamlar juda chiroyli tushuntiribdi, yaxshi ishlayapti 🤩",positive
3407,"kelasi oy Namanganga bordim, hamma narsa hayratda qoldim. 😍",positive
3408,"Instagramda yangi planshet haqida post ko'rdim, menga juda yoqdi, zo'r bo'ldi. 😊",positive
3409,"😡 mijozlarga xizmat ko'rsatish bilan muammo chiqdi, qo'llab-quvvatlash xizmati javob bermadi, hafsalam pir bo'ldi.",negative
3410,"odamlar nimadir yozibdi, lekin men uchun norm ??",neutral
3411,"Samarqand haqida yangilik o'qidim, shunchaki ma'lumot uchun. 😐",neutral
3412,"Farg'onadagi sayohatim ajoyib o'tdi, xizmatlar hammasi darajasida, hayratda qoldim. 🤩 🥰",positive
3413,"bugungi instagram sahifa haqidagi siyosat videolari yoqdi, super ✨",positive
3414,"Farg'onadagi sayohatim ajoyib o'tdi, xizmatlar hammasi darajasida, juda xursand bo'ldim.",positive
3415,"video sifati yana tushib ketgan, zerikarli",negative
3416,"👍 🤩 bugun Samarqandga bordim, hamma narsa zo'r bo'ldi.",positive
3417,"🤩 👍 dars juda samarali o'tdi, professor tushuntirgan mavzu juda foydali bo'ldi, kayfiyatim ko'tarildi.",positive
3418,"imtihon juda samarali o'tdi, rahbar tushuntirgan mavzu juda foydali bo'ldi, yoqib qoldi.",positive
3419,:D,positive
3420,kommentlarni o'qib rostdan ham gap yo'q 🤩,positive
3421,"professor va'da qilgan ishini bajarmadi, natijadan noroziman. 🤬 😢",negative
3422,"Farg'onadagi sayohatim ajoyib o'tdi, xizmatlar hammasi darajasida, yoqib qoldi. 😁 🥰",positive
3423,"✨ kelasi oy Samarqandga bordim, hamma narsa juda xursand bo'ldim.",positive
3424,"Telegramda yangi Samsung A55 haqida post ko'rdim, menga juda yoqdi, juda xursand bo'ldim.",positive
3425,"🤩 😁 ertaga Buxoroga bordim, hamma narsa juda xursand bo'ldim.",positive
3426,"uchrashuv juda samarali o'tdi, hamkasbim tushuntirgan mavzu juda foydali bo'ldi, kayfiyatim ko'tarildi. ✨",positive
3427,"aviachiptalar sotib oldim, narxi arzon emas, lekin sifati uchun mamnunman.",positive
3428,"Yangi telefon operatori ishga tushdi, hozircha hammasi yaxshi ishlayapti, juda xursand bo'ldim. 👍 😊",positive
3429,"dars juda samarali o'tdi, rahbar tushuntirgan mavzu juda foydali bo'ldi, mamnunman.",positive
3430,"o'tgan oy Toshkentga bordim, hamma narsa kayfiyatim ko'tarildi. ✨",positive
3431,"Buxorodagi sayohatim ajoyib o'tdi, xizmatlar hammasi darajasida, juda xursand bo'ldim. 🤩 😄",positive
3432,"😍 Yangi kuryer xizmati ishga tushdi, hozircha hammasi yaxshi ishlayapti, juda xursand bo'ldim.",positive
3433,kommentlarni o'qib rostdan ham top 🔥,positive
3434,"kofe sifati kutilganidek emas, juda sust ishlayapti, umuman yoqmadi. 💔 😭",negative
3435,"🤔 😶 shu hafta hamkasbim bilan qisqa suhbatlashdim, neytral qarayman.",neutral
3436,"ertaga Samarqandda bo'lgan konferensiya menga umuman yoqmadi, afsuslandim. 😡",negative
3437,kommentlarni o'qib rostdan ham top 👍,positive
3438,"o'tgan oy Andijonda imtihon bo'lib o'tdi, men faqat qatnashdim, neytral qarayman.",neutral
3439,"✨ 😎 kecha Buxoroga bordim, hamma narsa zo'r bo'ldi.",positive
3440,"🤩 Yangi ilova ishga tushdi, hozircha hammasi yaxshi ishlayapti, yoqib qoldi.",positive
3441,✨ 😁 :),positive
3442,"😊 Farg'onadagi sayohatim ajoyib o'tdi, xizmatlar hammasi darajasida, zo'r bo'ldi.",positive
3443,"YouTubeda yangi Samsung A55 haqida post ko'rdim, menga juda yoqdi, juda xursand bo'ldim. 😍 😍",positive
3444,"Instagramda Samsung A55 haqida e'lon ko'rdim, hozircha faqat ma'lumot yig'ayapman, oddatdagidek. ℹ️ 😶",neutral
3445,"🙄 kelasi oy Xivada konferensiya bo'lib o'tdi, men faqat qatnashdim, hech qanday o'zgarish sezilmadi.",neutral
3446,"hamkasbim va'da qilgan ishini bajarmadi, natijadan xafa bo'ldim. 🤬 💔",negative
3447,"👍 Instagramda yangi kitob haqida post ko'rdim, menga juda yoqdi, yoqib qoldi.",positive
3448,😁 🥰,positive
3449,"👍 😎 seminar juda samarali o'tdi, do'stim tushuntirgan mavzu juda foydali bo'ldi, mamnunman.",positive
3450,"😄 Qo'qondagi sayohatim ajoyib o'tdi, xizmatlar hammasi darajasida, yoqib qoldi.",positive
3451,"Redmi Note 13 sotib oldim, narxi arzon emas, lekin sifati uchun kayfiyatim ko'tarildi. 👍",positive
3452,bekor ekan 💔,negative
3453,"😄 🥰 seminar juda samarali o'tdi, direktor tushuntirgan mavzu juda foydali bo'ldi, juda xursand bo'ldim.",positive
3454,🥰 =) 😊 🔥,positive
3455,zerikarli =/,negative
3456,"iPhone 15 sifati kutilganidek emas, juda sust ishlayapti, afsuslandim.",negative
3457,"😐 dastur bo'yicha yangilanish chiqdi, lekin hozircha oddatdagidek.",neutral
3458,"iPhone 15 sotib oldim, narxi arzon emas, lekin sifati uchun kayfiyatim ko'tarildi. 😁",positive
3459,"Instagramda planshet haqida e'lon ko'rdim, hozircha faqat ma'lumot yig'ayapman, shunchaki ma'lumot uchun.",neutral
3460,"o'qituvchi va'da qilgan ishini bajarmadi, natijadan afsuslandim. 👎 😞",negative
3461,"ertaga Farg'onaga bordim, hamma narsa mamnunman. ✨ 😎",positive
3462,"🙄 Telegramda planshet haqida e'lon ko'rdim, hozircha faqat ma'lumot yig'ayapman, shunchaki ma'lumot uchun.",neutral
3463,"kecha do'stim bilan qisqa suhbatlashdim, hech qanday o'zgarish sezilmadi.",neutral
3464,"servis bo'yicha blog mavzusi zo'r chiqibdi, yaxshi ishlayapti 🤩",positive
3465,"Xivaga borish rejam buzildi, chiptalar bilan muammo bo'ldi, xafa bo'ldim. 💔 😞",negative
3466,menga yoqdi 😊,positive
3467,"shu hafta dekan bilan qisqa suhbatlashdim, hech qanday o'zgarish sezilmadi.",neutral
3468,... 😶,neutral
3469,"Redmi Note 13 sifati kutilganidek emas, juda sust ishlayapti, afsuslandim.",negative
3470,bunday bo'lmasligi kerak edi 😞,negative
3471,"😍 😎 iPhone 15 sotib oldim, narxi arzon emas, lekin sifati uchun kayfiyatim ko'tarildi.",positive
3472,"kelasi oy Andijonda majlis bo'lib o'tdi, men faqat qatnashdim, neytral qarayman.",neutral
3473,"YouTubeda yangi kitob haqida post ko'rdim, menga juda yoqdi, juda xursand bo'ldim. ✨",positive
3474,"bugun texnika bo'yicha faqat kuzatib turdim, prosta savol ✍️",neutral
3475,"ertaga Qo'qonda bo'lgan majlis menga umuman yoqmadi, juda jahlim chiqdi.",negative
3476,"Farg'onadagi sayohatim ajoyib o'tdi, xizmatlar hammasi darajasida, juda xursand bo'ldim. 😄 🤩",positive
3477,"😄 uchrashuv juda samarali o'tdi, professor tushuntirgan mavzu juda foydali bo'ldi, kayfiyatim ko'tarildi.",positive
3478,"post bo'yicha talim mavzusi zo'r chiqibdi, gap yo'q 🔥",positive
3479,"✨ 😄 Facebookda yangi planshet haqida post ko'rdim, menga juda yoqdi, mamnunman.",positive
3480,"🥰 ertaga Samarqandga bordim, hamma narsa yoqib qoldi.",positive
3481,"😶 planshet haqida fikrlar turlicha, hozircha neytral qarayman.",neutral
3482,"✨ Toshkentdagi sayohatim ajoyib o'tdi, xizmatlar hammasi darajasida, hayratda qoldim.",positive
3483,"✨ Yangi ilova ishga tushdi, hozircha hammasi yaxshi ishlayapti, yoqib qoldi.",positive
3484,"Samsung A55 sotib oldim, narxi arzon emas, lekin sifati uchun zo'r bo'ldi. 😎 😄",positive
3485,"Buxoro haqida yangilik o'qidim, shunchaki ma'lumot uchun.",neutral
3486,"dars juda samarali o'tdi, rahbar tushuntirgan mavzu juda foydali bo'ldi, kayfiyatim ko'tarildi. ✨ 😍",positive
3487,"o'tgan oy hamkasbim bilan qisqa suhbatlashdim, hech qanday o'zgarish sezilmadi.",neutral
3488,"😄 dars juda samarali o'tdi, do'stim tushuntirgan mavzu juda foydali bo'ldi, kayfiyatim ko'tarildi.",positive
3489,"Samsung A55 haqida fikrlar turlicha, hozircha neytral qarayman. 😶",neutral
3490,"🤩 majlis juda samarali o'tdi, direktor tushuntirgan mavzu juda foydali bo'ldi, yoqib qoldi.",positive
3491,"o'tgan oy Buxoroda majlis bo'lib o'tdi, men faqat qatnashdim, shunchaki ma'lumot uchun. 😐 🤔",neutral
3492,"Yangi bank xizmati ishga tushdi, hozircha hammasi yaxshi ishlayapti, yoqib qoldi. 🤩 🥰",positive
3493,"Yangi internet xizmati ishga tushdi, hozircha hammasi yaxshi ishlayapti, mamnunman. ✨",positive
3494,"servis bo'yicha futbol mavzusi zo'r chiqibdi, yaxshi ishlayapti 😁",positive
3495,"o'qituvchi va'da qilgan ishini bajarmadi, natijadan hafsalam pir bo'ldi.",negative
3496,"🤔 📌 Toshkent haqida yangilik o'qidim, hech qanday o'zgarish sezilmadi.",neutral
3497,"😄 ertaga Farg'onaga bordim, hamma narsa juda xursand bo'ldim.",positive
3498,"dars juda samarali o'tdi, hamkasbim tushuntirgan mavzu juda foydali bo'ldi, yoqib qoldi. 🥰",positive
3499,"kommentlarni o'qidim, prosta savol !?",neutral
3500,"aviachiptalar sotib oldim, narxi arzon emas, lekin sifati uchun zo'r bo'ldi. 😁",positive
3501,"seminar juda samarali o'tdi, o'qituvchi tushuntirgan mavzu juda foydali bo'ldi, hayratda qoldim. 🥰",positive
3502,"😎 🤩 Samarqanddagi sayohatim ajoyib o'tdi, xizmatlar hammasi darajasida, juda xursand bo'ldim.",positive
3503,"Twitterda planshet haqida e'lon ko'rdim, hozircha faqat ma'lumot yig'ayapman, shunchaki ma'lumot uchun. 😐 😶",neutral
3504,"ilova sifati yana tushib ketgan, pulga achindim",negative
3505,"📌 🤔 bugun o'qituvchi bilan qisqa suhbatlashdim, shunchaki ma'lumot uchun.",neutral
3506,"😍 😊 shu hafta Buxoroga bordim, hamma narsa yoqib qoldi.",positive
3507,😍 🤩 ✨ 🥰,positive
3508,kommentlarni o'qib rostdan ham klass 🔥,positive
3509,"Twitterda aviachiptalar haqida e'lon ko'rdim, hozircha faqat ma'lumot yig'ayapman, hech qanday o'zgarish sezilmadi. 🙄",neutral
3510,"konferensiya juda samarali o'tdi, do'stim tushuntirgan mavzu juda foydali bo'ldi, zo'r bo'ldi.",positive
3511,yoqmadi 😔,negative
3512,"kecha Samarqandda bo'lgan dars menga umuman yoqmadi, noroziman. 😠",negative
3513,"Yangi kuryer xizmati ishga tushdi, hozircha hammasi yaxshi ishlayapti, yoqib qoldi. 😎",positive
3514,"dars juda samarali o'tdi, professor tushuntirgan mavzu juda foydali bo'ldi, hayratda qoldim.",positive
3515,"Namanganga borish rejam buzildi, chiptalar bilan muammo bo'ldi, afsuslandim.",negative
3516,"😭 😠 Facebookdagi reklamalar juda asabga tegayapti, xafa bo'ldim.",negative
3517,😶 ?? 🙄,neutral
3518,"😶 Andijon haqida yangilik o'qidim, oddiy bo'ldi.",neutral
3519,"o'tgan oy Farg'onada imtihon bo'lib o'tdi, men faqat qatnashdim, hech qanday o'zgarish sezilmadi.",neutral
3520,"shu hafta hamkasbim bilan qisqa suhbatlashdim, shunchaki ma'lumot uchun. 😐",neutral
3521,"o'qituvchi va'da qilgan ishini bajarmadi, natijadan afsuslandim. 👎 🤬",negative
3522,zo'r :D,positive
3523,"kofe sotib oldim, narxi arzon emas, lekin sifati uchun mamnunman. 😎",positive
3524,"shu hafta Toshkentda seminar bo'lib o'tdi, men faqat qatnashdim, oddiy bo'ldi. ℹ️ 😶",neutral
3525,"imtihon juda samarali o'tdi, hamkasbim tushuntirgan mavzu juda foydali bo'ldi, juda xursand bo'ldim. 😁",positive
3526,"Facebookda planshet haqida e'lon ko'rdim, hozircha faqat ma'lumot yig'ayapman, hech qanday o'zgarish sezilmadi.",neutral
3527,"uchrashuv juda samarali o'tdi, professor tushuntirgan mavzu juda foydali bo'ldi, kayfiyatim ko'tarildi. 😍",positive
3528,"🤩 Yangi mijozlarga xizmat ko'rsatish ishga tushdi, hozircha hammasi yaxshi ishlayapti, hayratda qoldim.",positive
3529,"kelasi oy Andijonga bordim, hamma narsa zo'r bo'ldi.",positive
3530,"kecha Xivada konferensiya bo'lib o'tdi, men faqat qatnashdim, hech qanday o'zgarish sezilmadi.",neutral
3531,"ertaga Toshkentda bo'lgan imtihon menga umuman yoqmadi, hafsalam pir bo'ldi. 🤬 😠",negative
3532,"😶 bugun Samarqandda konferensiya bo'lib o'tdi, men faqat qatnashdim, oddatdagidek.",neutral
3533,"😊 YouTubeda yangi kofe haqida post ko'rdim, menga juda yoqdi, juda xursand bo'ldim.",positive
3534,"kecha Samarqandda bo'lgan majlis menga umuman yoqmadi, noroziman.",negative
3535,"dars juda samarali o'tdi, dekan tushuntirgan mavzu juda foydali bo'ldi, juda xursand bo'ldim. 😊",positive
3536,"🤩 kitob sotib oldim, narxi arzon emas, lekin sifati uchun zo'r bo'ldi.",positive
3537,zo'r 😁,positive
3538,"ertaga Farg'onaga bordim, hamma narsa kayfiyatim ko'tarildi.",positive
3539,"😍 Xivadagi sayohatim ajoyib o'tdi, xizmatlar hammasi darajasida, yoqib qoldi.",positive
3540,🤩 👍 😄 🥰,positive
3541,"Facebookda yangi kofe haqida post ko'rdim, menga juda yoqdi, juda xursand bo'ldim. 🤩",positive
3542,"bank xizmati bilan muammo chiqdi, qo'llab-quvvatlash xizmati javob bermadi, juda jahlim chiqdi. 😠 😭",negative
3543,"🤔 😐 bank xizmati bo'yicha yangilanish chiqdi, lekin hozircha oddatdagidek.",neutral
3544,"bugungi servis haqidagi musiqa videolari yoqdi, kontent yoqdi 😄",positive
3545,"bugun Buxoroga bordim, hamma narsa yoqib qoldi.",positive
3546,"✨ majlis juda samarali o'tdi, rahbar tushuntirgan mavzu juda foydali bo'ldi, kayfiyatim ko'tarildi.",positive
3547,"✨ Namangandagi sayohatim ajoyib o'tdi, xizmatlar hammasi darajasida, mamnunman.",positive
3548,"Facebookdagi reklamalar juda asabga tegayapti, xafa bo'ldim. 💔",negative
3549,❤️,positive
3550,"kelasi oy Andijonda imtihon bo'lib o'tdi, men faqat qatnashdim, oddiy bo'ldi.",neutral
3551,"📌 Telegramda aviachiptalar haqida e'lon ko'rdim, hozircha faqat ma'lumot yig'ayapman, shunchaki ma'lumot uchun.",neutral
3552,"😢 😡 aviachiptalar sifati kutilganidek emas, juda sust ishlayapti, juda jahlim chiqdi.",negative
3553,"aka nimadir yozibdi, lekin men uchun kulib qo'ydim xolos ✍️",neutral
3554,"bugungi pul mavzusi zerikarli bo'ldi, yoqmadi 😠",negative
3555,"😄 iPhone 15 sotib oldim, narxi arzon emas, lekin sifati uchun hayratda qoldim.",positive
3556,"kitob haqida fikrlar turlicha, hozircha neytral qarayman.",neutral
3557,"Twitterda yangi planshet haqida post ko'rdim, menga juda yoqdi, zo'r bo'ldi.",positive
3558,"video sifati yana tushib ketgan, pulga achindim 🤦‍♀️",negative
3559,😢 🤦‍♂️,negative
3560,"Instagramdagi reklamalar juda asabga tegayapti, noroziman. 😔",negative
3561,"hamkasbim va'da qilgan ishini bajarmadi, natijadan juda jahlim chiqdi. 😢 👎",negative
3562,"kofe sotib oldim, narxi arzon emas, lekin sifati uchun mamnunman. 😍",positive
3563,"bugungi post haqidagi musiqa videolari yoqdi, kontent yoqdi 😎",positive
3564,"💔 Instagramdagi reklamalar juda asabga tegayapti, umuman yoqmadi.",negative
3565,"Instagramdagi reklamalar juda asabga tegayapti, umuman yoqmadi. 👎",negative
3566,"shu hafta Xivaga bordim, hamma narsa zo'r bo'ldi. 😁",positive
3567,"😭 aviachiptalar sifati kutilganidek emas, juda sust ishlayapti, xafa bo'ldim.",negative
3568,"👎 👎 o'tgan oy Buxoroda bo'lgan dars menga umuman yoqmadi, umuman yoqmadi.",negative
3569,"direktor va'da qilgan ishini bajarmadi, natijadan xafa bo'ldim.",negative
3570,"hamma juda chiroyli tushuntiribdi, menga yoqdi 👍",positive
3571,"😶 📌 kelasi oy professor bilan qisqa suhbatlashdim, shunchaki ma'lumot uchun.",neutral
3572,"opa nimadir yozibdi, lekin men uchun fikir yo'q 🙄",neutral
3573,"😞 mijozlarga xizmat ko'rsatish bilan muammo chiqdi, qo'llab-quvvatlash xizmati javob bermadi, juda jahlim chiqdi.",negative
3574,"😎 ertaga Qo'qonga bordim, hamma narsa mamnunman.",positive
3575,"admin nimadir yozibdi, lekin men uchun bilmayman !?",neutral
3576,"😠 kitob sifati kutilganidek emas, juda sust ishlayapti, umuman yoqmadi.",negative
3577,"do'stlar nimadir yozibdi, lekin men uchun fikir yo'q",neutral
3578,"Andijondagi sayohatim ajoyib o'tdi, xizmatlar hammasi darajasida, hayratda qoldim.",positive
3579,✨ 😎 🥰,positive
3580,"ertaga Qo'qonga bordim, hamma narsa juda xursand bo'ldim.",positive
3581,"Xivaga borish rejam buzildi, chiptalar bilan muammo bo'ldi, hafsalam pir bo'ldi. 🤬 💔",negative
3582,,
3583,"🤩 Samarqanddagi sayohatim ajoyib o'tdi, xizmatlar hammasi darajasida, hayratda qoldim.",positive
3584,"ertaga Samarqandda dars bo'lib o'tdi, men faqat qatnashdim, oddatdagidek.",neutral
3585,"shu hafta Buxoroda bo'lgan konferensiya menga umuman yoqmadi, afsuslandim.",negative
3586,"instagram sahifa bo'yicha kino postini ko'rdim, shunchaki",neutral
3587,"sayt bo'yicha texnika postini ko'rdim, kulib qo'ydim xolos ℹ️",neutral
3588,"😠 dastur bilan muammo chiqdi, qo'llab-quvvatlash xizmati javob bermadi, xafa bo'ldim.",negative
3589,"Instagramdagi reklamalar juda asabga tegayapti, juda jahlim chiqdi. 🤬",negative
3590,"🤩 Twitterda yangi kofe haqida post ko'rdim, menga juda yoqdi, zo'r bo'ldi.",positive
3591,shunchaki,neutral
3592,"😶 ertaga o'qituvchi bilan qisqa suhbatlashdim, shunchaki ma'lumot uchun.",neutral
3593,"kommentlarda hammasi urush, qattiq hafsalam pir bo'ldi 💔",negative
3594,"internet bo'yicha kommentlar mavzusi zo'r chiqibdi, rahmat, zo'r ekan",positive
3595,"😐 bugun hamkasbim bilan qisqa suhbatlashdim, neytral qarayman.",neutral
3596,"internet bo'yicha siyosat postini ko'rdim, prosta savol 😐",neutral
3597,"odamlar nimadir yozibdi, lekin men uchun neytralman 🤔",neutral
3598,"folloverlar juda chiroyli tushuntiribdi, rosa yoqdi ✨",positive
3599,"servis sifati yana tushib ketgan, bekor ekan 🤦‍♀️",negative
3600,🥰 😎,positive
3601,"kelasi oy Samarqandda seminar bo'lib o'tdi, men faqat qatnashdim, oddatdagidek.",neutral
3602,"seminar juda samarali o'tdi, do'stim tushuntirgan mavzu juda foydali bo'ldi, kayfiyatim ko'tarildi.",positive
3603,"😠 😔 o'tgan oy Qo'qonda bo'lgan seminar menga umuman yoqmadi, xafa bo'ldim.",negative
3604,<3,positive
3605,"ertaga Namanganda seminar bo'lib o'tdi, men faqat qatnashdim, oddiy bo'ldi.",neutral
3606,"😁 Samarqanddagi sayohatim ajoyib o'tdi, xizmatlar hammasi darajasida, zo'r bo'ldi.",positive
3607,"bugun kino bo'yicha faqat kuzatib turdim, ko'rdim xolos ✍️",neutral
3608,😄 😁 ✨,positive
3609,"Facebookda yangi kitob haqida post ko'rdim, menga juda yoqdi, yoqib qoldi.",positive
3610,"odamlar umuman tushuntira olmadi, servis noldan ham past 👎",negative
3611,"kofe sotib oldim, narxi arzon emas, lekin sifati uchun kayfiyatim ko'tarildi.",positive
3612,"😄 uchrashuv juda samarali o'tdi, rahbar tushuntirgan mavzu juda foydali bo'ldi, hayratda qoldim.",positive
3613,"Telegramda aviachiptalar haqida e'lon ko'rdim, hozircha faqat ma'lumot yig'ayapman, shunchaki ma'lumot uchun.",neutral
3614,"😶 Redmi Note 13 haqida fikrlar turlicha, hozircha shunchaki ma'lumot uchun.",neutral
3615,"😄 😊 Yangi kuryer xizmati ishga tushdi, hozircha hammasi yaxshi ishlayapti, hayratda qoldim.",positive
3616,"Twitterda yangi Redmi Note 13 haqida post ko'rdim, menga juda yoqdi, kayfiyatim ko'tarildi. ✨",positive
3617,"o'tgan oy Namanganga bordim, hamma narsa kayfiyatim ko'tarildi.",positive
3618,"🙄 dastur bo'yicha yangilanish chiqdi, lekin hozircha oddatdagidek.",neutral
3619,otliii 😁,positive
3620,"Facebookda yangi noutbuk haqida post ko'rdim, menga juda yoqdi, juda xursand bo'ldim. 😄",positive
3621,"🙄 🙄 kecha Samarqandda uchrashuv bo'lib o'tdi, men faqat qatnashdim, shunchaki ma'lumot uchun.",neutral
3622,😄 😄 😍 ❤️,positive
3623,"noutbuk sotib oldim, narxi arzon emas, lekin sifati uchun yoqib qoldi. 😄 👍",positive
3624,"Twitterda yangi kofe haqida post ko'rdim, menga juda yoqdi, kayfiyatim ko'tarildi.",positive
3625,"iPhone 15 sifati kutilganidek emas, juda sust ishlayapti, afsuslandim. 😞 😡",negative
3626,"o'tgan oy Qo'qonda bo'lgan imtihon menga umuman yoqmadi, umuman yoqmadi. 😢",negative
3627,"bugungi dastur haqidagi kommentlar videolari yoqdi, yaxshi ishlayapti 😄",positive
3628,"o'qib qo'ydim xolos, info uchun",neutral
3629,"aviachiptalar sifati kutilganidek emas, juda sust ishlayapti, hafsalam pir bo'ldi.",negative
3630,"ilova bilan muammo chiqdi, qo'llab-quvvatlash xizmati javob bermadi, hafsalam pir bo'ldi. 👎 😔",negative
3631,"bugun talim bo'yicha faqat kuzatib turdim, norm ✍️",neutral
3632,"shu hafta rahbar bilan qisqa suhbatlashdim, oddatdagidek.",neutral
3633,"😄 🥰 Telegramda yangi planshet haqida post ko'rdim, menga juda yoqdi, hayratda qoldim.",positive
3634,"kecha Buxoroda bo'lgan dars menga umuman yoqmadi, afsuslandim.",negative
3635,"do'stlar nimadir yozibdi, lekin men uchun ok",neutral
3636,"kelasi oy Buxoroga bordim, hamma narsa mamnunman.",positive
3637,kommentlarni o'qib rostdan ham otliii 😄,positive
3638,"😞 Toshkentga borish rejam buzildi, chiptalar bilan muammo bo'ldi, noroziman.",negative
3639,"Buxorodagi sayohatim ajoyib o'tdi, xizmatlar hammasi darajasida, mamnunman. 😍",positive
3640,"😔 aviachiptalar sifati kutilganidek emas, juda sust ishlayapti, umuman yoqmadi.",negative
3641,"✨ ✨ YouTubeda yangi Redmi Note 13 haqida post ko'rdim, menga juda yoqdi, zo'r bo'ldi.",positive
3642,😁 🥰 👍,positive
3643,"o'tgan oy Namanganga bordim, hamma narsa mamnunman. 😊",positive
3644,"📌 internet xizmati bo'yicha yangilanish chiqdi, lekin hozircha neytral qarayman.",neutral
3645,"Twitterda Redmi Note 13 haqida e'lon ko'rdim, hozircha faqat ma'lumot yig'ayapman, neytral qarayman.",neutral
3646,"Farg'onadagi sayohatim ajoyib o'tdi, xizmatlar hammasi darajasida, zo'r bo'ldi. 😍",positive
3647,"ℹ️ 😐 ertaga Samarqandda imtihon bo'lib o'tdi, men faqat qatnashdim, neytral qarayman.",neutral
3648,zo'r ❤️,positive
3649,"o'qib qo'ydim xolos, ko'rdim xolos 🙄",neutral
3650,❤️ :) 😊,positive
3651,"kecha Farg'onada bo'lgan uchrashuv menga umuman yoqmadi, juda jahlim chiqdi. 😠",negative
3652,ℹ️ !?,neutral
3653,"Redmi Note 13 sotib oldim, narxi arzon emas, lekin sifati uchun hayratda qoldim. 😁",positive
3654,"dars juda samarali o'tdi, direktor tushuntirgan mavzu juda foydali bo'ldi, mamnunman.",positive
3655,"Andijondagi sayohatim ajoyib o'tdi, xizmatlar hammasi darajasida, yoqib qoldi.",positive
3656,"🥰 👍 Buxorodagi sayohatim ajoyib o'tdi, xizmatlar hammasi darajasida, yoqib qoldi.",positive
3657,servis noldan ham past 😠,negative
3658,"bugun hamkasbim bilan qisqa suhbatlashdim, hech qanday o'zgarish sezilmadi. 📌",neutral
3659,"🙄 📌 internet xizmati bo'yicha yangilanish chiqdi, lekin hozircha shunchaki ma'lumot uchun.",neutral
3660,"😭 💔 planshet sifati kutilganidek emas, juda sust ishlayapti, afsuslandim.",negative
3661,"folloverlar juda chiroyli tushuntiribdi, kontent yoqdi",positive
3662,"😎 🥰 Yangi telefon operatori ishga tushdi, hozircha hammasi yaxshi ishlayapti, kayfiyatim ko'tarildi.",positive
3663,"bugungi siyosat mavzusi zerikarli bo'ldi, zerikarli",negative
3664,"Twitterda Redmi Note 13 haqida e'lon ko'rdim, hozircha faqat ma'lumot yig'ayapman, neytral qarayman. ℹ️",neutral
3665,"kommentlarda hammasi urush, bunday bo'lmasligi kerak edi 😠",negative
3666,"Instagramda yangi planshet haqida post ko'rdim, menga juda yoqdi, kayfiyatim ko'tarildi.",positive
3667,"kommentlarni o'qidim, hech narsa o'zgarmadi !?",neutral
3668,"dars juda samarali o'tdi, professor tushuntirgan mavzu juda foydali bo'ldi, yoqib qoldi.",positive
3669,"😞 planshet sifati kutilganidek emas, juda sust ishlayapti, afsuslandim.",negative
3670,"Xivadagi sayohatim ajoyib o'tdi, xizmatlar hammasi darajasida, yoqib qoldi. 😎",positive
3671,yaxshi ishlayapti 😊,positive
3672,"shu hafta Samarqandda uchrashuv bo'lib o'tdi, men faqat qatnashdim, oddatdagidek.",neutral
3673,"Facebookdagi reklamalar juda asabga tegayapti, afsuslandim. 🤬",negative
3674,:'(,negative
3675,"Instagramda noutbuk haqida e'lon ko'rdim, hozircha faqat ma'lumot yig'ayapman, neytral qarayman. ℹ️ 🤔",neutral
3676,"konferensiya juda samarali o'tdi, dekan tushuntirgan mavzu juda foydali bo'ldi, mamnunman. 😍 🥰",positive
3677,"😐 kelasi oy Namanganda dars bo'lib o'tdi, men faqat qatnashdim, hech qanday o'zgarish sezilmadi.",neutral
3678,super =),positive
3679,"😭 👎 Buxoroga borish rejam buzildi, chiptalar bilan muammo bo'ldi, xafa bo'ldim.",negative
3680,"😍 😍 Twitterda yangi kitob haqida post ko'rdim, menga juda yoqdi, juda xursand bo'ldim.",positive
3681,pulga achindim :-/,negative
3682,"Telegramda noutbuk haqida e'lon ko'rdim, hozircha faqat ma'lumot yig'ayapman, hech qanday o'zgarish sezilmadi.",neutral
3683,❤️ 🔥 ✨ :),positive
3684,"Twitterdagi reklamalar juda asabga tegayapti, noroziman. 😢 😢",negative
3685,"professor va'da qilgan ishini bajarmadi, natijadan noroziman. 😢",negative
3686,📌 🤔 😶,neutral
3687,😊 👍 ❤️,positive
3688,"🤔 bugun do'stim bilan qisqa suhbatlashdim, neytral qarayman.",neutral
3689,"✨ 😁 Yangi dastur ishga tushdi, hozircha hammasi yaxshi ishlayapti, kayfiyatim ko'tarildi.",positive
3690,"folloverlar nimadir yozibdi, lekin men uchun hech narsa o'zgarmadi ℹ️",neutral
3691,"noutbuk sifati kutilganidek emas, juda sust ishlayapti, hafsalam pir bo'ldi. 😡",negative
3692,"kitob sifati kutilganidek emas, juda sust ishlayapti, noroziman. 😠",negative
3693,"opa umuman tushuntira olmadi, juda yomon :-/",negative
3694,"rahmat, zo'r ekan :D",positive
3695,"ilova bo'yicha musiqa mavzusi zo'r chiqibdi, zor 🔥",positive
3696,"bugungi sayt haqidagi talim videolari yoqdi, klass 🔥",positive
3697,"🥰 YouTubeda yangi iPhone 15 haqida post ko'rdim, menga juda yoqdi, zo'r bo'ldi.",positive
3698,"Samsung A55 sotib oldim, narxi arzon emas, lekin sifati uchun kayfiyatim ko'tarildi. 😍",positive
3699,kommentlarni o'qib rostdan ham super ❤️,positive
3700,"😎 seminar juda samarali o'tdi, dekan tushuntirgan mavzu juda foydali bo'ldi, hayratda qoldim.",positive
3701,"Xivadagi sayohatim ajoyib o'tdi, xizmatlar hammasi darajasida, zo'r bo'ldi. 👍",positive
3702,"😍 😊 Yangi mijozlarga xizmat ko'rsatish ishga tushdi, hozircha hammasi yaxshi ishlayapti, zo'r bo'ldi.",positive
3703,"kecha o'qituvchi bilan qisqa suhbatlashdim, oddiy bo'ldi.",neutral
3704,"😞 iPhone 15 sifati kutilganidek emas, juda sust ishlayapti, noroziman.",negative
3705,"bugun Andijonda bo'lgan imtihon menga umuman yoqmadi, noroziman. 😭",negative
3706,"aviachiptalar sotib oldim, narxi arzon emas, lekin sifati uchun kayfiyatim ko'tarildi. 😊 😊",positive
3707,😶 ?? 😶,neutral
3708,bunaqa kontent ko'proq bo'lsa zo'r bo'lardi 🤩,positive
3709,"😊 majlis juda samarali o'tdi, rahbar tushuntirgan mavzu juda foydali bo'ldi, kayfiyatim ko'tarildi.",positive
3710,ℹ️ ℹ️,neutral
3711,chiqqan joyi yoqdi 🥰,positive
3712,"noutbuk sifati kutilganidek emas, juda sust ishlayapti, xafa bo'ldim. 😔 🤬",negative
3713,"😁 Xivadagi sayohatim ajoyib o'tdi, xizmatlar hammasi darajasida, juda xursand bo'ldim.",positive
3714,"ertaga Buxoroda bo'lgan seminar menga umuman yoqmadi, umuman yoqmadi. 💔",negative
3715,"😶 Xiva haqida yangilik o'qidim, oddatdagidek.",neutral
3716,"🤩 Samarqanddagi sayohatim ajoyib o'tdi, xizmatlar hammasi darajasida, kayfiyatim ko'tarildi.",positive
3717,"🤔 aviachiptalar haqida fikrlar turlicha, hozircha neytral qarayman.",neutral
3718,"shu hafta Buxoroga bordim, hamma narsa kayfiyatim ko'tarildi. 😊",positive
3719,"professor va'da qilgan ishini bajarmadi, natijadan hafsalam pir bo'ldi. 👎",negative
3720,"aka nimadir yozibdi, lekin men uchun shunchaki 📌",neutral
3721,"o'tgan oy Samarqandga bordim, hamma narsa kayfiyatim ko'tarildi. 🤩",positive
3722,"bugun Namanganga bordim, hamma narsa kayfiyatim ko'tarildi.",positive
3723,"do'stlar nimadir yozibdi, lekin men uchun fikir yo'q !?",neutral
3724,"👍 YouTubeda yangi Samsung A55 haqida post ko'rdim, menga juda yoqdi, mamnunman.",positive
3725,"👍 uchrashuv juda samarali o'tdi, o'qituvchi tushuntirgan mavzu juda foydali bo'ldi, hayratda qoldim.",positive
3726,"Yangi bank xizmati ishga tushdi, hozircha hammasi yaxshi ishlayapti, juda xursand bo'ldim. 😄",positive
3727,"😄 ✨ Yangi internet xizmati ishga tushdi, hozircha hammasi yaxshi ishlayapti, zo'r bo'ldi.",positive
3728,"ℹ️ Telegramda aviachiptalar haqida e'lon ko'rdim, hozircha faqat ma'lumot yig'ayapman, hech qanday o'zgarish sezilmadi.",neutral
3729,"bugun yangiliklar bo'yicha faqat kuzatib turdim, norm 😶",neutral
3730,"bloger umuman tushuntira olmadi, tavsiya etmayman",negative
3731,"bugungi blog mavzusi zerikarli bo'ldi, nogiron qilindi 😡",negative
3732,"folloverlar nimadir yozibdi, lekin men uchun hech narsa o'zgarmadi !?",neutral
3733,,
3734,"do'stlar nimadir yozibdi, lekin men uchun bilmayman",neutral
3735,💔 :'( 😭,negative
3736,"shu hafta Toshkentga bordim, hamma narsa zo'r bo'ldi.",positive
3737,"Yangi telefon operatori ishga tushdi, hozircha hammasi yaxshi ishlayapti, hayratda qoldim. 👍",positive
3738,"hamkasbim va'da qilgan ishini bajarmadi, natijadan afsuslandim. 😔 😭",negative
3739,"noutbuk sotib oldim, narxi arzon emas, lekin sifati uchun zo'r bo'ldi. 😎",positive
3740,"servis sifati yana tushib ketgan, pulga achindim 🤦‍♂️",negative
3741,"😢 professor va'da qilgan ishini bajarmadi, natijadan afsuslandim.",negative
3742,🤦‍♀️ >:( 😔 🤦‍♀️,negative
3743,"🥰 😁 kelasi oy Farg'onaga bordim, hamma narsa zo'r bo'ldi.",positive
3744,"😊 Yangi internet xizmati ishga tushdi, hozircha hammasi yaxshi ishlayapti, hayratda qoldim.",positive
3745,"shu hafta Qo'qonda bo'lgan konferensiya menga umuman yoqmadi, hafsalam pir bo'ldi.",negative
3746,"😊 Redmi Note 13 sotib oldim, narxi arzon emas, lekin sifati uchun juda xursand bo'ldim.",positive
3747,"Farg'ona haqida yangilik o'qidim, hech qanday o'zgarish sezilmadi. 🙄",neutral
3748,"kecha dekan bilan qisqa suhbatlashdim, hech qanday o'zgarish sezilmadi.",neutral
3749,"noutbuk haqida fikrlar turlicha, hozircha oddatdagidek. ℹ️",neutral
3750,"iPhone 15 sotib oldim, narxi arzon emas, lekin sifati uchun hayratda qoldim. 🤩 😊",positive
3751,"bugungi ilova haqidagi kommentlar videolari yoqdi, menga yoqdi",positive
3752,"🥰 Namangandagi sayohatim ajoyib o'tdi, xizmatlar hammasi darajasida, yoqib qoldi.",positive
3753,"Facebookda iPhone 15 haqida e'lon ko'rdim, hozircha faqat ma'lumot yig'ayapman, oddiy bo'ldi. 🤔 😐",neutral
3754,"bugun direktor bilan qisqa suhbatlashdim, oddatdagidek. 😶",neutral
3755,"bugungi instagram sahifa haqidagi talim videolari yoqdi, menga yoqdi 👍",positive
3756,"dars juda samarali o'tdi, professor tushuntirgan mavzu juda foydali bo'ldi, mamnunman.",positive
3757,"😶 ℹ️ telefon operatori bo'yicha yangilanish chiqdi, lekin hozircha hech qanday o'zgarish sezilmadi.",neutral
3758,"😎 uchrashuv juda samarali o'tdi, rahbar tushuntirgan mavzu juda foydali bo'ldi, mamnunman.",positive
3759,"o'qib qo'ydim xolos, bilmayman ...",neutral
3760,😶 ... ??,neutral
3761,"do'stlar umuman tushuntira olmadi, servis noldan ham past 😠",negative
3762,kontent yoqdi :D,positive
3763,"bugun Xivaga bordim, hamma narsa kayfiyatim ko'tarildi. 😁",positive
3764,"kofe haqida fikrlar turlicha, hozircha oddatdagidek. 🤔",neutral
3765,"😎 Toshkentdagi sayohatim ajoyib o'tdi, xizmatlar hammasi darajasida, kayfiyatim ko'tarildi.",positive
3766,"kecha o'qituvchi bilan qisqa suhbatlashdim, oddiy bo'ldi. 📌",neutral
3767,"😊 planshet sotib oldim, narxi arzon emas, lekin sifati uchun kayfiyatim ko'tarildi.",positive
3768,"kecha Farg'onaga bordim, hamma narsa mamnunman. 😁 😍",positive
3769,"professor va'da qilgan ishini bajarmadi, natijadan afsuslandim. 😡",negative
3770,"dekan va'da qilgan ishini bajarmadi, natijadan xafa bo'ldim. 😢 😔",negative
3771,"kelasi oy Xivaga bordim, hamma narsa yoqib qoldi.",positive
3772,"kecha Andijonda uchrashuv bo'lib o'tdi, men faqat qatnashdim, hech qanday o'zgarish sezilmadi.",neutral
3773,"shu hafta Farg'onada seminar bo'lib o'tdi, men faqat qatnashdim, shunchaki ma'lumot uchun. 🙄",neutral
3774,"Yangi internet xizmati ishga tushdi, hozircha hammasi yaxshi ishlayapti, hayratda qoldim. 😊",positive
3775,"😎 😄 Yangi kuryer xizmati ishga tushdi, hozircha hammasi yaxshi ishlayapti, mamnunman.",positive
3776,"😢 dastur bilan muammo chiqdi, qo'llab-quvvatlash xizmati javob bermadi, juda jahlim chiqdi.",negative
3777,"😶 🤔 Buxoro haqida yangilik o'qidim, hech qanday o'zgarish sezilmadi.",neutral
3778,"Qo'qon haqida yangilik o'qidim, shunchaki ma'lumot uchun. 😐",neutral
3779,"bugun Toshkentda konferensiya bo'lib o'tdi, men faqat qatnashdim, neytral qarayman.",neutral
3780,"dars juda samarali o'tdi, do'stim tushuntirgan mavzu juda foydali bo'ldi, zo'r bo'ldi.",positive
3781,"Facebookda iPhone 15 haqida e'lon ko'rdim, hozircha faqat ma'lumot yig'ayapman, hech qanday o'zgarish sezilmadi.",neutral
3782,"bloger umuman tushuntira olmadi, umidsizlik 😞",negative
3783,"dars juda samarali o'tdi, rahbar tushuntirgan mavzu juda foydali bo'ldi, kayfiyatim ko'tarildi. 🤩 😄",positive
3784,"ℹ️ Samsung A55 haqida fikrlar turlicha, hozircha oddiy bo'ldi.",neutral
3785,"Facebookda aviachiptalar haqida e'lon ko'rdim, hozircha faqat ma'lumot yig'ayapman, hech qanday o'zgarish sezilmadi. ℹ️",neutral
3786,"ilova bo'yicha kino postini ko'rdim, hech narsa o'zgarmadi 😶",neutral
3787,"Samsung A55 haqida fikrlar turlicha, hozircha neytral qarayman. 😶 ℹ️",neutral
3788,"kommentlarni o'qidim, shunchaki 😐",neutral
3789,"Twitterda yangi Samsung A55 haqida post ko'rdim, menga juda yoqdi, juda xursand bo'ldim.",positive
3790,"bugungi post haqidagi kommentlar videolari yoqdi, menga yoqdi 🔥",positive
3791,"YouTubeda kitob haqida e'lon ko'rdim, hozircha faqat ma'lumot yig'ayapman, hech qanday o'zgarish sezilmadi.",neutral
3792,"😊 imtihon juda samarali o'tdi, do'stim tushuntirgan mavzu juda foydali bo'ldi, mamnunman.",positive
3793,"kommentlarni o'qidim, norm ??",neutral
3794,"Xivadagi sayohatim ajoyib o'tdi, xizmatlar hammasi darajasida, yoqib qoldi.",positive
3795,"Samsung A55 haqida fikrlar turlicha, hozircha oddatdagidek. 😶",neutral
3796,"🥰 Twitterda yangi noutbuk haqida post ko'rdim, menga juda yoqdi, yoqib qoldi.",positive
3797,"Instagramda yangi Samsung A55 haqida post ko'rdim, menga juda yoqdi, hayratda qoldim. 🤩 ✨",positive
3798,"😶 kelasi oy rahbar bilan qisqa suhbatlashdim, shunchaki ma'lumot uchun.",neutral
3799,"📌 Samarqand haqida yangilik o'qidim, shunchaki ma'lumot uchun.",neutral
3800,"Facebookda yangi Redmi Note 13 haqida post ko'rdim, menga juda yoqdi, mamnunman. 🤩",positive
3801,"dastur bo'yicha yangiliklar postini ko'rdim, prosta savol ℹ️",neutral
3802,"🤩 konferensiya juda samarali o'tdi, do'stim tushuntirgan mavzu juda foydali bo'ldi, kayfiyatim ko'tarildi.",positive
3803,super 😎,positive
3804,"aviachiptalar sotib oldim, narxi arzon emas, lekin sifati uchun kayfiyatim ko'tarildi.",positive
3805,👎 😭 👎 😡,negative
3806,:-/ :'(,negative
3807,"bugungi yangiliklar mavzusi zerikarli bo'ldi, bunday bo'lmasligi kerak edi 😞",negative
3808,"😁 Instagramda yangi planshet haqida post ko'rdim, menga juda yoqdi, juda xursand bo'ldim.",positive
3809,"YouTubeda yangi iPhone 15 haqida post ko'rdim, menga juda yoqdi, zo'r bo'ldi.",positive
3810,"Instagramda yangi aviachiptalar haqida post ko'rdim, menga juda yoqdi, hayratda qoldim.",positive
3811,"kommentlarda hammasi urush, qattiq hafsalam pir bo'ldi 😭",negative
3812,"video sifati yana tushib ketgan, nogiron qilindi 😡",negative
3813,"Twitterda yangi aviachiptalar haqida post ko'rdim, menga juda yoqdi, yoqib qoldi.",positive
3814,"kommentlarda hammasi urush, bekor ekan 😠",negative
3815,"kuryer xizmati bo'yicha yangilanish chiqdi, lekin hozircha oddatdagidek. 😐",neutral
3816,"😁 bugun Namanganga bordim, hamma narsa yoqib qoldi.",positive
3817,ℹ️,neutral
3818,"Instagramda kitob haqida e'lon ko'rdim, hozircha faqat ma'lumot yig'ayapman, hech qanday o'zgarish sezilmadi. 😐",neutral
3819,"video bo'yicha musiqa mavzusi zo'r chiqibdi, gap yo'q 🥰",positive
3820,"bugungi futbol mavzusi zerikarli bo'ldi, pulga achindim 😔",negative
3821,"o'qib qo'ydim xolos, ok 🤔",neutral
3822,kommentlarni o'qib rostdan ham zo'r 😁,positive
3823,"rahbar va'da qilgan ishini bajarmadi, natijadan afsuslandim. 🤬",negative
3824,"noutbuk sifati kutilganidek emas, juda sust ishlayapti, afsuslandim.",negative
3825,"✨ 🤩 ertaga Namanganga bordim, hamma narsa zo'r bo'ldi.",positive
3826,"bugungi texnika mavzusi zerikarli bo'ldi, bekor ketdi hamma narsasi 🤦‍♀️",negative
3827,"dars juda samarali o'tdi, do'stim tushuntirgan mavzu juda foydali bo'ldi, kayfiyatim ko'tarildi.",positive
3828,"😁 kecha Namanganga bordim, hamma narsa mamnunman.",positive
3829,"✨ Yangi kuryer xizmati ishga tushdi, hozircha hammasi yaxshi ishlayapti, mamnunman.",positive
3830,norm ✍️,neutral
3831,😠 😞 😡,negative
3832,"🥰 konferensiya juda samarali o'tdi, dekan tushuntirgan mavzu juda foydali bo'ldi, zo'r bo'ldi.",positive
3833,"✨ majlis juda samarali o'tdi, dekan tushuntirgan mavzu juda foydali bo'ldi, zo'r bo'ldi.",positive
3834,"dars juda samarali o'tdi, do'stim tushuntirgan mavzu juda foydali bo'ldi, mamnunman. 😊",positive
3835,"internet sifati yana tushib ketgan, juda yomon 🤬",negative
3836,"bank xizmati bilan muammo chiqdi, qo'llab-quvvatlash xizmati javob bermadi, afsuslandim. 😭",negative
3837,"😔 YouTubedagi reklamalar juda asabga tegayapti, xafa bo'ldim.",negative
3838,"✨ seminar juda samarali o'tdi, dekan tushuntirgan mavzu juda foydali bo'ldi, hayratda qoldim.",positive
3839,"😍 Facebookda yangi kofe haqida post ko'rdim, menga juda yoqdi, yoqib qoldi.",positive
3840,"Toshkentdagi sayohatim ajoyib o'tdi, xizmatlar hammasi darajasida, yoqib qoldi. ✨",positive
3841,"😡 professor va'da qilgan ishini bajarmadi, natijadan xafa bo'ldim.",negative
3842,"Yangi internet xizmati ishga tushdi, hozircha hammasi yaxshi ishlayapti, kayfiyatim ko'tarildi. 👍",positive
3843,"sayt bo'yicha kino mavzusi zo'r chiqibdi, super 🥰",positive
3844,"internet xizmati bilan muammo chiqdi, qo'llab-quvvatlash xizmati javob bermadi, noroziman.",negative
3845,"😎 iPhone 15 sotib oldim, narxi arzon emas, lekin sifati uchun yoqib qoldi.",positive
3846,"🥰 Samarqanddagi sayohatim ajoyib o'tdi, xizmatlar hammasi darajasida, zo'r bo'ldi.",positive
3847,"Samsung A55 sotib oldim, narxi arzon emas, lekin sifati uchun zo'r bo'ldi. 😁 ✨",positive
3848,"sayt sifati yana tushib ketgan, tavsiya etmayman 💔",negative
3849,"👍 seminar juda samarali o'tdi, professor tushuntirgan mavzu juda foydali bo'ldi, yoqib qoldi.",positive
3850,"o'qib qo'ydim xolos, fikir yo'q !?",neutral
3851,"👎 Redmi Note 13 sifati kutilganidek emas, juda sust ishlayapti, afsuslandim.",negative
3852,"bugungi instagram sahifa haqidagi kino videolari yoqdi, yaxshi ishlayapti 🤩",positive
3853,zo'r 🔥,positive
3854,"🙄 iPhone 15 haqida fikrlar turlicha, hozircha hech qanday o'zgarish sezilmadi.",neutral
3855,"dastur bo'yicha yangilanish chiqdi, lekin hozircha oddiy bo'ldi. 😐 ℹ️",neutral
3856,"aviachiptalar sotib oldim, narxi arzon emas, lekin sifati uchun yoqib qoldi. 😎 👍",positive
3857,"🤔 kelasi oy Qo'qonda dars bo'lib o'tdi, men faqat qatnashdim, neytral qarayman.",neutral
3858,"😞 Facebookdagi reklamalar juda asabga tegayapti, hafsalam pir bo'ldi.",negative
3859,"do'stim va'da qilgan ishini bajarmadi, natijadan afsuslandim.",negative
3860,"kelasi oy Xivada bo'lgan konferensiya menga umuman yoqmadi, juda jahlim chiqdi.",negative
3861,"noutbuk sifati kutilganidek emas, juda sust ishlayapti, hafsalam pir bo'ldi. 🤬",negative
3862,"o'tgan oy Qo'qonda konferensiya bo'lib o'tdi, men faqat qatnashdim, oddiy bo'ldi. 😶",neutral
3863,"kitob sifati kutilganidek emas, juda sust ishlayapti, noroziman. 😡 😭",negative
3864,"ilova bo'yicha kino mavzusi zo'r chiqibdi, bombaaa 🔥",positive
3865,"ertaga Toshkentga bordim, hamma narsa mamnunman. 🥰",positive
3866,bombaaa ❤️,positive
3867,"imtihon juda samarali o'tdi, direktor tushuntirgan mavzu juda foydali bo'ldi, juda xursand bo'ldim. 🥰 😍",positive
3868,"planshet haqida fikrlar turlicha, hozircha neytral qarayman. ℹ️",neutral
3869,"instagram sahifa sifati yana tushib ketgan, hech nima tushunmadim :-/",negative
3870,"Buxoroga borish rejam buzildi, chiptalar bilan muammo bo'ldi, afsuslandim.",negative
3871,juda yomon 🤦‍♀️,negative
3872,,
3873,"📌 kelasi oy dekan bilan qisqa suhbatlashdim, oddatdagidek.",neutral
3874,"kitob sifati kutilganidek emas, juda sust ishlayapti, xafa bo'ldim.",negative
3875,"YouTubeda Samsung A55 haqida e'lon ko'rdim, hozircha faqat ma'lumot yig'ayapman, oddatdagidek. 😐",neutral
3876,"Toshkent haqida yangilik o'qidim, shunchaki ma'lumot uchun. 🤔",neutral
3877,"🥰 Yangi telefon operatori ishga tushdi, hozircha hammasi yaxshi ishlayapti, hayratda qoldim.",positive
3878,"o'tgan oy direktor bilan qisqa suhbatlashdim, oddatdagidek. 🤔",neutral
3879,ko'rdim xolos ✍️,neutral
3880,"😊 noutbuk sotib oldim, narxi arzon emas, lekin sifati uchun yoqib qoldi.",positive
3881,"😠 😞 kitob sifati kutilganidek emas, juda sust ishlayapti, noroziman.",negative
3882,"ertaga Xivada imtihon bo'lib o'tdi, men faqat qatnashdim, oddatdagidek.",neutral
3883,"bugun Andijonga bordim, hamma narsa kayfiyatim ko'tarildi.",positive
3884,"🙄 Redmi Note 13 haqida fikrlar turlicha, hozircha hech qanday o'zgarish sezilmadi.",neutral
3885,"o'qib qo'ydim xolos, info uchun 🤔",neutral
3886,top 😄,positive
3887,menga yoqdi ✨,positive
3888,"😍 Namangandagi sayohatim ajoyib o'tdi, xizmatlar hammasi darajasida, yoqib qoldi.",positive
3889,"dastur bo'yicha yangilanish chiqdi, lekin hozircha oddiy bo'ldi. 😶 🙄",neutral
3890,"Yangi internet xizmati ishga tushdi, hozircha hammasi yaxshi ishlayapti, juda xursand bo'ldim. 🤩",positive
3891,"🥰 😁 noutbuk sotib oldim, narxi arzon emas, lekin sifati uchun yoqib qoldi.",positive
3892,"shu hafta Buxoroda bo'lgan konferensiya menga umuman yoqmadi, xafa bo'ldim. 😢 😭",negative
3893,"kecha Xivaga bordim, hamma narsa yoqib qoldi.",positive
3894,"aka nimadir yozibdi, lekin men uchun neytralman",neutral
3895,"bugun yangiliklar bo'yicha faqat kuzatib turdim, kulib qo'ydim xolos 🤔",neutral
3896,"planshet sotib oldim, narxi arzon emas, lekin sifati uchun juda xursand bo'ldim. 😍 😍",positive
3897,"😢 😡 ilova bilan muammo chiqdi, qo'llab-quvvatlash xizmati javob bermadi, afsuslandim.",negative
3898,"😐 o'tgan oy Andijonda dars bo'lib o'tdi, men faqat qatnashdim, oddatdagidek.",neutral
3899,"Telegramda yangi noutbuk haqida post ko'rdim, menga juda yoqdi, juda xursand bo'ldim.",positive
3900,"ertaga Qo'qonda bo'lgan seminar menga umuman yoqmadi, umuman yoqmadi.",negative
3901,"Samsung A55 sotib oldim, narxi arzon emas, lekin sifati uchun mamnunman.",positive
3902,"Andijondagi sayohatim ajoyib o'tdi, xizmatlar hammasi darajasida, juda xursand bo'ldim. ✨",positive
3903,"Xivaga borish rejam buzildi, chiptalar bilan muammo bo'ldi, noroziman. 😞 😢",negative
3904,"imtihon juda samarali o'tdi, rahbar tushuntirgan mavzu juda foydali bo'ldi, yoqib qoldi. ✨ 🥰",positive
3905,"🙄 Telegramda kitob haqida e'lon ko'rdim, hozircha faqat ma'lumot yig'ayapman, shunchaki ma'lumot uchun.",neutral
3906,"😐 o'tgan oy professor bilan qisqa suhbatlashdim, shunchaki ma'lumot uchun.",neutral
3907,"ilova sifati yana tushib ketgan, tavsiya etmayman 💔",negative
3908,"Instagramdagi reklamalar juda asabga tegayapti, noroziman.",negative
3909,"😶 noutbuk haqida fikrlar turlicha, hozircha shunchaki ma'lumot uchun.",neutral
3910,"instagram sahifa bo'yicha pul mavzusi zo'r chiqibdi, zo'r",positive
3911,"odamlar nimadir yozibdi, lekin men uchun fikir yo'q ??",neutral
3912,"Yangi ilova ishga tushdi, hozircha hammasi yaxshi ishlayapti, mamnunman. 😁 😍",positive
3913,"iPhone 15 sifati kutilganidek emas, juda sust ishlayapti, afsuslandim. 🤬",negative
3914,"bugun futbol bo'yicha faqat kuzatib turdim, fikir yo'q ✍️",neutral
3915,"😔 Qo'qonga borish rejam buzildi, chiptalar bilan muammo bo'ldi, xafa bo'ldim.",negative
3916,"YouTubeda yangi planshet haqida post ko'rdim, menga juda yoqdi, juda xursand bo'ldim.",positive
3917,"Namanganga borish rejam buzildi, chiptalar bilan muammo bo'ldi, juda jahlim chiqdi. 😠 👎",negative
3918,"kecha Andijonga bordim, hamma narsa yoqib qoldi.",positive
3919,bombaaa :D,positive
3920,"😊 shu hafta Andijonga bordim, hamma narsa yoqib qoldi.",positive
3921,"Namangandagi sayohatim ajoyib o'tdi, xizmatlar hammasi darajasida, hayratda qoldim.",positive
3922,"Instagramdagi reklamalar juda asabga tegayapti, afsuslandim. 😢",negative
3923,"Buxoro haqida yangilik o'qidim, hech qanday o'zgarish sezilmadi. 😐",neutral
3924,🤦‍♂️ 😞,negative
3925,✨ 🔥,positive
3926,"aviachiptalar sifati kutilganidek emas, juda sust ishlayapti, noroziman. 😢",negative
3927,"😁 🥰 dars juda samarali o'tdi, do'stim tushuntirgan mavzu juda foydali bo'ldi, kayfiyatim ko'tarildi.",positive
3928,"Yangi mijozlarga xizmat ko'rsatish ishga tushdi, hozircha hammasi yaxshi ishlayapti, yoqib qoldi. 😄 😁",positive
3929,"bugungi instagram sahifa haqidagi musiqa videolari yoqdi, rosa yoqdi 🥰",positive
3930,"😐 bugun o'qituvchi bilan qisqa suhbatlashdim, oddiy bo'ldi.",neutral
3931,"😐 Instagramda Redmi Note 13 haqida e'lon ko'rdim, hozircha faqat ma'lumot yig'ayapman, hech qanday o'zgarish sezilmadi.",neutral
3932,"Twitterda yangi noutbuk haqida post ko'rdim, menga juda yoqdi, kayfiyatim ko'tarildi. 😎 😎",positive
3933,"✨ 😍 Yangi kuryer xizmati ishga tushdi, hozircha hammasi yaxshi ishlayapti, mamnunman.",positive
3934,"instagram sahifa sifati yana tushib ketgan, bekor ketdi hamma narsasi 💔",negative
3935,"ertaga Xivada seminar bo'lib o'tdi, men faqat qatnashdim, oddatdagidek. 🙄",neutral
3936,"bugungi kommentlar mavzusi zerikarli bo'ldi, bunday bo'lmasligi kerak edi 👎",negative
3937,"o'qib qo'ydim xolos, neytralman 😶",neutral
3938,"ilova sifati yana tushib ketgan, aldashdi",negative
3939,"Xiva haqida yangilik o'qidim, neytral qarayman. 📌",neutral
3940,"planshet haqida fikrlar turlicha, hozircha hech qanday o'zgarish sezilmadi. 😐 😐",neutral
3941,"imtihon juda samarali o'tdi, o'qituvchi tushuntirgan mavzu juda foydali bo'ldi, mamnunman.",positive
3942,"😍 bugun Buxoroga bordim, hamma narsa mamnunman.",positive
3943,"odamlar juda chiroyli tushuntiribdi, rahmat, zo'r ekan 😍",positive
3944,"Farg'onadagi sayohatim ajoyib o'tdi, xizmatlar hammasi darajasida, zo'r bo'ldi. 😄",positive
3945,"kofe sifati kutilganidek emas, juda sust ishlayapti, afsuslandim.",negative
3946,"dastur bo'yicha kino postini ko'rdim, norm 📌",neutral
3947,"Buxoro haqida yangilik o'qidim, shunchaki ma'lumot uchun. 🤔 🤔",neutral
3948,"dekan va'da qilgan ishini bajarmadi, natijadan noroziman.",negative
3949,"kelasi oy Andijonda imtihon bo'lib o'tdi, men faqat qatnashdim, oddatdagidek.",neutral
3950,"kecha Qo'qonga bordim, hamma narsa juda xursand bo'ldim. 😁",positive
3951,"bugungi blog mavzusi zerikarli bo'ldi, servis noldan ham past 🤦‍♀️",negative
3952,"YouTubeda yangi kofe haqida post ko'rdim, menga juda yoqdi, mamnunman.",positive
3953,"✨ imtihon juda samarali o'tdi, dekan tushuntirgan mavzu juda foydali bo'ldi, kayfiyatim ko'tarildi.",positive
3954,"o'tgan oy Samarqandga bordim, hamma narsa hayratda qoldim. 😎",positive
3955,"📌 YouTubeda iPhone 15 haqida e'lon ko'rdim, hozircha faqat ma'lumot yig'ayapman, oddatdagidek.",neutral
3956,"ilova sifati yana tushib ketgan, servis noldan ham past",negative
3957,"ℹ️ 😐 kelasi oy Andijonda konferensiya bo'lib o'tdi, men faqat qatnashdim, hech qanday o'zgarish sezilmadi.",neutral
3958,chiqqan joyi yoqdi :D,positive
3959,"ertaga Xivada bo'lgan seminar menga umuman yoqmadi, umuman yoqmadi. 🤬 😔",negative
3960,"internet xizmati bilan muammo chiqdi, qo'llab-quvvatlash xizmati javob bermadi, juda jahlim chiqdi. 😭",negative
3961,"Namangandagi sayohatim ajoyib o'tdi, xizmatlar hammasi darajasida, kayfiyatim ko'tarildi. 😁",positive
3962,"o'tgan oy Farg'onada majlis bo'lib o'tdi, men faqat qatnashdim, oddiy bo'ldi.",neutral
3963,"shu hafta Xivada bo'lgan konferensiya menga umuman yoqmadi, xafa bo'ldim. 😔 💔",negative
3964,"😠 Facebookdagi reklamalar juda asabga tegayapti, afsuslandim.",negative
3965,"😊 shu hafta Qo'qonga bordim, hamma narsa zo'r bo'ldi.",positive
3966,"kuryer xizmati bo'yicha yangilanish chiqdi, lekin hozircha hech qanday o'zgarish sezilmadi.",neutral
3967,"shu hafta Namanganga bordim, hamma narsa hayratda qoldim. 😎",positive
3968,"o'tgan oy Namanganda imtihon bo'lib o'tdi, men faqat qatnashdim, neytral qarayman.",neutral
3969,:-/ 😔 😔,negative
3970,"bugungi musiqa mavzusi zerikarli bo'ldi, tavsiya etmayman 😠",negative
3971,"🥰 iPhone 15 sotib oldim, narxi arzon emas, lekin sifati uchun mamnunman.",positive
3972,"Andijonga borish rejam buzildi, chiptalar bilan muammo bo'ldi, afsuslandim. 👎",negative
3973,"Farg'onaga borish rejam buzildi, chiptalar bilan muammo bo'ldi, xafa bo'ldim.",negative
3974,"Samarqanddagi sayohatim ajoyib o'tdi, xizmatlar hammasi darajasida, hayratda qoldim. 😊",positive
3975,"Toshkent haqida yangilik o'qidim, shunchaki ma'lumot uchun. 📌",neutral
3976,"😶 😐 ertaga direktor bilan qisqa suhbatlashdim, oddiy bo'ldi.",neutral
3977,"servis bo'yicha blog mavzusi zo'r chiqibdi, menga yoqdi",positive
3978,"o'qib qo'ydim xolos, bilmayman ℹ️",neutral
3979,"imtihon juda samarali o'tdi, do'stim tushuntirgan mavzu juda foydali bo'ldi, zo'r bo'ldi.",positive
3980,bunaqa kontent ko'proq bo'lsa zo'r bo'lardi ;),positive
3981,"bugungi dastur haqidagi talim videolari yoqdi, menga yoqdi 🤩",positive
3982,"ertaga Samarqandda bo'lgan dars menga umuman yoqmadi, xafa bo'ldim. 😢",negative
3983,"Andijonga borish rejam buzildi, chiptalar bilan muammo bo'ldi, afsuslandim. 😭",negative
3984,"shu hafta Namanganda dars bo'lib o'tdi, men faqat qatnashdim, neytral qarayman.",neutral
3985,"bugungi pul mavzusi zerikarli bo'ldi, umuman yoqmaydi 🤬",negative
3986,"Twitterdagi reklamalar juda asabga tegayapti, noroziman. 😡",negative
3987,💔 🤬 😡,negative
3988,"planshet sifati kutilganidek emas, juda sust ishlayapti, umuman yoqmadi.",negative
3989,"o'tgan oy Qo'qonga bordim, hamma narsa hayratda qoldim. 🥰",positive
3990,"Telegramda iPhone 15 haqida e'lon ko'rdim, hozircha faqat ma'lumot yig'ayapman, hech qanday o'zgarish sezilmadi.",neutral
3991,👍 =),positive
3992,tavsiya etmayman 😔,negative
3993,"ilova bo'yicha yangilanish chiqdi, lekin hozircha oddatdagidek.",neutral
3994,"oyin sifati yana tushib ketgan, juda yomon 🤦‍♂️",negative
3995,"😞 Andijonga borish rejam buzildi, chiptalar bilan muammo bo'ldi, noroziman.",negative
3996,"Xivaga borish rejam buzildi, chiptalar bilan muammo bo'ldi, xafa bo'ldim.",negative
3997,"o'tgan oy do'stim bilan qisqa suhbatlashdim, hech qanday o'zgarish sezilmadi. 😶",neutral
3998,"Buxoro haqida yangilik o'qidim, hech qanday o'zgarish sezilmadi. 🤔",neutral
3999,"😄 bugun Toshkentga bordim, hamma narsa juda xursand bo'ldim.",positive
4000,"🤔 Telegramda aviachiptalar haqida e'lon ko'rdim, hozircha faqat ma'lumot yig'ayapman, neytral qarayman.",neutral
4001,"dekan va'da qilgan ishini bajarmadi, natijadan xafa bo'ldim. 😭 😭",negative
4002,"Namangan haqida yangilik o'qidim, shunchaki ma'lumot uchun. 😐 🙄",neutral
4003,"🤔 bank xizmati bo'yicha yangilanish chiqdi, lekin hozircha shunchaki ma'lumot uchun.",neutral
4004,"😠 bugun Buxoroda bo'lgan seminar menga umuman yoqmadi, xafa bo'ldim.",negative
4005,"telegram kanal bo'yicha futbol postini ko'rdim, neytralman 📌",neutral
4006,"💔 💔 ilova bilan muammo chiqdi, qo'llab-quvvatlash xizmati javob bermadi, hafsalam pir bo'ldi.",negative
4007,"😭 Instagramdagi reklamalar juda asabga tegayapti, xafa bo'ldim.",negative
4008,"🤔 bugun Namanganda konferensiya bo'lib o'tdi, men faqat qatnashdim, neytral qarayman.",neutral
4009,"opa juda chiroyli tushuntiribdi, kontent yoqdi ❤️",positive
4010,"Instagramda yangi aviachiptalar haqida post ko'rdim, menga juda yoqdi, hayratda qoldim. 👍",positive
4011,:| ... 😐,neutral
4012,"planshet sotib oldim, narxi arzon emas, lekin sifati uchun mamnunman.",positive
4013,"aviachiptalar haqida fikrlar turlicha, hozircha shunchaki ma'lumot uchun. 📌",neutral
4014,"oyin sifati yana tushib ketgan, nogiron qilindi 😡",negative
4015,"Xivadagi sayohatim ajoyib o'tdi, xizmatlar hammasi darajasida, yoqib qoldi. 🤩 🥰",positive
4016,"kelasi oy Buxoroda bo'lgan majlis menga umuman yoqmadi, xafa bo'ldim. 😡",negative
4017,"kitob sotib oldim, narxi arzon emas, lekin sifati uchun hayratda qoldim. 😊",positive
4018,"opa juda chiroyli tushuntiribdi, super 😄",positive
4019,kommentlarni o'qib rostdan ham menga yoqdi 🥰,positive
4020,"kommentlarda hammasi urush, hech nima tushunmadim",negative
4021,"aka nimadir yozibdi, lekin men uchun neytralman 😶",neutral
4022,"o'tgan oy Farg'onada konferensiya bo'lib o'tdi, men faqat qatnashdim, oddiy bo'ldi.",neutral
4023,"😍 Twitterda yangi Redmi Note 13 haqida post ko'rdim, menga juda yoqdi, zo'r bo'ldi.",positive
4024,"video bo'yicha futbol mavzusi zo'r chiqibdi, otliii 🥰",positive
4025,"😭 Samsung A55 sifati kutilganidek emas, juda sust ishlayapti, umuman yoqmadi.",negative
4026,"imtihon juda samarali o'tdi, direktor tushuntirgan mavzu juda foydali bo'ldi, kayfiyatim ko'tarildi. 😎 😄",positive
4027,"😎 konferensiya juda samarali o'tdi, o'qituvchi tushuntirgan mavzu juda foydali bo'ldi, mamnunman.",positive
4028,"😍 imtihon juda samarali o'tdi, o'qituvchi tushuntirgan mavzu juda foydali bo'ldi, hayratda qoldim.",positive
4029,"Yangi dastur ishga tushdi, hozircha hammasi yaxshi ishlayapti, zo'r bo'ldi. 😄",positive
4030,"👍 Twitterda yangi Samsung A55 haqida post ko'rdim, menga juda yoqdi, zo'r bo'ldi.",positive
4031,"ertaga Xivada seminar bo'lib o'tdi, men faqat qatnashdim, oddatdagidek.",neutral
4032,"kommentlarda hammasi urush, bekor ketdi hamma narsasi",negative
4033,"bugun musiqa bo'yicha faqat kuzatib turdim, hech narsa o'zgarmadi",neutral
4034,"Samarqanddagi sayohatim ajoyib o'tdi, xizmatlar hammasi darajasida, kayfiyatim ko'tarildi. 🤩",positive
4035,"planshet sifati kutilganidek emas, juda sust ishlayapti, noroziman.",negative
4036,"kommentlarda hammasi urush, servis noldan ham past 🤦‍♀️",negative
4037,"😐 telefon operatori bo'yicha yangilanish chiqdi, lekin hozircha neytral qarayman.",neutral
4038,"kelasi oy Andijonga bordim, hamma narsa juda xursand bo'ldim.",positive
4039,"planshet haqida fikrlar turlicha, hozircha oddatdagidek.",neutral
4040,"kecha Qo'qonda bo'lgan majlis menga umuman yoqmadi, umuman yoqmadi. 😢",negative
4041,📌 !? ℹ️,neutral
4042,"aviachiptalar haqida fikrlar turlicha, hozircha hech qanday o'zgarish sezilmadi. 🙄 😐",neutral
4043,;) 😎 👍 <3,positive
4044,"bugungi yangiliklar mavzusi zerikarli bo'ldi, tavsiya etmayman 😞",negative
4045,"😄 😊 konferensiya juda samarali o'tdi, o'qituvchi tushuntirgan mavzu juda foydali bo'ldi, juda xursand bo'ldim.",positive
4046,chiqqan joyi yoqdi 😄,positive
4047,"ertaga Namanganda bo'lgan uchrashuv menga umuman yoqmadi, juda jahlim chiqdi.",negative
4048,"😄 🤩 Twitterda yangi noutbuk haqida post ko'rdim, menga juda yoqdi, juda xursand bo'ldim.",positive
4049,"📌 📌 ertaga Xivada dars bo'lib o'tdi, men faqat qatnashdim, neytral qarayman.",neutral
4050,"ℹ️ kelasi oy professor bilan qisqa suhbatlashdim, oddiy bo'ldi.",neutral
4051,"Yangi ilova ishga tushdi, hozircha hammasi yaxshi ishlayapti, yoqib qoldi. 🥰 😍",positive
4052,"Yangi dastur ishga tushdi, hozircha hammasi yaxshi ishlayapti, yoqib qoldi. 😁",positive
4053,"😔 😢 kofe sifati kutilganidek emas, juda sust ishlayapti, juda jahlim chiqdi.",negative
4054,"majlis juda samarali o'tdi, dekan tushuntirgan mavzu juda foydali bo'ldi, hayratda qoldim. 🤩",positive
4055,"😐 YouTubeda planshet haqida e'lon ko'rdim, hozircha faqat ma'lumot yig'ayapman, oddatdagidek.",neutral
4056,juda yomon 😔,negative
4057,"Redmi Note 13 sifati kutilganidek emas, juda sust ishlayapti, xafa bo'ldim.",negative
4058,"Buxoro haqida yangilik o'qidim, oddatdagidek. 🤔",neutral
4059,menga yoqdi 👍,positive
4060,✨ 😊 😁,positive
4061,"bugungi ilova haqidagi kommentlar videolari yoqdi, zo'r",positive
4062,"kommentlarni o'qib rostdan ham rahmat, zo'r ekan 😊",positive
4063,"😎 kecha Qo'qonga bordim, hamma narsa mamnunman.",positive
4064,ko'rdim xolos ...,neutral
4065,"😎 iPhone 15 sotib oldim, narxi arzon emas, lekin sifati uchun hayratda qoldim.",positive
4066,... !? :|,neutral
4067,"😶 Andijon haqida yangilik o'qidim, neytral qarayman.",neutral
4068,"bugun professor bilan qisqa suhbatlashdim, oddiy bo'ldi. 📌",neutral
4069,"bugun Toshkentda majlis bo'lib o'tdi, men faqat qatnashdim, hech qanday o'zgarish sezilmadi.",neutral
4070,🔥 :D :) 😍,positive
4071,"shu hafta o'qituvchi bilan qisqa suhbatlashdim, shunchaki ma'lumot uchun. 📌",neutral
4072,"😭 Farg'onaga borish rejam buzildi, chiptalar bilan muammo bo'ldi, juda jahlim chiqdi.",negative
4073,"😐 🤔 Redmi Note 13 haqida fikrlar turlicha, hozircha oddatdagidek.",neutral
4074,"kitob sifati kutilganidek emas, juda sust ishlayapti, juda jahlim chiqdi. 😠",negative
4075,"kommentlarni o'qidim, kulib qo'ydim xolos :|",neutral
4076,"sayt bo'yicha siyosat mavzusi zo'r chiqibdi, zo'r 🥰",positive
4077,"ilova sifati yana tushib ketgan, nogiron qilindi 😢",negative
4078,"kelasi oy hamkasbim bilan qisqa suhbatlashdim, oddiy bo'ldi. 📌",neutral
4079,"dastur bo'yicha pul mavzusi zo'r chiqibdi, top 🔥",positive
4080,"hamma juda chiroyli tushuntiribdi, klass 😊",positive
4081,"Xiva haqida yangilik o'qidim, oddiy bo'ldi. 🙄 📌",neutral
4082,"🥰 Redmi Note 13 sotib oldim, narxi arzon emas, lekin sifati uchun yoqib qoldi.",positive
4083,"Yangi dastur ishga tushdi, hozircha hammasi yaxshi ishlayapti, yoqib qoldi. ✨",positive
4084,"shu hafta Qo'qonga bordim, hamma narsa juda xursand bo'ldim.",positive
4085,"🥰 😊 planshet sotib oldim, narxi arzon emas, lekin sifati uchun mamnunman.",positive
4086,"📌 kecha hamkasbim bilan qisqa suhbatlashdim, hech qanday o'zgarish sezilmadi.",neutral
4087,"konferensiya juda samarali o'tdi, professor tushuntirgan mavzu juda foydali bo'ldi, kayfiyatim ko'tarildi.",positive
4088,"o'tgan oy Samarqandga bordim, hamma narsa kayfiyatim ko'tarildi.",positive
4089,"Samarqanddagi sayohatim ajoyib o'tdi, xizmatlar hammasi darajasida, zo'r bo'ldi. ✨ 😊",positive
4090,kulib qo'ydim xolos 😐,neutral
4091,"telegram kanal bo'yicha pul postini ko'rdim, bilmayman ✍️",neutral
4092,yoqmadi 💔,negative
4093,"Telegramda yangi noutbuk haqida post ko'rdim, menga juda yoqdi, zo'r bo'ldi.",positive
4094,"telefon operatori bilan muammo chiqdi, qo'llab-quvvatlash xizmati javob bermadi, umuman yoqmadi. 😠",negative
4095,"Yangi internet xizmati ishga tushdi, hozircha hammasi yaxshi ishlayapti, juda xursand bo'ldim. 🥰 😁",positive
4096,"o'tgan oy Xivaga bordim, hamma narsa kayfiyatim ko'tarildi.",positive
4097,"Yangi dastur ishga tushdi, hozircha hammasi yaxshi ishlayapti, mamnunman. 😍",positive
4098,"o'tgan oy Namanganga bordim, hamma narsa hayratda qoldim.",positive
4099,qattiq hafsalam pir bo'ldi 🤦‍♀️,negative
4100,"Twitterda kitob haqida e'lon ko'rdim, hozircha faqat ma'lumot yig'ayapman, neytral qarayman. 😐",neutral
4101,"😁 😊 seminar juda samarali o'tdi, direktor tushuntirgan mavzu juda foydali bo'ldi, mamnunman.",positive
4102,"rahbar va'da qilgan ishini bajarmadi, natijadan juda jahlim chiqdi.",negative
4103,"😐 kecha rahbar bilan qisqa suhbatlashdim, oddatdagidek.",neutral
4104,"uchrashuv juda samarali o'tdi, direktor tushuntirgan mavzu juda foydali bo'ldi, zo'r bo'ldi. 😁",positive
4105,"internet xizmati bo'yicha yangilanish chiqdi, lekin hozircha oddatdagidek. 😐",neutral
4106,"👍 bugun Xivaga bordim, hamma narsa zo'r bo'ldi.",positive
4107,"bugun do'stim bilan qisqa suhbatlashdim, neytral qarayman. ℹ️",neutral
4108,"bugungi kommentlar mavzusi zerikarli bo'ldi, umuman yoqmaydi 👎",negative
4109,"Twitterda yangi aviachiptalar haqida post ko'rdim, menga juda yoqdi, kayfiyatim ko'tarildi. 🥰",positive
4110,"kelasi oy Samarqandga bordim, hamma narsa zo'r bo'ldi.",positive
4111,"😄 Buxorodagi sayohatim ajoyib o'tdi, xizmatlar hammasi darajasida, kayfiyatim ko'tarildi.",positive
4112,"😍 😍 majlis juda samarali o'tdi, do'stim tushuntirgan mavzu juda foydali bo'ldi, zo'r bo'ldi.",positive
4113,"🥰 aviachiptalar sotib oldim, narxi arzon emas, lekin sifati uchun hayratda qoldim.",positive
4114,"😐 Facebookda Samsung A55 haqida e'lon ko'rdim, hozircha faqat ma'lumot yig'ayapman, oddiy bo'ldi.",neutral
4115,😄 😊 😁,positive
4116,"💔 direktor va'da qilgan ishini bajarmadi, natijadan umuman yoqmadi.",negative
4117,"kecha Andijonda imtihon bo'lib o'tdi, men faqat qatnashdim, neytral qarayman.",neutral
4118,"✨ majlis juda samarali o'tdi, o'qituvchi tushuntirgan mavzu juda foydali bo'ldi, hayratda qoldim.",positive
4119,"planshet haqida fikrlar turlicha, hozircha neytral qarayman. 😐 ℹ️",neutral
4120,"😶 kecha Toshkentda konferensiya bo'lib o'tdi, men faqat qatnashdim, shunchaki ma'lumot uchun.",neutral
4121,"🤬 😠 dekan va'da qilgan ishini bajarmadi, natijadan juda jahlim chiqdi.",negative
4122,"🤔 shu hafta Namanganda uchrashuv bo'lib o'tdi, men faqat qatnashdim, shunchaki ma'lumot uchun.",neutral
4123,"😍 Samsung A55 sotib oldim, narxi arzon emas, lekin sifati uchun mamnunman.",positive
4124,kommentlarni o'qib rostdan ham menga yoqdi 🤩,positive
4125,"Samsung A55 haqida fikrlar turlicha, hozircha oddiy bo'ldi. 😶",neutral
4126,"Redmi Note 13 sotib oldim, narxi arzon emas, lekin sifati uchun mamnunman. 👍",positive
4127,"😍 Yangi kuryer xizmati ishga tushdi, hozircha hammasi yaxshi ishlayapti, hayratda qoldim.",positive
4128,"💔 ilova bilan muammo chiqdi, qo'llab-quvvatlash xizmati javob bermadi, xafa bo'ldim.",negative
4129,"ilova bo'yicha talim mavzusi zo'r chiqibdi, kontent yoqdi :D",positive
4130,"👍 Andijondagi sayohatim ajoyib o'tdi, xizmatlar hammasi darajasida, zo'r bo'ldi.",positive
4131,"bugungi internet haqidagi pul videolari yoqdi, yaxshi ishlayapti 😁",positive
4132,"do'stim va'da qilgan ishini bajarmadi, natijadan noroziman. 😭 😞",negative
4133,"😄 🤩 seminar juda samarali o'tdi, dekan tushuntirgan mavzu juda foydali bo'ldi, juda xursand bo'ldim.",positive
4134,"iPhone 15 sifati kutilganidek emas, juda sust ishlayapti, umuman yoqmadi. 😡 🤬",negative
4135,"dastur bo'yicha futbol mavzusi zo'r chiqibdi, zo'r 🔥",positive
4136,"folloverlar nimadir yozibdi, lekin men uchun kulib qo'ydim xolos 🙄",neutral
4137,"bugun blog bo'yicha faqat kuzatib turdim, kulib qo'ydim xolos 😐",neutral
4138,"bugun Farg'onaga bordim, hamma narsa kayfiyatim ko'tarildi. 😎",positive
4139,"😊 Samsung A55 sotib oldim, narxi arzon emas, lekin sifati uchun zo'r bo'ldi.",positive
4140,"Buxoro haqida yangilik o'qidim, oddiy bo'ldi.",neutral
4141,"bugun kino bo'yicha faqat kuzatib turdim, ko'rdim xolos 🙄",neutral
4142,rosa yoqdi 😁,positive
4143,"konferensiya juda samarali o'tdi, hamkasbim tushuntirgan mavzu juda foydali bo'ldi, zo'r bo'ldi.",positive
4144,"😐 bank xizmati bo'yicha yangilanish chiqdi, lekin hozircha hech qanday o'zgarish sezilmadi.",neutral
4145,"💔 😔 ertaga Xivada bo'lgan konferensiya menga umuman yoqmadi, umuman yoqmadi.",negative
4146,"bugun Qo'qonga bordim, hamma narsa kayfiyatim ko'tarildi. 👍",positive
4147,"internet sifati yana tushib ketgan, nogiron qilindi >:(",negative
4148,"kelasi oy rahbar bilan qisqa suhbatlashdim, shunchaki ma'lumot uchun.",neutral
4149,chiqqan joyi yoqdi ;),positive
4150,"Twitterda yangi iPhone 15 haqida post ko'rdim, menga juda yoqdi, mamnunman.",positive
4151,"🤬 o'tgan oy Andijonda bo'lgan uchrashuv menga umuman yoqmadi, juda jahlim chiqdi.",negative
4152,"🤩 😍 Samsung A55 sotib oldim, narxi arzon emas, lekin sifati uchun zo'r bo'ldi.",positive
4153,"Samarqanddagi sayohatim ajoyib o'tdi, xizmatlar hammasi darajasida, mamnunman. 😍",positive
4154,"do'stim va'da qilgan ishini bajarmadi, natijadan noroziman.",negative
4155,"✨ YouTubeda yangi iPhone 15 haqida post ko'rdim, menga juda yoqdi, hayratda qoldim.",positive
4156,"✨ Yangi kuryer xizmati ishga tushdi, hozircha hammasi yaxshi ishlayapti, zo'r bo'ldi.",positive
4157,"🥰 😁 ertaga Namanganga bordim, hamma narsa juda xursand bo'ldim.",positive
4158,"Twitterda planshet haqida e'lon ko'rdim, hozircha faqat ma'lumot yig'ayapman, hech qanday o'zgarish sezilmadi.",neutral
4159,"planshet sotib oldim, narxi arzon emas, lekin sifati uchun kayfiyatim ko'tarildi. 😄",positive
4160,"ertaga Toshkentda bo'lgan konferensiya menga umuman yoqmadi, umuman yoqmadi.",negative
4161,zo'r 😎,positive
4162,"Redmi Note 13 sotib oldim, narxi arzon emas, lekin sifati uchun mamnunman. 🥰 😍",positive
4163,"💔 Telegramdagi reklamalar juda asabga tegayapti, umuman yoqmadi.",negative
4164,"sayt sifati yana tushib ketgan, zerikarli",negative
4165,umuman yoqmaydi :-/,negative
4166,"😠 😭 Farg'onaga borish rejam buzildi, chiptalar bilan muammo bo'ldi, noroziman.",negative
4167,"telegram kanal bo'yicha kommentlar mavzusi zo'r chiqibdi, super ✨",positive
4168,"Instagramda yangi Samsung A55 haqida post ko'rdim, menga juda yoqdi, juda xursand bo'ldim. 😊",positive
4169,"bugun kino bo'yicha faqat kuzatib turdim, prosta savol",neutral
4170,"shu hafta Toshkentda majlis bo'lib o'tdi, men faqat qatnashdim, shunchaki ma'lumot uchun.",neutral
4171,"😄 Qo'qondagi sayohatim ajoyib o'tdi, xizmatlar hammasi darajasida, juda xursand bo'ldim.",positive
4172,"folloverlar juda chiroyli tushuntiribdi, kontent yoqdi 🥰",positive
4173,kommentlarni o'qib rostdan ham kontent yoqdi :),positive
4174,"aviachiptalar sotib oldim, narxi arzon emas, lekin sifati uchun juda xursand bo'ldim. 😍 ✨",positive
4175,"🤔 planshet haqida fikrlar turlicha, hozircha hech qanday o'zgarish sezilmadi.",neutral
4176,"😐 shu hafta Xivada uchrashuv bo'lib o'tdi, men faqat qatnashdim, shunchaki ma'lumot uchun.",neutral
4177,"kecha Xivada bo'lgan konferensiya menga umuman yoqmadi, afsuslandim. 😡 😢",negative
4178,"bugun Samarqandda dars bo'lib o'tdi, men faqat qatnashdim, neytral qarayman. 🙄",neutral
4179,"ertaga Farg'onaga bordim, hamma narsa yoqib qoldi.",positive
4180,"😄 dars juda samarali o'tdi, rahbar tushuntirgan mavzu juda foydali bo'ldi, juda xursand bo'ldim.",positive
4181,"Samarqand haqida yangilik o'qidim, oddatdagidek. 📌",neutral
4182,"😡 😭 Namanganga borish rejam buzildi, chiptalar bilan muammo bo'ldi, noroziman.",negative
4183,"✨ 😊 majlis juda samarali o'tdi, do'stim tushuntirgan mavzu juda foydali bo'ldi, hayratda qoldim.",positive
4184,"kommentlarda hammasi urush, umidsizlik",negative
4185,"Andijonga borish rejam buzildi, chiptalar bilan muammo bo'ldi, juda jahlim chiqdi.",negative
4186,info uchun !?,neutral
4187,"kommentlarni o'qidim, info uchun ℹ️",neutral
4188,"Yangi ilova ishga tushdi, hozircha hammasi yaxshi ishlayapti, juda xursand bo'ldim. 🥰",positive
4189,"Facebookda yangi noutbuk haqida post ko'rdim, menga juda yoqdi, kayfiyatim ko'tarildi.",positive
4190,"✨ Yangi ilova ishga tushdi, hozircha hammasi yaxshi ishlayapti, mamnunman.",positive
4191,yoqmadi 😠,negative
4192,"ertaga Buxoroda bo'lgan dars menga umuman yoqmadi, noroziman.",negative
4193,"Facebookda planshet haqida e'lon ko'rdim, hozircha faqat ma'lumot yig'ayapman, oddiy bo'ldi. 🙄 😐",neutral
4194,"Qo'qon haqida yangilik o'qidim, oddiy bo'ldi. 📌",neutral
4195,"konferensiya juda samarali o'tdi, do'stim tushuntirgan mavzu juda foydali bo'ldi, juda xursand bo'ldim.",positive
4196,"😊 seminar juda samarali o'tdi, direktor tushuntirgan mavzu juda foydali bo'ldi, hayratda qoldim.",positive
4197,"Yangi kuryer xizmati ishga tushdi, hozircha hammasi yaxshi ishlayapti, juda xursand bo'ldim.",positive
4198,"ertaga hamkasbim bilan qisqa suhbatlashdim, oddatdagidek.",neutral
4199,"kitob sifati kutilganidek emas, juda sust ishlayapti, afsuslandim. 😭",negative
4200,"👍 ertaga Qo'qonga bordim, hamma narsa zo'r bo'ldi.",positive
4201,"Twitterda yangi planshet haqida post ko'rdim, menga juda yoqdi, yoqib qoldi.",positive
4202,"🤔 Qo'qon haqida yangilik o'qidim, shunchaki ma'lumot uchun.",neutral
4203,"Samsung A55 sotib oldim, narxi arzon emas, lekin sifati uchun mamnunman. 😎",positive
4204,"🤩 😍 iPhone 15 sotib oldim, narxi arzon emas, lekin sifati uchun kayfiyatim ko'tarildi.",positive
4205,"Instagramda yangi Redmi Note 13 haqida post ko'rdim, menga juda yoqdi, yoqib qoldi. 😊 😄",positive
4206,"👎 Toshkentga borish rejam buzildi, chiptalar bilan muammo bo'ldi, xafa bo'ldim.",negative
4207,>:( 💔 😡,negative
4208,!? 📌 🙄,neutral
4209,"dastur bo'yicha siyosat mavzusi zo'r chiqibdi, yaxshi ishlayapti",positive
4210,✍️ ℹ️ ...,neutral
4211,"kitob haqida fikrlar turlicha, hozircha neytral qarayman. ℹ️ 🤔",neutral
4212,:'( 😞 😔,negative
4213,"do'stlar umuman tushuntira olmadi, nogiron qilindi 😡",negative
4214,"noutbuk sotib oldim, narxi arzon emas, lekin sifati uchun mamnunman. 😄",positive
4215,"Facebookda kitob haqida e'lon ko'rdim, hozircha faqat ma'lumot yig'ayapman, hech qanday o'zgarish sezilmadi.",neutral
4216,"Yangi telefon operatori ishga tushdi, hozircha hammasi yaxshi ishlayapti, juda xursand bo'ldim. 🥰 😊",positive
4217,"Buxoroga borish rejam buzildi, chiptalar bilan muammo bo'ldi, juda jahlim chiqdi. 💔 😠",negative
4218,"imtihon juda samarali o'tdi, professor tushuntirgan mavzu juda foydali bo'ldi, juda xursand bo'ldim. 😄",positive
4219,"o'tgan oy Farg'onaga bordim, hamma narsa yoqib qoldi.",positive
4220,"💔 Qo'qonga borish rejam buzildi, chiptalar bilan muammo bo'ldi, hafsalam pir bo'ldi.",negative
4221,"Twitterda Samsung A55 haqida e'lon ko'rdim, hozircha faqat ma'lumot yig'ayapman, oddiy bo'ldi.",neutral
4222,"Twitterda yangi kofe haqida post ko'rdim, menga juda yoqdi, juda xursand bo'ldim.",positive
4223,"bugungi dastur haqidagi siyosat videolari yoqdi, rahmat, zo'r ekan",positive
4224,"bugun musiqa bo'yicha faqat kuzatib turdim, ko'rdim xolos 🙄",neutral
4225,"😎 kitob sotib oldim, narxi arzon emas, lekin sifati uchun kayfiyatim ko'tarildi.",positive
4226,"😐 ℹ️ aviachiptalar haqida fikrlar turlicha, hozircha neytral qarayman.",neutral
4227,"do'stlar juda chiroyli tushuntiribdi, top 🥰",positive
4228,"imtihon juda samarali o'tdi, do'stim tushuntirgan mavzu juda foydali bo'ldi, yoqib qoldi. 😎 😍",positive
4229,"bugungi talim mavzusi zerikarli bo'ldi, qattiq hafsalam pir bo'ldi 🤬",negative
4230,"kitob sotib oldim, narxi arzon emas, lekin sifati uchun mamnunman. 😁 👍",positive
4231,"planshet sotib oldim, narxi arzon emas, lekin sifati uchun hayratda qoldim. 😊 😎",positive
4232,zo'r 🤩,positive
4233,"✨ Yangi kuryer xizmati ishga tushdi, hozircha hammasi yaxshi ishlayapti, hayratda qoldim.",positive
4234,"bugun Xivaga bordim, hamma narsa yoqib qoldi. 🤩",positive
4235,"folloverlar juda chiroyli tushuntiribdi, rosa yoqdi",positive
4236,"🙄 😐 bugun Samarqandda konferensiya bo'lib o'tdi, men faqat qatnashdim, shunchaki ma'lumot uchun.",neutral
4237,"😍 imtihon juda samarali o'tdi, professor tushuntirgan mavzu juda foydali bo'ldi, mamnunman.",positive
4238,"kecha Toshkentda bo'lgan majlis menga umuman yoqmadi, umuman yoqmadi.",negative
4239,"YouTubedagi reklamalar juda asabga tegayapti, juda jahlim chiqdi. 😠 💔",negative
4240,"kelasi oy Farg'onada bo'lgan majlis menga umuman yoqmadi, noroziman.",negative
4241,kommentlarni o'qib rostdan ham menga yoqdi ✨,positive
4242,"Andijondagi sayohatim ajoyib o'tdi, xizmatlar hammasi darajasida, mamnunman. 😊",positive
4243,"😐 Instagramda planshet haqida e'lon ko'rdim, hozircha faqat ma'lumot yig'ayapman, neytral qarayman.",neutral
4244,pulga achindim >:(,negative
4245,:| 😶 ??,neutral
4246,"🙄 😐 telefon operatori bo'yicha yangilanish chiqdi, lekin hozircha neytral qarayman.",neutral
4247,"😭 Xivaga borish rejam buzildi, chiptalar bilan muammo bo'ldi, xafa bo'ldim.",negative
4248,"🥰 Yangi kuryer xizmati ishga tushdi, hozircha hammasi yaxshi ishlayapti, hayratda qoldim.",positive
4249,"😎 aviachiptalar sotib oldim, narxi arzon emas, lekin sifati uchun mamnunman.",positive
4250,"Yangi dastur ishga tushdi, hozircha hammasi yaxshi ishlayapti, hayratda qoldim. 😎 😎",positive
4251,"internet bo'yicha texnika postini ko'rdim, hech narsa o'zgarmadi 😶",neutral
4252,"ℹ️ Facebookda aviachiptalar haqida e'lon ko'rdim, hozircha faqat ma'lumot yig'ayapman, hech qanday o'zgarish sezilmadi.",neutral
4253,😁 =) ❤️ =),positive
4254,"bank xizmati bilan muammo chiqdi, qo'llab-quvvatlash xizmati javob bermadi, xafa bo'ldim. 😡 😔",negative
4255,"kofe sotib oldim, narxi arzon emas, lekin sifati uchun kayfiyatim ko'tarildi. 😄",positive
4256,fikir yo'q 😐,neutral
4257,"o'tgan oy Namanganda bo'lgan dars menga umuman yoqmadi, umuman yoqmadi. 👎",negative
4258,"bugun Qo'qonga bordim, hamma narsa hayratda qoldim. 😍 😍",positive
4259,"✨ uchrashuv juda samarali o'tdi, direktor tushuntirgan mavzu juda foydali bo'ldi, mamnunman.",positive
4260,"imtihon juda samarali o'tdi, direktor tushuntirgan mavzu juda foydali bo'ldi, yoqib qoldi.",positive
4261,"bugun Andijonga bordim, hamma narsa yoqib qoldi. 👍",positive
4262,"😎 Samarqanddagi sayohatim ajoyib o'tdi, xizmatlar hammasi darajasida, hayratda qoldim.",positive
4263,"😐 planshet haqida fikrlar turlicha, hozircha shunchaki ma'lumot uchun.",neutral
4264,>:( =/ :-/,negative
4265,"Twitterda aviachiptalar haqida e'lon ko'rdim, hozircha faqat ma'lumot yig'ayapman, oddiy bo'ldi.",neutral
4266,"📌 shu hafta Samarqandda seminar bo'lib o'tdi, men faqat qatnashdim, oddatdagidek.",neutral
4267,"Instagramda kofe haqida e'lon ko'rdim, hozircha faqat ma'lumot yig'ayapman, neytral qarayman.",neutral
4268,😁 🥰 ✨,positive
4269,"ℹ️ kelasi oy dekan bilan qisqa suhbatlashdim, oddatdagidek.",neutral
4270,"😄 Instagramda yangi noutbuk haqida post ko'rdim, menga juda yoqdi, juda xursand bo'ldim.",positive
4271,"seminar juda samarali o'tdi, do'stim tushuntirgan mavzu juda foydali bo'ldi, hayratda qoldim. 😎",positive
4272,"kecha o'qituvchi bilan qisqa suhbatlashdim, oddatdagidek.",neutral
4273,"majlis juda samarali o'tdi, dekan tushuntirgan mavzu juda foydali bo'ldi, kayfiyatim ko'tarildi.",positive
4274,"Xivadagi sayohatim ajoyib o'tdi, xizmatlar hammasi darajasida, juda xursand bo'ldim. 😊",positive
4275,"🤬 telefon operatori bilan muammo chiqdi, qo'llab-quvvatlash xizmati javob bermadi, noroziman.",negative
4276,"🥰 Xivadagi sayohatim ajoyib o'tdi, xizmatlar hammasi darajasida, hayratda qoldim.",positive
4277,"Samsung A55 sotib oldim, narxi arzon emas, lekin sifati uchun hayratda qoldim. 😊",positive
4278,,
4279,"seminar juda samarali o'tdi, rahbar tushuntirgan mavzu juda foydali bo'ldi, kayfiyatim ko'tarildi. ✨ 😁",positive
4280,"o'tgan oy Andijonda majlis bo'lib o'tdi, men faqat qatnashdim, shunchaki ma'lumot uchun.",neutral
4281,"ertaga Qo'qonga bordim, hamma narsa yoqib qoldi. ✨ 🤩",positive
4282,"kecha Toshkentda bo'lgan konferensiya menga umuman yoqmadi, xafa bo'ldim. 😠 😭",negative
4283,"Farg'onadagi sayohatim ajoyib o'tdi, xizmatlar hammasi darajasida, yoqib qoldi.",positive
4284,"Twitterdagi reklamalar juda asabga tegayapti, xafa bo'ldim. 😞",negative
4285,"Namangandagi sayohatim ajoyib o'tdi, xizmatlar hammasi darajasida, juda xursand bo'ldim. 😍",positive
4286,"😄 👍 Andijondagi sayohatim ajoyib o'tdi, xizmatlar hammasi darajasida, juda xursand bo'ldim.",positive
4287,"ℹ️ 😐 kecha professor bilan qisqa suhbatlashdim, oddiy bo'ldi.",neutral
4288,"sayt bo'yicha siyosat mavzusi zo'r chiqibdi, bombaaa 🔥",positive
4289,"o'tgan oy Namanganda uchrashuv bo'lib o'tdi, men faqat qatnashdim, oddatdagidek.",neutral
4290,"😶 🤔 Qo'qon haqida yangilik o'qidim, oddatdagidek.",neutral
4291,"Yangi dastur ishga tushdi, hozircha hammasi yaxshi ishlayapti, kayfiyatim ko'tarildi. 😊 😄",positive
4292,"✨ shu hafta Qo'qonga bordim, hamma narsa mamnunman.",positive
4293,"mijozlarga xizmat ko'rsatish bo'yicha yangilanish chiqdi, lekin hozircha oddiy bo'ldi. 🤔 📌",neutral
4294,"😡 do'stim va'da qilgan ishini bajarmadi, natijadan juda jahlim chiqdi.",negative
4295,"telegram kanal bo'yicha musiqa postini ko'rdim, shunchaki 😐",neutral
4296,"Namangan haqida yangilik o'qidim, shunchaki ma'lumot uchun. 🤔",neutral
4297,"Instagramda yangi aviachiptalar haqida post ko'rdim, menga juda yoqdi, zo'r bo'ldi.",positive
4298,"kecha Xivada uchrashuv bo'lib o'tdi, men faqat qatnashdim, oddatdagidek.",neutral
4299,"Farg'onaga borish rejam buzildi, chiptalar bilan muammo bo'ldi, hafsalam pir bo'ldi. 💔 😔",negative
4300,"😠 😢 Qo'qonga borish rejam buzildi, chiptalar bilan muammo bo'ldi, juda jahlim chiqdi.",negative
4301,"😔 😭 Namanganga borish rejam buzildi, chiptalar bilan muammo bo'ldi, noroziman.",negative
4302,"kommentlarda hammasi urush, umidsizlik 😠",negative
4303,"bugun pul bo'yicha faqat kuzatib turdim, prosta savol",neutral
4304,"telefon operatori bilan muammo chiqdi, qo'llab-quvvatlash xizmati javob bermadi, noroziman.",negative
4305,"mijozlarga xizmat ko'rsatish bo'yicha yangilanish chiqdi, lekin hozircha neytral qarayman. 😐",neutral
4306,"YouTubeda yangi aviachiptalar haqida post ko'rdim, menga juda yoqdi, zo'r bo'ldi. 😄",positive
4307,"imtihon juda samarali o'tdi, direktor tushuntirgan mavzu juda foydali bo'ldi, kayfiyatim ko'tarildi.",positive
4308,"shu hafta do'stim bilan qisqa suhbatlashdim, oddiy bo'ldi.",neutral
4309,"Namanganga borish rejam buzildi, chiptalar bilan muammo bo'ldi, hafsalam pir bo'ldi.",negative
4310,"Facebookda kitob haqida e'lon ko'rdim, hozircha faqat ma'lumot yig'ayapman, hech qanday o'zgarish sezilmadi. 🙄 ℹ️",neutral
4311,"🙄 Telegramda Redmi Note 13 haqida e'lon ko'rdim, hozircha faqat ma'lumot yig'ayapman, shunchaki ma'lumot uchun.",neutral
4312,"😁 YouTubeda yangi kofe haqida post ko'rdim, menga juda yoqdi, yoqib qoldi.",positive
4313,"😐 kofe haqida fikrlar turlicha, hozircha shunchaki ma'lumot uchun.",neutral
4314,"😡 iPhone 15 sifati kutilganidek emas, juda sust ishlayapti, noroziman.",negative
4315,"😶 kelasi oy hamkasbim bilan qisqa suhbatlashdim, oddatdagidek.",neutral
4316,"Yangi mijozlarga xizmat ko'rsatish ishga tushdi, hozircha hammasi yaxshi ishlayapti, juda xursand bo'ldim. 😍 😄",positive
4317,"kitob haqida fikrlar turlicha, hozircha oddatdagidek. 🙄",neutral
4318,"odamlar umuman tushuntira olmadi, tavsiya etmayman",negative
4319,"ilova bo'yicha yangilanish chiqdi, lekin hozircha shunchaki ma'lumot uchun. 🙄 📌",neutral
4320,"👍 Twitterda yangi planshet haqida post ko'rdim, menga juda yoqdi, kayfiyatim ko'tarildi.",positive
4321,"🙄 😶 Redmi Note 13 haqida fikrlar turlicha, hozircha hech qanday o'zgarish sezilmadi.",neutral
4322,"✨ 🤩 konferensiya juda samarali o'tdi, dekan tushuntirgan mavzu juda foydali bo'ldi, juda xursand bo'ldim.",positive
4323,"kecha Qo'qonda majlis bo'lib o'tdi, men faqat qatnashdim, neytral qarayman. 😐",neutral
4324,"Twitterda yangi planshet haqida post ko'rdim, menga juda yoqdi, kayfiyatim ko'tarildi.",positive
4325,"Yangi telefon operatori ishga tushdi, hozircha hammasi yaxshi ishlayapti, mamnunman. 😁",positive
4326,"uchrashuv juda samarali o'tdi, professor tushuntirgan mavzu juda foydali bo'ldi, mamnunman.",positive
4327,"😍 Twitterda yangi kitob haqida post ko'rdim, menga juda yoqdi, kayfiyatim ko'tarildi.",positive
4328,"Telegramda yangi Redmi Note 13 haqida post ko'rdim, menga juda yoqdi, mamnunman. 😄",positive
4329,"😍 Yangi internet xizmati ishga tushdi, hozircha hammasi yaxshi ishlayapti, mamnunman.",positive
4330,"😄 uchrashuv juda samarali o'tdi, rahbar tushuntirgan mavzu juda foydali bo'ldi, zo'r bo'ldi.",positive
4331,"Redmi Note 13 sifati kutilganidek emas, juda sust ishlayapti, afsuslandim. 💔",negative
4332,"Samsung A55 sotib oldim, narxi arzon emas, lekin sifati uchun juda xursand bo'ldim. 🤩 🥰",positive
4333,"👍 konferensiya juda samarali o'tdi, professor tushuntirgan mavzu juda foydali bo'ldi, zo'r bo'ldi.",positive
4334,"👍 😎 Yangi ilova ishga tushdi, hozircha hammasi yaxshi ishlayapti, juda xursand bo'ldim.",positive
4335,"📌 Telegramda kitob haqida e'lon ko'rdim, hozircha faqat ma'lumot yig'ayapman, hech qanday o'zgarish sezilmadi.",neutral
4336,"Namangandagi sayohatim ajoyib o'tdi, xizmatlar hammasi darajasida, yoqib qoldi. 👍",positive
4337,"😞 kecha Toshkentda bo'lgan majlis menga umuman yoqmadi, xafa bo'ldim.",negative
4338,"💔 🤬 Redmi Note 13 sifati kutilganidek emas, juda sust ishlayapti, hafsalam pir bo'ldi.",negative
4339,"✨ 😁 Yangi bank xizmati ishga tushdi, hozircha hammasi yaxshi ishlayapti, kayfiyatim ko'tarildi.",positive
4340,"Yangi mijozlarga xizmat ko'rsatish ishga tushdi, hozircha hammasi yaxshi ishlayapti, kayfiyatim ko'tarildi. 😁 ✨",positive
4341,"odamlar juda chiroyli tushuntiribdi, menga yoqdi 🤩",positive
4342,"kommentlarda hammasi urush, pulga achindim 💔",negative
4343,"ℹ️ ertaga Namanganda uchrashuv bo'lib o'tdi, men faqat qatnashdim, oddatdagidek.",neutral
4344,"YouTubeda yangi kofe haqida post ko'rdim, menga juda yoqdi, hayratda qoldim.",positive
4345,"😐 Telegramda aviachiptalar haqida e'lon ko'rdim, hozircha faqat ma'lumot yig'ayapman, hech qanday o'zgarish sezilmadi.",neutral
4346,"😡 bugun Buxoroda bo'lgan konferensiya menga umuman yoqmadi, hafsalam pir bo'ldi.",negative
4347,"kommentlarda hammasi urush, aldashdi 💔",negative
4348,"😍 Yangi internet xizmati ishga tushdi, hozircha hammasi yaxshi ishlayapti, zo'r bo'ldi.",positive
4349,"YouTubeda yangi aviachiptalar haqida post ko'rdim, menga juda yoqdi, hayratda qoldim. 😊",positive
4350,"🤩 noutbuk sotib oldim, narxi arzon emas, lekin sifati uchun mamnunman.",positive
4351,"Yangi internet xizmati ishga tushdi, hozircha hammasi yaxshi ishlayapti, hayratda qoldim. 😁",positive
4352,"Twitterda Samsung A55 haqida e'lon ko'rdim, hozircha faqat ma'lumot yig'ayapman, hech qanday o'zgarish sezilmadi.",neutral
4353,"Redmi Note 13 sifati kutilganidek emas, juda sust ishlayapti, umuman yoqmadi.",negative
4354,🔥 :) 👍,positive
4355,"✨ 😁 Redmi Note 13 sotib oldim, narxi arzon emas, lekin sifati uchun yoqib qoldi.",positive
4356,"aka juda chiroyli tushuntiribdi, zo'r ;)",positive
4357,"🙄 kecha Samarqandda dars bo'lib o'tdi, men faqat qatnashdim, neytral qarayman.",neutral
4358,"kelasi oy Namanganda bo'lgan majlis menga umuman yoqmadi, hafsalam pir bo'ldi. 🤬",negative
4359,"shu hafta Andijonda konferensiya bo'lib o'tdi, men faqat qatnashdim, oddatdagidek. ℹ️",neutral
4360,"😄 Telegramda yangi aviachiptalar haqida post ko'rdim, menga juda yoqdi, hayratda qoldim.",positive
4361,"o'qib qo'ydim xolos, bilmayman 😶",neutral
4362,"Telegramda kofe haqida e'lon ko'rdim, hozircha faqat ma'lumot yig'ayapman, oddiy bo'ldi. ℹ️",neutral
4363,"dastur bo'yicha yangilanish chiqdi, lekin hozircha neytral qarayman. 🙄 ℹ️",neutral
4364,"😐 📌 o'tgan oy Namanganda konferensiya bo'lib o'tdi, men faqat qatnashdim, oddatdagidek.",neutral
4365,"seminar juda samarali o'tdi, o'qituvchi tushuntirgan mavzu juda foydali bo'ldi, mamnunman. 👍 🥰",positive
4366,"o'tgan oy Andijonda bo'lgan seminar menga umuman yoqmadi, hafsalam pir bo'ldi. 😭",negative
4367,"👎 dekan va'da qilgan ishini bajarmadi, natijadan umuman yoqmadi.",negative
4368,"😭 kuryer xizmati bilan muammo chiqdi, qo'llab-quvvatlash xizmati javob bermadi, hafsalam pir bo'ldi.",negative
4369,😎 :D,positive
4370,"😊 Twitterda yangi iPhone 15 haqida post ko'rdim, menga juda yoqdi, kayfiyatim ko'tarildi.",positive
4371,"😞 Andijonga borish rejam buzildi, chiptalar bilan muammo bo'ldi, hafsalam pir bo'ldi.",negative
4372,"shu hafta dekan bilan qisqa suhbatlashdim, hech qanday o'zgarish sezilmadi. 🙄",neutral
4373,"o'qib qo'ydim xolos, fikir yo'q ??",neutral
4374,"aviachiptalar sifati kutilganidek emas, juda sust ishlayapti, afsuslandim. 😞",negative
4375,hech nima tushunmadim 🤬,negative
4376,"uchrashuv juda samarali o'tdi, direktor tushuntirgan mavzu juda foydali bo'ldi, kayfiyatim ko'tarildi. ✨",positive
4377,"bugun Toshkentga bordim, hamma narsa hayratda qoldim.",positive
4378,"Xivaga borish rejam buzildi, chiptalar bilan muammo bo'ldi, xafa bo'ldim. 😭",negative
4379,"😶 Facebookda iPhone 15 haqida e'lon ko'rdim, hozircha faqat ma'lumot yig'ayapman, oddatdagidek.",neutral
4380,"bank xizmati bo'yicha yangilanish chiqdi, lekin hozircha oddiy bo'ldi. 😶",neutral
4381,kulib qo'ydim xolos 🤔,neutral
4382,zerikarli 😔,negative
4383,"🤔 🤔 Toshkent haqida yangilik o'qidim, shunchaki ma'lumot uchun.",neutral
4384,"shu hafta Qo'qonda konferensiya bo'lib o'tdi, men faqat qatnashdim, hech qanday o'zgarish sezilmadi.",neutral
4385,bekor ketdi hamma narsasi,negative
4386,yoqmadi 🤦‍♂️,negative
4387,"shu hafta Namanganga bordim, hamma narsa hayratda qoldim.",positive
4388,"YouTubeda yangi kofe haqida post ko'rdim, menga juda yoqdi, kayfiyatim ko'tarildi.",positive
4389,"YouTubeda yangi Redmi Note 13 haqida post ko'rdim, menga juda yoqdi, kayfiyatim ko'tarildi.",positive
4390,"bugun Toshkentga bordim, hamma narsa zo'r bo'ldi. 😎",positive
4391,"ertaga direktor bilan qisqa suhbatlashdim, shunchaki ma'lumot uchun.",neutral
4392,"ilova bilan muammo chiqdi, qo'llab-quvvatlash xizmati javob bermadi, hafsalam pir bo'ldi.",negative
4393,"dekan va'da qilgan ishini bajarmadi, natijadan xafa bo'ldim. 😔",negative
4394,"😁 kitob sotib oldim, narxi arzon emas, lekin sifati uchun yoqib qoldi.",positive
4395,😊 🤩 🤩 👍,positive
4396,"😄 shu hafta Namanganga bordim, hamma narsa yoqib qoldi.",positive
4397,"bugungi pul mavzusi zerikarli bo'ldi, tavsiya etmayman 😡",negative
4398,"Yangi ilova ishga tushdi, hozircha hammasi yaxshi ishlayapti, hayratda qoldim. 😎 🥰",positive
4399,"😢 😢 kofe sifati kutilganidek emas, juda sust ishlayapti, noroziman.",negative
4400,"👍 👍 aviachiptalar sotib oldim, narxi arzon emas, lekin sifati uchun juda xursand bo'ldim.",positive
4401,"😍 👍 kelasi oy Farg'onaga bordim, hamma narsa kayfiyatim ko'tarildi.",positive
4402,"ilova bo'yicha yangilanish chiqdi, lekin hozircha hech qanday o'zgarish sezilmadi.",neutral
4403,"😍 😍 planshet sotib oldim, narxi arzon emas, lekin sifati uchun juda xursand bo'ldim.",positive
4404,"😊 Namangandagi sayohatim ajoyib o'tdi, xizmatlar hammasi darajasida, zo'r bo'ldi.",positive
4405,"😍 Telegramda yangi aviachiptalar haqida post ko'rdim, menga juda yoqdi, kayfiyatim ko'tarildi.",positive
4406,hech narsa o'zgarmadi ✍️,neutral
4407,"Redmi Note 13 sotib oldim, narxi arzon emas, lekin sifati uchun zo'r bo'ldi. 😍",positive
4408,"😞 😠 Toshkentga borish rejam buzildi, chiptalar bilan muammo bo'ldi, umuman yoqmadi.",negative
4409,"😎 😍 Yangi mijozlarga xizmat ko'rsatish ishga tushdi, hozircha hammasi yaxshi ishlayapti, juda xursand bo'ldim.",positive
4410,"bugungi kino mavzusi zerikarli bo'ldi, bekor ekan 💔",negative
4411,"😭 Twitterdagi reklamalar juda asabga tegayapti, afsuslandim.",negative
4412,"Buxoroga borish rejam buzildi, chiptalar bilan muammo bo'ldi, umuman yoqmadi. 😢 💔",negative
4413,"😄 Facebookda yangi Redmi Note 13 haqida post ko'rdim, menga juda yoqdi, mamnunman.",positive
4414,"kecha Xivaga bordim, hamma narsa juda xursand bo'ldim. 😍 🥰",positive
4415,"😶 ℹ️ kitob haqida fikrlar turlicha, hozircha oddiy bo'ldi.",neutral
4416,"Yangi telefon operatori ishga tushdi, hozircha hammasi yaxshi ishlayapti, hayratda qoldim.",positive
4417,kommentlarni o'qib rostdan ham zor ✨,positive
4418,"o'tgan oy Samarqandga bordim, hamma narsa yoqib qoldi.",positive
4419,"bugun professor bilan qisqa suhbatlashdim, neytral qarayman.",neutral
4420,"yana shunaqa reklama chiqdi, charchatdi :'(",negative
4421,"post bo'yicha blog postini ko'rdim, fikir yo'q 📌",neutral
4422,info uchun ✍️,neutral
4423,"bugun siyosat bo'yicha faqat kuzatib turdim, bilmayman",neutral
4424,"instagram sahifa sifati yana tushib ketgan, juda yomon 😡",negative
4425,😶 :|,neutral
4426,"Instagramda Samsung A55 haqida e'lon ko'rdim, hozircha faqat ma'lumot yig'ayapman, neytral qarayman.",neutral
4427,"ℹ️ 😶 Twitterda kitob haqida e'lon ko'rdim, hozircha faqat ma'lumot yig'ayapman, oddatdagidek.",neutral
4428,"bugun Namanganda imtihon bo'lib o'tdi, men faqat qatnashdim, oddiy bo'ldi.",neutral
4429,"bugungi servis haqidagi kino videolari yoqdi, rahmat, zo'r ekan 🥰",positive
4430,"ertaga Buxoroda bo'lgan uchrashuv menga umuman yoqmadi, noroziman. 👎",negative
4431,:D =) <3,positive
4432,"post bo'yicha futbol postini ko'rdim, norm 😶",neutral
4433,"kelasi oy Farg'onada konferensiya bo'lib o'tdi, men faqat qatnashdim, oddiy bo'ldi. 🤔",neutral
4434,"sayt bo'yicha musiqa postini ko'rdim, norm",neutral
4435,"😄 😍 Samsung A55 sotib oldim, narxi arzon emas, lekin sifati uchun mamnunman.",positive
4436,"YouTubeda yangi kofe haqida post ko'rdim, menga juda yoqdi, juda xursand bo'ldim. 😍",positive
4437,"kommentlarni o'qidim, shunchaki 🤔",neutral
4438,"Yangi dastur ishga tushdi, hozircha hammasi yaxshi ishlayapti, zo'r bo'ldi.",positive
4439,;),positive
4440,"ertaga Samarqandda dars bo'lib o'tdi, men faqat qatnashdim, hech qanday o'zgarish sezilmadi. 😶 📌",neutral
4441,"kofe haqida fikrlar turlicha, hozircha neytral qarayman. ℹ️",neutral
4442,"do'stlar juda chiroyli tushuntiribdi, kontent yoqdi :)",positive
4443,"bloger nimadir yozibdi, lekin men uchun shunchaki ℹ️",neutral
4444,"😁 🤩 kofe sotib oldim, narxi arzon emas, lekin sifati uchun hayratda qoldim.",positive
4445,"🥰 😁 dars juda samarali o'tdi, rahbar tushuntirgan mavzu juda foydali bo'ldi, yoqib qoldi.",positive
4446,kommentlarni o'qib rostdan ham otliii 😊,positive
4447,"bloger nimadir yozibdi, lekin men uchun kulib qo'ydim xolos 🙄",neutral
4448,😢 🤦‍♂️ 😡,negative
4449,"😄 😄 o'tgan oy Andijonga bordim, hamma narsa hayratda qoldim.",positive
4450,🤦‍♂️,negative
4451,"kommentlarda hammasi urush, pulga achindim 🤦‍♂️",negative
4452,"odamlar umuman tushuntira olmadi, bekor ekan 💔",negative
4453,"YouTubeda yangi aviachiptalar haqida post ko'rdim, menga juda yoqdi, kayfiyatim ko'tarildi. ✨ 😁",positive
4454,"ertaga Farg'onada dars bo'lib o'tdi, men faqat qatnashdim, oddatdagidek.",neutral
4455,"😎 Yangi dastur ishga tushdi, hozircha hammasi yaxshi ishlayapti, juda xursand bo'ldim.",positive
4456,"Redmi Note 13 sifati kutilganidek emas, juda sust ishlayapti, juda jahlim chiqdi. 😠",negative
4457,"😊 konferensiya juda samarali o'tdi, hamkasbim tushuntirgan mavzu juda foydali bo'ldi, kayfiyatim ko'tarildi.",positive
4458,"servis bo'yicha texnika mavzusi zo'r chiqibdi, bombaaa ✨",positive
4459,🤦‍♀️ >:( 😡 😞,negative
4460,"Yangi mijozlarga xizmat ko'rsatish ishga tushdi, hozircha hammasi yaxshi ishlayapti, mamnunman. 😁 😍",positive
4461,"😍 YouTubeda yangi kitob haqida post ko'rdim, menga juda yoqdi, zo'r bo'ldi.",positive
4462,"😎 Yangi internet xizmati ishga tushdi, hozircha hammasi yaxshi ishlayapti, mamnunman.",positive
4463,"😞 iPhone 15 sifati kutilganidek emas, juda sust ishlayapti, afsuslandim.",negative
4464,"Samarqand haqida yangilik o'qidim, oddiy bo'ldi. 🙄",neutral
4465,"😊 Instagramda yangi planshet haqida post ko'rdim, menga juda yoqdi, zo'r bo'ldi.",positive
4466,"😎 YouTubeda yangi noutbuk haqida post ko'rdim, menga juda yoqdi, kayfiyatim ko'tarildi.",positive
4467,"kommentlarni o'qib rostdan ham rahmat, zo'r ekan 😁",positive
4468,"Farg'onadagi sayohatim ajoyib o'tdi, xizmatlar hammasi darajasida, mamnunman. 👍",positive
4469,"kelasi oy Qo'qonda majlis bo'lib o'tdi, men faqat qatnashdim, hech qanday o'zgarish sezilmadi.",neutral
4470,"kelasi oy Farg'onada majlis bo'lib o'tdi, men faqat qatnashdim, oddatdagidek.",neutral
4471,"servis bo'yicha kino postini ko'rdim, bilmayman ✍️",neutral
4472,:| ??,neutral
4473,"bugungi post haqidagi pul videolari yoqdi, top =)",positive
4474,"😊 kofe sotib oldim, narxi arzon emas, lekin sifati uchun yoqib qoldi.",positive
4475,"👍 😁 imtihon juda samarali o'tdi, do'stim tushuntirgan mavzu juda foydali bo'ldi, hayratda qoldim.",positive
4476,🥰 🥰,positive
4477,"😁 😍 Instagramda yangi planshet haqida post ko'rdim, menga juda yoqdi, mamnunman.",positive
4478,"kecha Andijonda imtihon bo'lib o'tdi, men faqat qatnashdim, hech qanday o'zgarish sezilmadi.",neutral
4479,"Telegramda yangi planshet haqida post ko'rdim, menga juda yoqdi, hayratda qoldim. 🥰",positive
4480,"kecha Qo'qonda dars bo'lib o'tdi, men faqat qatnashdim, hech qanday o'zgarish sezilmadi.",neutral
4481,"😞 do'stim va'da qilgan ishini bajarmadi, natijadan juda jahlim chiqdi.",negative
4482,"Yangi telefon operatori ishga tushdi, hozircha hammasi yaxshi ishlayapti, zo'r bo'ldi. 😎",positive
4483,"mijozlarga xizmat ko'rsatish bo'yicha yangilanish chiqdi, lekin hozircha shunchaki ma'lumot uchun.",neutral
4484,"kelasi oy hamkasbim bilan qisqa suhbatlashdim, oddatdagidek.",neutral
4485,gap yo'q :D,positive
4486,"Facebookda planshet haqida e'lon ko'rdim, hozircha faqat ma'lumot yig'ayapman, oddatdagidek. 🤔",neutral
4487,"o'qib qo'ydim xolos, hech narsa o'zgarmadi 📌",neutral
4488,"😍 Twitterda yangi Samsung A55 haqida post ko'rdim, menga juda yoqdi, kayfiyatim ko'tarildi.",positive
4489,"Yangi dastur ishga tushdi, hozircha hammasi yaxshi ishlayapti, zo'r bo'ldi. ✨",positive
4490,"kelasi oy Farg'onaga bordim, hamma narsa zo'r bo'ldi.",positive
4491,"kommentlarda hammasi urush, qattiq hafsalam pir bo'ldi 🤬",negative
4492,"😎 😊 bugun Buxoroga bordim, hamma narsa hayratda qoldim.",positive
4493,"bugun Farg'onaga bordim, hamma narsa juda xursand bo'ldim.",positive
4494,"sayt bo'yicha futbol mavzusi zo'r chiqibdi, chiqqan joyi yoqdi 🥰",positive
4495,"Instagramda kitob haqida e'lon ko'rdim, hozircha faqat ma'lumot yig'ayapman, hech qanday o'zgarish sezilmadi. 😶",neutral
4496,menga yoqdi 🥰,positive
4497,"professor va'da qilgan ishini bajarmadi, natijadan juda jahlim chiqdi. 😡",negative
4498,"kelasi oy o'qituvchi bilan qisqa suhbatlashdim, oddiy bo'ldi. 😶",neutral
4499,"odamlar juda chiroyli tushuntiribdi, rahmat, zo'r ekan ✨",positive
4500,klass 🥰,positive
4501,😊 😍 😎,positive
4502,😶 📌 ??,neutral
4503,"Toshkentdagi sayohatim ajoyib o'tdi, xizmatlar hammasi darajasida, juda xursand bo'ldim. 👍",positive
4504,"dars juda samarali o'tdi, dekan tushuntirgan mavzu juda foydali bo'ldi, mamnunman.",positive
4505,"ℹ️ ilova bo'yicha yangilanish chiqdi, lekin hozircha oddiy bo'ldi.",neutral
4506,"noutbuk sifati kutilganidek emas, juda sust ishlayapti, hafsalam pir bo'ldi. 😭",negative
4507,"Samsung A55 haqida fikrlar turlicha, hozircha neytral qarayman. ℹ️ 😶",neutral
4508,"iPhone 15 haqida fikrlar turlicha, hozircha oddatdagidek. 📌 😶",neutral
4509,"👎 YouTubedagi reklamalar juda asabga tegayapti, umuman yoqmadi.",negative
4510,"Twitterdagi reklamalar juda asabga tegayapti, afsuslandim.",negative
4511,"😡 bank xizmati bilan muammo chiqdi, qo'llab-quvvatlash xizmati javob bermadi, umuman yoqmadi.",negative
4512,"YouTubedagi reklamalar juda asabga tegayapti, hafsalam pir bo'ldi. 😞 😡",negative
4513,"kecha Samarqandga bordim, hamma narsa hayratda qoldim.",positive
4514,>:(,negative
4515,"konferensiya juda samarali o'tdi, hamkasbim tushuntirgan mavzu juda foydali bo'ldi, juda xursand bo'ldim.",positive
4516,"😄 Xivadagi sayohatim ajoyib o'tdi, xizmatlar hammasi darajasida, juda xursand bo'ldim.",positive
4517,"Samsung A55 sifati kutilganidek emas, juda sust ishlayapti, umuman yoqmadi. 👎",negative
4518,"folloverlar nimadir yozibdi, lekin men uchun shunchaki 📌",neutral
4519,"post bo'yicha kino postini ko'rdim, fikir yo'q",neutral
4520,"bugun Andijonga bordim, hamma narsa juda xursand bo'ldim. 😊",positive
4521,"📌 Samarqand haqida yangilik o'qidim, neytral qarayman.",neutral
4522,hech nima tushunmadim =/,negative
4523,"servis bo'yicha kommentlar mavzusi zo'r chiqibdi, zor 😁",positive
4524,"Yangi bank xizmati ishga tushdi, hozircha hammasi yaxshi ishlayapti, yoqib qoldi. 😁 😄",positive
4525,"majlis juda samarali o'tdi, direktor tushuntirgan mavzu juda foydali bo'ldi, mamnunman.",positive
4526,"folloverlar juda chiroyli tushuntiribdi, kontent yoqdi 😁",positive
4527,"📌 Samarqand haqida yangilik o'qidim, hech qanday o'zgarish sezilmadi.",neutral
4528,"Samarqanddagi sayohatim ajoyib o'tdi, xizmatlar hammasi darajasida, zo'r bo'ldi.",positive
4529,"bugungi kommentlar mavzusi zerikarli bo'ldi, bekor ekan 😞",negative
4530,"😊 😄 Twitterda yangi kofe haqida post ko'rdim, menga juda yoqdi, mamnunman.",positive
4531,"bugungi texnika mavzusi zerikarli bo'ldi, aldashdi 💔",negative
4532,"kitob sotib oldim, narxi arzon emas, lekin sifati uchun zo'r bo'ldi.",positive
4533,"😭 professor va'da qilgan ishini bajarmadi, natijadan noroziman.",negative
4534,"🤩 Toshkentdagi sayohatim ajoyib o'tdi, xizmatlar hammasi darajasida, mamnunman.",positive
4535,"🥰 kitob sotib oldim, narxi arzon emas, lekin sifati uchun zo'r bo'ldi.",positive
4536,"kelasi oy Qo'qonda bo'lgan imtihon menga umuman yoqmadi, umuman yoqmadi.",negative
4537,"imtihon juda samarali o'tdi, rahbar tushuntirgan mavzu juda foydali bo'ldi, kayfiyatim ko'tarildi. 😎 ✨",positive
4538,"uchrashuv juda samarali o'tdi, hamkasbim tushuntirgan mavzu juda foydali bo'ldi, mamnunman.",positive
4539,"🥰 😁 o'tgan oy Farg'onaga bordim, hamma narsa hayratda qoldim.",positive
4540,"kelasi oy Qo'qonda seminar bo'lib o'tdi, men faqat qatnashdim, shunchaki ma'lumot uchun.",neutral
4541,"bugun Xivaga bordim, hamma narsa juda xursand bo'ldim. 😁 🤩",positive
4542,"🥰 ✨ seminar juda samarali o'tdi, hamkasbim tushuntirgan mavzu juda foydali bo'ldi, zo'r bo'ldi.",positive
4543,"Samsung A55 haqida fikrlar turlicha, hozircha oddiy bo'ldi. 🙄",neutral
4544,"📌 ilova bo'yicha yangilanish chiqdi, lekin hozircha shunchaki ma'lumot uchun.",neutral
4545,"😐 📌 kuryer xizmati bo'yicha yangilanish chiqdi, lekin hozircha oddatdagidek.",neutral
4546,"kecha Toshkentda seminar bo'lib o'tdi, men faqat qatnashdim, shunchaki ma'lumot uchun.",neutral
4547,hech nima tushunmadim :-/,negative
4548,"Samarqandga borish rejam buzildi, chiptalar bilan muammo bo'ldi, hafsalam pir bo'ldi.",negative
4549,<3 🤩 😊,positive
4550,"post bo'yicha musiqa postini ko'rdim, fikir yo'q !?",neutral
4551,hech narsa o'zgarmadi ...,neutral
4552,"🙄 kecha Samarqandda konferensiya bo'lib o'tdi, men faqat qatnashdim, hech qanday o'zgarish sezilmadi.",neutral
4553,,
4554,"telefon operatori bilan muammo chiqdi, qo'llab-quvvatlash xizmati javob bermadi, xafa bo'ldim. 💔",negative
4555,"bugun o'qituvchi bilan qisqa suhbatlashdim, shunchaki ma'lumot uchun. 🙄",neutral
4556,ℹ️ :| :|,neutral
4557,"o'qib qo'ydim xolos, kulib qo'ydim xolos 😶",neutral
4558,"internet sifati yana tushib ketgan, servis noldan ham past 😔",negative
4559,"shu hafta Samarqandga bordim, hamma narsa zo'r bo'ldi. 😄",positive
4560,"bugun texnika bo'yicha faqat kuzatib turdim, fikir yo'q ✍️",neutral
4561,😞 🤦‍♂️,negative
4562,"😁 Qo'qondagi sayohatim ajoyib o'tdi, xizmatlar hammasi darajasida, zo'r bo'ldi.",positive
4563,"planshet sotib oldim, narxi arzon emas, lekin sifati uchun kayfiyatim ko'tarildi. 👍 👍",positive
4564,"bugun yangiliklar bo'yicha faqat kuzatib turdim, fikir yo'q ??",neutral
4565,"✨ 😊 iPhone 15 sotib oldim, narxi arzon emas, lekin sifati uchun hayratda qoldim.",positive
4566,"kitob sotib oldim, narxi arzon emas, lekin sifati uchun yoqib qoldi. 😍",positive
4567,"shu hafta Xivaga bordim, hamma narsa yoqib qoldi. 😊",positive
4568,"shu hafta Toshkentda bo'lgan majlis menga umuman yoqmadi, umuman yoqmadi. 👎 💔",negative
4569,"ertaga do'stim bilan qisqa suhbatlashdim, oddatdagidek.",neutral
4570,"kelasi oy Namanganda dars bo'lib o'tdi, men faqat qatnashdim, neytral qarayman. 😐",neutral
4571,"noutbuk sifati kutilganidek emas, juda sust ishlayapti, afsuslandim. 😭",negative
4572,"ℹ️ o'tgan oy direktor bilan qisqa suhbatlashdim, oddatdagidek.",neutral
4573,"Facebookdagi reklamalar juda asabga tegayapti, afsuslandim.",negative
4574,"👍 Namangandagi sayohatim ajoyib o'tdi, xizmatlar hammasi darajasida, zo'r bo'ldi.",positive
4575,"dars juda samarali o'tdi, hamkasbim tushuntirgan mavzu juda foydali bo'ldi, zo'r bo'ldi. 😍",positive
4576,"Toshkentdagi sayohatim ajoyib o'tdi, xizmatlar hammasi darajasida, kayfiyatim ko'tarildi. ✨",positive
4577,"📌 YouTubeda kitob haqida e'lon ko'rdim, hozircha faqat ma'lumot yig'ayapman, oddiy bo'ldi.",neutral
4578,"shu hafta dekan bilan qisqa suhbatlashdim, oddatdagidek. 😶 📌",neutral
4579,"kelasi oy Andijonga bordim, hamma narsa hayratda qoldim.",positive
4580,"ℹ️ kuryer xizmati bo'yicha yangilanish chiqdi, lekin hozircha oddiy bo'ldi.",neutral
4581,... ...,neutral
4582,"kecha Andijonga bordim, hamma narsa hayratda qoldim. 👍",positive
4583,"😭 kitob sifati kutilganidek emas, juda sust ishlayapti, juda jahlim chiqdi.",negative
4584,"majlis juda samarali o'tdi, dekan tushuntirgan mavzu juda foydali bo'ldi, hayratda qoldim.",positive
4585,"instagram sahifa bo'yicha kommentlar postini ko'rdim, neytralman 🙄",neutral
4586,"planshet sotib oldim, narxi arzon emas, lekin sifati uchun kayfiyatim ko'tarildi.",positive
4587,"kofe haqida fikrlar turlicha, hozircha oddatdagidek.",neutral
4588,"Facebookda yangi Samsung A55 haqida post ko'rdim, menga juda yoqdi, zo'r bo'ldi. 🥰",positive
4589,kommentlarni o'qib rostdan ham klass,positive
4590,"✨ YouTubeda yangi kofe haqida post ko'rdim, menga juda yoqdi, kayfiyatim ko'tarildi.",positive
4591,"Xiva haqida yangilik o'qidim, oddiy bo'ldi. 😐",neutral
4592,"folloverlar umuman tushuntira olmadi, qattiq hafsalam pir bo'ldi 🤦‍♂️",negative
4593,"shu hafta Farg'onada seminar bo'lib o'tdi, men faqat qatnashdim, hech qanday o'zgarish sezilmadi.",neutral
4594,"😊 😊 ertaga Toshkentga bordim, hamma narsa kayfiyatim ko'tarildi.",positive
4595,"Redmi Note 13 haqida fikrlar turlicha, hozircha shunchaki ma'lumot uchun. 🙄",neutral
4596,"🥰 🤩 planshet sotib oldim, narxi arzon emas, lekin sifati uchun hayratda qoldim.",positive
4597,"📌 shu hafta professor bilan qisqa suhbatlashdim, oddiy bo'ldi.",neutral
4598,"uchrashuv juda samarali o'tdi, direktor tushuntirgan mavzu juda foydali bo'ldi, kayfiyatim ko'tarildi. 😎",positive
4599,"o'tgan oy Buxoroda konferensiya bo'lib o'tdi, men faqat qatnashdim, neytral qarayman. 😐",neutral
4600,"kommentlarni o'qidim, info uchun 🙄",neutral
4601,"shu hafta Qo'qonda uchrashuv bo'lib o'tdi, men faqat qatnashdim, shunchaki ma'lumot uchun.",neutral
4602,🤔 ??,neutral
4603,😶 😶 ✍️,neutral
4604,"opa nimadir yozibdi, lekin men uchun fikir yo'q 🤔",neutral
4605,"ertaga Andijonda bo'lgan konferensiya menga umuman yoqmadi, umuman yoqmadi.",negative
4606,"Samsung A55 sifati kutilganidek emas, juda sust ishlayapti, afsuslandim.",negative
4607,"internet bo'yicha texnika mavzusi zo'r chiqibdi, rosa yoqdi 😁",positive
4608,"ertaga rahbar bilan qisqa suhbatlashdim, shunchaki ma'lumot uchun.",neutral
4609,"✨ 🥰 noutbuk sotib oldim, narxi arzon emas, lekin sifati uchun yoqib qoldi.",positive
4610,"post bo'yicha yangiliklar mavzusi zo'r chiqibdi, zo'r 😁",positive
4611,"bugun futbol bo'yicha faqat kuzatib turdim, bilmayman 😶",neutral
4612,"bugungi video haqidagi kommentlar videolari yoqdi, menga yoqdi 🤩",positive
4613,"bugun Namanganga bordim, hamma narsa yoqib qoldi.",positive
4614,"😄 Redmi Note 13 sotib oldim, narxi arzon emas, lekin sifati uchun mamnunman.",positive
4615,"bloger juda chiroyli tushuntiribdi, super 😊",positive
4616,"✨ majlis juda samarali o'tdi, hamkasbim tushuntirgan mavzu juda foydali bo'ldi, yoqib qoldi.",positive
4617,😞 😞,negative
4618,"🤔 Toshkent haqida yangilik o'qidim, hech qanday o'zgarish sezilmadi.",neutral
4619,"Yangi kuryer xizmati ishga tushdi, hozircha hammasi yaxshi ishlayapti, mamnunman. 😊",positive
4620,"😎 noutbuk sotib oldim, narxi arzon emas, lekin sifati uchun juda xursand bo'ldim.",positive
4621,"kelasi oy Toshkentda bo'lgan konferensiya menga umuman yoqmadi, umuman yoqmadi.",negative
4622,"imtihon juda samarali o'tdi, professor tushuntirgan mavzu juda foydali bo'ldi, mamnunman.",positive
4623,"😎 o'tgan oy Buxoroga bordim, hamma narsa mamnunman.",positive
4624,:) 😎,positive
4625,😐 ✍️ 😐,neutral
4626,😐,neutral
4627,"🙄 Buxoro haqida yangilik o'qidim, neytral qarayman.",neutral
4628,"Andijonga borish rejam buzildi, chiptalar bilan muammo bo'ldi, hafsalam pir bo'ldi. 👎",negative
4629,"🙄 dastur bo'yicha yangilanish chiqdi, lekin hozircha hech qanday o'zgarish sezilmadi.",neutral
4630,"shu hafta professor bilan qisqa suhbatlashdim, oddiy bo'ldi.",neutral
4631,"o'tgan oy Samarqandda bo'lgan seminar menga umuman yoqmadi, afsuslandim. 😢",negative
4632,"👍 Yangi kuryer xizmati ishga tushdi, hozircha hammasi yaxshi ishlayapti, zo'r bo'ldi.",positive
4633,"😐 o'tgan oy Xivada uchrashuv bo'lib o'tdi, men faqat qatnashdim, neytral qarayman.",neutral
4634,"kitob sotib oldim, narxi arzon emas, lekin sifati uchun zo'r bo'ldi. 😎 😊",positive
4635,"iPhone 15 sotib oldim, narxi arzon emas, lekin sifati uchun yoqib qoldi.",positive
4636,"mijozlarga xizmat ko'rsatish bo'yicha yangilanish chiqdi, lekin hozircha oddiy bo'ldi.",neutral
4637,"👍 kofe sotib oldim, narxi arzon emas, lekin sifati uchun mamnunman.",positive
4638,"📌 Andijon haqida yangilik o'qidim, oddatdagidek.",neutral
4639,"Facebookda yangi Redmi Note 13 haqida post ko'rdim, menga juda yoqdi, juda xursand bo'ldim. 😄 🥰",positive
4640,"kecha Toshkentga bordim, hamma narsa mamnunman.",positive
4641,"kitob sotib oldim, narxi arzon emas, lekin sifati uchun kayfiyatim ko'tarildi. 🤩",positive
4642,"😢 Telegramdagi reklamalar juda asabga tegayapti, afsuslandim.",negative
4643,"🥰 ✨ kelasi oy Farg'onaga bordim, hamma narsa zo'r bo'ldi.",positive
4644,"✨ 😄 Yangi telefon operatori ishga tushdi, hozircha hammasi yaxshi ishlayapti, hayratda qoldim.",positive
4645,😡,negative
4646,"telegram kanal bo'yicha pul postini ko'rdim, shunchaki ✍️",neutral
4647,"bank xizmati bilan muammo chiqdi, qo'llab-quvvatlash xizmati javob bermadi, juda jahlim chiqdi. 😡",negative
4648,"😞 kecha Andijonda bo'lgan dars menga umuman yoqmadi, xafa bo'ldim.",negative
4649,"planshet sotib oldim, narxi arzon emas, lekin sifati uchun juda xursand bo'ldim. 😎",positive
4650,"👍 Telegramda yangi Redmi Note 13 haqida post ko'rdim, menga juda yoqdi, juda xursand bo'ldim.",positive
4651,"🙄 🤔 kecha rahbar bilan qisqa suhbatlashdim, oddiy bo'ldi.",neutral
4652,"kuryer xizmati bo'yicha yangilanish chiqdi, lekin hozircha oddatdagidek. 🙄",neutral
4653,"kecha Andijonda bo'lgan seminar menga umuman yoqmadi, afsuslandim.",negative
4654,"Toshkent haqida yangilik o'qidim, shunchaki ma'lumot uchun. ℹ️",neutral
4655,"Samsung A55 haqida fikrlar turlicha, hozircha shunchaki ma'lumot uchun.",neutral
4656,kommentlarni o'qib rostdan ham bombaaa 🔥,positive
4657,"kelasi oy Toshkentda bo'lgan uchrashuv menga umuman yoqmadi, afsuslandim.",negative
4658,"oyin bo'yicha texnika mavzusi zo'r chiqibdi, zo'r ✨",positive
4659,"ertaga Andijonga bordim, hamma narsa juda xursand bo'ldim. 😁",positive
4660,"🤩 iPhone 15 sotib oldim, narxi arzon emas, lekin sifati uchun yoqib qoldi.",positive
4661,"🥰 seminar juda samarali o'tdi, professor tushuntirgan mavzu juda foydali bo'ldi, yoqib qoldi.",positive
4662,"Twitterda yangi kofe haqida post ko'rdim, menga juda yoqdi, mamnunman. 😄 😍",positive
4663,"Xivadagi sayohatim ajoyib o'tdi, xizmatlar hammasi darajasida, mamnunman. 😁",positive
4664,"bugungi blog mavzusi zerikarli bo'ldi, tavsiya etmayman 🤦‍♀️",negative
4665,"👍 Farg'onadagi sayohatim ajoyib o'tdi, xizmatlar hammasi darajasida, juda xursand bo'ldim.",positive
4666,"konferensiya juda samarali o'tdi, professor tushuntirgan mavzu juda foydali bo'ldi, yoqib qoldi. 😁",positive
4667,"😁 aviachiptalar sotib oldim, narxi arzon emas, lekin sifati uchun zo'r bo'ldi.",positive
4668,"shu hafta Namanganga bordim, hamma narsa kayfiyatim ko'tarildi. 😊",positive
4669,"o'tgan oy Buxoroda uchrashuv bo'lib o'tdi, men faqat qatnashdim, shunchaki ma'lumot uchun.",neutral
4670,"shu hafta Farg'onaga bordim, hamma narsa kayfiyatim ko'tarildi.",positive
4671,"rahbar va'da qilgan ishini bajarmadi, natijadan noroziman.",negative
4672,😢 😔 😡,negative
4673,"🤩 dars juda samarali o'tdi, dekan tushuntirgan mavzu juda foydali bo'ldi, mamnunman.",positive
4674,kommentlarni o'qib rostdan ham super 😊,positive
4675,"bugun Namanganda dars bo'lib o'tdi, men faqat qatnashdim, oddiy bo'ldi. 🙄 🙄",neutral
4676,"konferensiya juda samarali o'tdi, professor tushuntirgan mavzu juda foydali bo'ldi, juda xursand bo'ldim. ✨ 😄",positive
4677,😊 🥰,positive
4678,"😶 telefon operatori bo'yicha yangilanish chiqdi, lekin hozircha hech qanday o'zgarish sezilmadi.",neutral
4679,"Yangi bank xizmati ishga tushdi, hozircha hammasi yaxshi ishlayapti, zo'r bo'ldi. 😍",positive
4680,"Yangi ilova ishga tushdi, hozircha hammasi yaxshi ishlayapti, kayfiyatim ko'tarildi.",positive
4681,"kecha Xivada bo'lgan seminar menga umuman yoqmadi, noroziman. 😞",negative
4682,"🥰 dars juda samarali o'tdi, dekan tushuntirgan mavzu juda foydali bo'ldi, yoqib qoldi.",positive
4683,"Facebookda noutbuk haqida e'lon ko'rdim, hozircha faqat ma'lumot yig'ayapman, hech qanday o'zgarish sezilmadi.",neutral
4684,"✨ 😍 bugun Samarqandga bordim, hamma narsa mamnunman.",positive
4685,"Twitterda noutbuk haqida e'lon ko'rdim, hozircha faqat ma'lumot yig'ayapman, oddatdagidek.",neutral
4686,"konferensiya juda samarali o'tdi, rahbar tushuntirgan mavzu juda foydali bo'ldi, kayfiyatim ko'tarildi.",positive
4687,"Andijondagi sayohatim ajoyib o'tdi, xizmatlar hammasi darajasida, kayfiyatim ko'tarildi. 👍",positive
4688,"bugun hamkasbim bilan qisqa suhbatlashdim, oddiy bo'ldi. 😐",neutral
4689,"Andijondagi sayohatim ajoyib o'tdi, xizmatlar hammasi darajasida, mamnunman. 😁 🤩",positive
4690,"aka juda chiroyli tushuntiribdi, menga yoqdi 🤩",positive
4691,"😎 😁 Redmi Note 13 sotib oldim, narxi arzon emas, lekin sifati uchun yoqib qoldi.",positive
4692,"shu hafta Andijonda konferensiya bo'lib o'tdi, men faqat qatnashdim, hech qanday o'zgarish sezilmadi.",neutral
4693,"💔 dastur bilan muammo chiqdi, qo'llab-quvvatlash xizmati javob bermadi, umuman yoqmadi.",negative
4694,"hamkasbim va'da qilgan ishini bajarmadi, natijadan hafsalam pir bo'ldi. 😡 🤬",negative
4695,"Toshkent haqida yangilik o'qidim, neytral qarayman. 📌",neutral
4696,"😠 shu hafta Namanganda bo'lgan konferensiya menga umuman yoqmadi, xafa bo'ldim.",negative
4697,"ertaga professor bilan qisqa suhbatlashdim, hech qanday o'zgarish sezilmadi. 😶 🙄",neutral
4698,"😡 o'qituvchi va'da qilgan ishini bajarmadi, natijadan xafa bo'ldim.",negative
4699,"ertaga Namanganga bordim, hamma narsa mamnunman.",positive
4700,"✨ seminar juda samarali o'tdi, dekan tushuntirgan mavzu juda foydali bo'ldi, kayfiyatim ko'tarildi.",positive
4701,"aviachiptalar sifati kutilganidek emas, juda sust ishlayapti, afsuslandim.",negative
4702,"Yangi bank xizmati ishga tushdi, hozircha hammasi yaxshi ishlayapti, mamnunman. 😎",positive
4703,"ℹ️ bugun o'qituvchi bilan qisqa suhbatlashdim, oddiy bo'ldi.",neutral
4704,"bugungi post haqidagi texnika videolari yoqdi, zor 😊",positive
4705,"o'tgan oy Andijonga bordim, hamma narsa yoqib qoldi. 😍",positive
4706,"kommentlarni o'qidim, ok 📌",neutral
4707,"bugun Samarqandda imtihon bo'lib o'tdi, men faqat qatnashdim, hech qanday o'zgarish sezilmadi. ℹ️ 📌",neutral
4708,"Qo'qondagi sayohatim ajoyib o'tdi, xizmatlar hammasi darajasida, juda xursand bo'ldim. 😊",positive
4709,bombaaa ✨,positive
4710,"🤩 planshet sotib oldim, narxi arzon emas, lekin sifati uchun mamnunman.",positive
4711,"kofe sotib oldim, narxi arzon emas, lekin sifati uchun mamnunman. 👍",positive
4712,"🤩 😊 ertaga Namanganga bordim, hamma narsa kayfiyatim ko'tarildi.",positive
4713,"kecha Andijonda konferensiya bo'lib o'tdi, men faqat qatnashdim, shunchaki ma'lumot uchun. 🤔",neutral
4714,🤦‍♂️ 🤦‍♂️ 😭,negative
4715,"Redmi Note 13 sifati kutilganidek emas, juda sust ishlayapti, juda jahlim chiqdi. 😞",negative
4716,qattiq hafsalam pir bo'ldi 😢,negative
4717,"Instagramda planshet haqida e'lon ko'rdim, hozircha faqat ma'lumot yig'ayapman, oddatdagidek. 🤔",neutral
4718,"bugungi oyin haqidagi kino videolari yoqdi, rahmat, zo'r ekan ✨",positive
4719,"Samsung A55 sotib oldim, narxi arzon emas, lekin sifati uchun yoqib qoldi. 😍",positive
4720,"internet xizmati bo'yicha yangilanish chiqdi, lekin hozircha oddiy bo'ldi. 🤔",neutral
4721,"konferensiya juda samarali o'tdi, professor tushuntirgan mavzu juda foydali bo'ldi, hayratda qoldim.",positive
4722,"Yangi dastur ishga tushdi, hozircha hammasi yaxshi ishlayapti, kayfiyatim ko'tarildi. 😎",positive
4723,menga yoqdi :),positive
4724,"😄 😄 Yangi internet xizmati ishga tushdi, hozircha hammasi yaxshi ishlayapti, zo'r bo'ldi.",positive
4725,"😄 😊 Yangi mijozlarga xizmat ko'rsatish ishga tushdi, hozircha hammasi yaxshi ishlayapti, juda xursand bo'ldim.",positive
4726,"👎 😔 internet xizmati bilan muammo chiqdi, qo'llab-quvvatlash xizmati javob bermadi, noroziman.",negative
4727,"internet sifati yana tushib ketgan, hech nima tushunmadim 😞",negative
4728,"o'qib qo'ydim xolos, info uchun 😐",neutral
4729,"Toshkent haqida yangilik o'qidim, shunchaki ma'lumot uchun. 📌 😐",neutral
4730,"shu hafta Samarqandda bo'lgan konferensiya menga umuman yoqmadi, xafa bo'ldim.",negative
4731,"😄 bugun Andijonga bordim, hamma narsa yoqib qoldi.",positive
4732,"Telegramdagi reklamalar juda asabga tegayapti, afsuslandim. 😞",negative
4733,"noutbuk sifati kutilganidek emas, juda sust ishlayapti, hafsalam pir bo'ldi.",negative
4734,"bloger juda chiroyli tushuntiribdi, otliii ❤️",positive
4735,"ℹ️ Instagramda noutbuk haqida e'lon ko'rdim, hozircha faqat ma'lumot yig'ayapman, hech qanday o'zgarish sezilmadi.",neutral
4736,"seminar juda samarali o'tdi, hamkasbim tushuntirgan mavzu juda foydali bo'ldi, zo'r bo'ldi. 😄",positive
4737,"shu hafta Samarqandda uchrashuv bo'lib o'tdi, men faqat qatnashdim, shunchaki ma'lumot uchun.",neutral
4738,kommentlarni o'qib rostdan ham menga yoqdi 😊,positive
4739,😔 🤦‍♂️,negative
4740,"seminar juda samarali o'tdi, hamkasbim tushuntirgan mavzu juda foydali bo'ldi, juda xursand bo'ldim.",positive
4741,otliii ❤️,positive
4742,"Andijonga borish rejam buzildi, chiptalar bilan muammo bo'ldi, xafa bo'ldim. 🤬 😞",negative
4743,"kecha Samarqandga bordim, hamma narsa juda xursand bo'ldim. 😎",positive
4744,gap yo'q 😊,positive
4745,"Instagramda iPhone 15 haqida e'lon ko'rdim, hozircha faqat ma'lumot yig'ayapman, oddatdagidek. 🙄",neutral
4746,"Twitterda yangi Redmi Note 13 haqida post ko'rdim, menga juda yoqdi, mamnunman.",positive
4747,"o'tgan oy Qo'qonga bordim, hamma narsa juda xursand bo'ldim.",positive
4748,"bugungi oyin haqidagi yangiliklar videolari yoqdi, yaxshi ishlayapti 😊",positive
4749,"😍 Telegramda yangi Samsung A55 haqida post ko'rdim, menga juda yoqdi, hayratda qoldim.",positive
4750,"🤬 Andijonga borish rejam buzildi, chiptalar bilan muammo bo'ldi, juda jahlim chiqdi.",negative
4751,"hamma juda chiroyli tushuntiribdi, rahmat, zo'r ekan :D",positive
4752,"😡 bugun Andijonda bo'lgan dars menga umuman yoqmadi, afsuslandim.",negative
4753,"ertaga Buxoroda imtihon bo'lib o'tdi, men faqat qatnashdim, oddiy bo'ldi.",neutral
4754,"iPhone 15 sifati kutilganidek emas, juda sust ishlayapti, hafsalam pir bo'ldi.",negative
4755,"telefon operatori bo'yicha yangilanish chiqdi, lekin hozircha oddatdagidek. 😶 📌",neutral
4756,"🥰 bugun Qo'qonga bordim, hamma narsa hayratda qoldim.",positive
4757,"YouTubeda kofe haqida e'lon ko'rdim, hozircha faqat ma'lumot yig'ayapman, neytral qarayman.",neutral
4758,"😍 😁 Instagramda yangi aviachiptalar haqida post ko'rdim, menga juda yoqdi, hayratda qoldim.",positive
4759,"Telegramda yangi noutbuk haqida post ko'rdim, menga juda yoqdi, mamnunman. 🤩",positive
4760,"Buxorodagi sayohatim ajoyib o'tdi, xizmatlar hammasi darajasida, zo'r bo'ldi. 👍",positive
4761,"kelasi oy Buxoroga bordim, hamma narsa yoqib qoldi.",positive
4762,"Yangi ilova ishga tushdi, hozircha hammasi yaxshi ishlayapti, yoqib qoldi.",positive
4763,"👍 👍 imtihon juda samarali o'tdi, o'qituvchi tushuntirgan mavzu juda foydali bo'ldi, mamnunman.",positive
4764,"📌 shu hafta Farg'onada uchrashuv bo'lib o'tdi, men faqat qatnashdim, hech qanday o'zgarish sezilmadi.",neutral
4765,"😄 imtihon juda samarali o'tdi, direktor tushuntirgan mavzu juda foydali bo'ldi, hayratda qoldim.",positive
4766,"Instagramda yangi iPhone 15 haqida post ko'rdim, menga juda yoqdi, kayfiyatim ko'tarildi. 😊",positive
4767,"Yangi ilova ishga tushdi, hozircha hammasi yaxshi ishlayapti, juda xursand bo'ldim. 😎",positive
4768,"🤬 iPhone 15 sifati kutilganidek emas, juda sust ishlayapti, juda jahlim chiqdi.",negative
4769,"admin umuman tushuntira olmadi, aldashdi =/",negative
4770,"ℹ️ 📌 Samsung A55 haqida fikrlar turlicha, hozircha oddiy bo'ldi.",neutral
4771,"internet sifati yana tushib ketgan, umidsizlik",negative
4772,"Toshkentdagi sayohatim ajoyib o'tdi, xizmatlar hammasi darajasida, hayratda qoldim. 👍",positive
4773,"shu hafta Farg'onaga bordim, hamma narsa juda xursand bo'ldim.",positive
4774,"kitob haqida fikrlar turlicha, hozircha oddatdagidek. 😐",neutral
4775,"do'stlar umuman tushuntira olmadi, zerikarli 😔",negative
4776,"Xivadagi sayohatim ajoyib o'tdi, xizmatlar hammasi darajasida, kayfiyatim ko'tarildi. 🥰",positive
4777,"o'tgan oy Toshkentda konferensiya bo'lib o'tdi, men faqat qatnashdim, neytral qarayman.",neutral
4778,"kecha Toshkentga bordim, hamma narsa hayratda qoldim.",positive
4779,"🤔 o'tgan oy rahbar bilan qisqa suhbatlashdim, oddiy bo'ldi.",neutral
4780,"bugungi musiqa mavzusi zerikarli bo'ldi, hech nima tushunmadim 😡",negative
4781,"ℹ️ 📌 o'tgan oy Toshkentda seminar bo'lib o'tdi, men faqat qatnashdim, shunchaki ma'lumot uchun.",neutral
4782,"telegram kanal bo'yicha pul mavzusi zo'r chiqibdi, chiqqan joyi yoqdi 🤩",positive
4783,neytralman,neutral
4784,"bugungi siyosat mavzusi zerikarli bo'ldi, umidsizlik 😡",negative
4785,"Samarqand haqida yangilik o'qidim, hech qanday o'zgarish sezilmadi. 🤔 📌",neutral
4786,"😐 Andijon haqida yangilik o'qidim, shunchaki ma'lumot uchun.",neutral
4787,"😐 🤔 kelasi oy professor bilan qisqa suhbatlashdim, neytral qarayman.",neutral
4788,"folloverlar juda chiroyli tushuntiribdi, otliii 🤩",positive
4789,"Farg'ona haqida yangilik o'qidim, oddatdagidek. 🤔 🤔",neutral
4790,✍️ ... 🤔,neutral
4791,"😄 🤩 aviachiptalar sotib oldim, narxi arzon emas, lekin sifati uchun mamnunman.",positive
4792,"Facebookda yangi Samsung A55 haqida post ko'rdim, menga juda yoqdi, hayratda qoldim.",positive
4793,umuman yoqmaydi 🤦‍♂️,negative
4794,"👎 😔 dastur bilan muammo chiqdi, qo'llab-quvvatlash xizmati javob bermadi, hafsalam pir bo'ldi.",negative
4795,"😢 kofe sifati kutilganidek emas, juda sust ishlayapti, hafsalam pir bo'ldi.",negative
4796,"ertaga Xivaga bordim, hamma narsa zo'r bo'ldi. ✨",positive
4797,🙄,neutral
4798,"🤩 🤩 Yangi internet xizmati ishga tushdi, hozircha hammasi yaxshi ishlayapti, kayfiyatim ko'tarildi.",positive
4799,"kecha Namanganga bordim, hamma narsa yoqib qoldi. 😎",positive
4800,"😊 planshet sotib oldim, narxi arzon emas, lekin sifati uchun hayratda qoldim.",positive
4801,"folloverlar umuman tushuntira olmadi, servis noldan ham past 🤦‍♂️",negative
4802,"dars juda samarali o'tdi, professor tushuntirgan mavzu juda foydali bo'ldi, juda xursand bo'ldim. 😎",positive
4803,"Telegramda yangi Samsung A55 haqida post ko'rdim, menga juda yoqdi, zo'r bo'ldi. 😍 🤩",positive
4804,"😄 ✨ YouTubeda yangi aviachiptalar haqida post ko'rdim, menga juda yoqdi, zo'r bo'ldi.",positive
4805,"Twitterda yangi Samsung A55 haqida post ko'rdim, menga juda yoqdi, yoqib qoldi. 😁",positive
4806,"seminar juda samarali o'tdi, hamkasbim tushuntirgan mavzu juda foydali bo'ldi, yoqib qoldi. 😍",positive
4807,"😄 Samarqanddagi sayohatim ajoyib o'tdi, xizmatlar hammasi darajasida, yoqib qoldi.",positive
4808,"servis bo'yicha texnika mavzusi zo'r chiqibdi, gap yo'q 😊",positive
4809,"Farg'onadagi sayohatim ajoyib o'tdi, xizmatlar hammasi darajasida, kayfiyatim ko'tarildi. 😄 😄",positive
4810,"Twitterda yangi iPhone 15 haqida post ko'rdim, menga juda yoqdi, hayratda qoldim.",positive
4811,💔 >:( 😔 🤬,negative
4812,"bugun Samarqandda dars bo'lib o'tdi, men faqat qatnashdim, oddiy bo'ldi. 🙄",neutral
4813,kommentlarni o'qib rostdan ham yaxshi ishlayapti 😊,positive
4814,servis noldan ham past 🤦‍♂️,negative
4815,zor 😁,positive
4816,"bugungi talim mavzusi zerikarli bo'ldi, zerikarli 😔",negative
4817,"😍 🤩 dars juda samarali o'tdi, hamkasbim tushuntirgan mavzu juda foydali bo'ldi, yoqib qoldi.",positive
4818,"seminar juda samarali o'tdi, direktor tushuntirgan mavzu juda foydali bo'ldi, hayratda qoldim. 👍 🤩",positive
4819,zo'r =),positive
4820,"noutbuk sotib oldim, narxi arzon emas, lekin sifati uchun kayfiyatim ko'tarildi. 😍",positive
4821,"dars juda samarali o'tdi, hamkasbim tushuntirgan mavzu juda foydali bo'ldi, mamnunman. 😊",positive
4822,"Qo'qondagi sayohatim ajoyib o'tdi, xizmatlar hammasi darajasida, mamnunman. 😍",positive
4823,"dastur bo'yicha yangiliklar postini ko'rdim, ko'rdim xolos !?",neutral
4824,"bugun talim bo'yicha faqat kuzatib turdim, bilmayman 🙄",neutral
4825,"o'qib qo'ydim xolos, prosta savol ℹ️",neutral
4826,"😎 😄 Yangi telefon operatori ishga tushdi, hozircha hammasi yaxshi ishlayapti, yoqib qoldi.",positive
4827,"kelasi oy hamkasbim bilan qisqa suhbatlashdim, neytral qarayman. ℹ️",neutral
4828,"Telegramda Redmi Note 13 haqida e'lon ko'rdim, hozircha faqat ma'lumot yig'ayapman, oddiy bo'ldi.",neutral
4829,"😄 ✨ uchrashuv juda samarali o'tdi, direktor tushuntirgan mavzu juda foydali bo'ldi, hayratda qoldim.",positive
4830,"ertaga Samarqandda bo'lgan seminar menga umuman yoqmadi, hafsalam pir bo'ldi.",negative
4831,"Qo'qon haqida yangilik o'qidim, oddatdagidek.",neutral
4832,"Toshkentga borish rejam buzildi, chiptalar bilan muammo bo'ldi, xafa bo'ldim. 😔 😭",negative
4833,"🤩 kofe sotib oldim, narxi arzon emas, lekin sifati uchun kayfiyatim ko'tarildi.",positive
4834,aldashdi 🤦‍♂️,negative
4835,"👎 do'stim va'da qilgan ishini bajarmadi, natijadan xafa bo'ldim.",negative
4836,"shu hafta Qo'qonga bordim, hamma narsa yoqib qoldi. 👍 ✨",positive
4837,"😄 😎 Yangi bank xizmati ishga tushdi, hozircha hammasi yaxshi ishlayapti, zo'r bo'ldi.",positive
4838,"aka juda chiroyli tushuntiribdi, gap yo'q 🔥",positive
4839,"🤩 dars juda samarali o'tdi, direktor tushuntirgan mavzu juda foydali bo'ldi, hayratda qoldim.",positive
4840,"ertaga Buxoroda bo'lgan dars menga umuman yoqmadi, xafa bo'ldim. 😔 👎",negative
4841,😠 🤦‍♀️ 🤦‍♀️,negative
4842,"Telegramda yangi planshet haqida post ko'rdim, menga juda yoqdi, yoqib qoldi. 😍 😊",positive
4843,"aka nimadir yozibdi, lekin men uchun prosta savol",neutral
4844,"Facebookda Samsung A55 haqida e'lon ko'rdim, hozircha faqat ma'lumot yig'ayapman, shunchaki ma'lumot uchun.",neutral
4845,"Yangi telefon operatori ishga tushdi, hozircha hammasi yaxshi ishlayapti, yoqib qoldi. 😊",positive
4846,"🤔 bugun Xivada konferensiya bo'lib o'tdi, men faqat qatnashdim, hech qanday o'zgarish sezilmadi.",neutral
4847,"😎 Samarqanddagi sayohatim ajoyib o'tdi, xizmatlar hammasi darajasida, zo'r bo'ldi.",positive
4848,"Facebookda Redmi Note 13 haqida e'lon ko'rdim, hozircha faqat ma'lumot yig'ayapman, shunchaki ma'lumot uchun. 📌",neutral
4849,"🤔 telefon operatori bo'yicha yangilanish chiqdi, lekin hozircha oddatdagidek.",neutral
4850,"majlis juda samarali o'tdi, rahbar tushuntirgan mavzu juda foydali bo'ldi, juda xursand bo'ldim.",positive
4851,"seminar juda samarali o'tdi, professor tushuntirgan mavzu juda foydali bo'ldi, mamnunman. 😄 😄",positive
4852,"bugun Samarqandga bordim, hamma narsa yoqib qoldi. ✨",positive
4853,"ertaga Namanganda majlis bo'lib o'tdi, men faqat qatnashdim, oddiy bo'ldi.",neutral
4854,"oyin bo'yicha yangiliklar mavzusi zo'r chiqibdi, klass 😎",positive
4855,"imtihon juda samarali o'tdi, do'stim tushuntirgan mavzu juda foydali bo'ldi, mamnunman. 😊",positive
4856,"Twitterda kofe haqida e'lon ko'rdim, hozircha faqat ma'lumot yig'ayapman, shunchaki ma'lumot uchun. 📌",neutral
4857,"kecha Toshkentda imtihon bo'lib o'tdi, men faqat qatnashdim, oddiy bo'ldi.",neutral
4858,"bugun o'qituvchi bilan qisqa suhbatlashdim, oddatdagidek. 😶 😐",neutral
4859,"😊 👍 kitob sotib oldim, narxi arzon emas, lekin sifati uchun mamnunman.",positive
4860,"YouTubeda planshet haqida e'lon ko'rdim, hozircha faqat ma'lumot yig'ayapman, oddiy bo'ldi.",neutral
4861,"👍 seminar juda samarali o'tdi, direktor tushuntirgan mavzu juda foydali bo'ldi, hayratda qoldim.",positive
4862,"😊 o'tgan oy Xivaga bordim, hamma narsa kayfiyatim ko'tarildi.",positive
4863,"📌 ℹ️ ertaga Buxoroda dars bo'lib o'tdi, men faqat qatnashdim, shunchaki ma'lumot uchun.",neutral
4864,"Facebookda yangi noutbuk haqida post ko'rdim, menga juda yoqdi, yoqib qoldi.",positive
4865,"ilova bo'yicha yangilanish chiqdi, lekin hozircha oddiy bo'ldi. 😐",neutral
4866,"Instagramdagi reklamalar juda asabga tegayapti, umuman yoqmadi. 😭",negative
4867,"Telegramda yangi Samsung A55 haqida post ko'rdim, menga juda yoqdi, hayratda qoldim. 🥰",positive
4868,"o'qib qo'ydim xolos, norm !?",neutral
4869,"planshet sotib oldim, narxi arzon emas, lekin sifati uchun juda xursand bo'ldim. 🤩",positive
4870,hech narsa o'zgarmadi ℹ️,neutral
4871,"uchrashuv juda samarali o'tdi, do'stim tushuntirgan mavzu juda foydali bo'ldi, zo'r bo'ldi. ✨",positive
4872,umidsizlik =/,negative
4873,"bugun Samarqandga bordim, hamma narsa yoqib qoldi. 😍 😊",positive
4874,"video sifati yana tushib ketgan, nogiron qilindi 😠",negative
4875,"Instagramda kitob haqida e'lon ko'rdim, hozircha faqat ma'lumot yig'ayapman, shunchaki ma'lumot uchun. 😐",neutral
4876,"Facebookda yangi Redmi Note 13 haqida post ko'rdim, menga juda yoqdi, zo'r bo'ldi.",positive
4877,"imtihon juda samarali o'tdi, do'stim tushuntirgan mavzu juda foydali bo'ldi, kayfiyatim ko'tarildi. 😊",positive
4878,"😊 YouTubeda yangi iPhone 15 haqida post ko'rdim, menga juda yoqdi, juda xursand bo'ldim.",positive
4879,"ilova bilan muammo chiqdi, qo'llab-quvvatlash xizmati javob bermadi, juda jahlim chiqdi. 😡",negative
4880,"kitob sifati kutilganidek emas, juda sust ishlayapti, juda jahlim chiqdi. 😔",negative
4881,"bugungi yangiliklar mavzusi zerikarli bo'ldi, yoqmadi 🤬",negative
4882,"bugun hamkasbim bilan qisqa suhbatlashdim, shunchaki ma'lumot uchun. 😶 🤔",neutral
4883,"👍 😍 kecha Buxoroga bordim, hamma narsa kayfiyatim ko'tarildi.",positive
4884,"kecha Toshkentga bordim, hamma narsa zo'r bo'ldi. 😍",positive
4885,"😎 Farg'onadagi sayohatim ajoyib o'tdi, xizmatlar hammasi darajasida, mamnunman.",positive
4886,"kecha o'qituvchi bilan qisqa suhbatlashdim, hech qanday o'zgarish sezilmadi. ℹ️",neutral
4887,"do'stlar nimadir yozibdi, lekin men uchun neytralman ✍️",neutral
4888,"majlis juda samarali o'tdi, professor tushuntirgan mavzu juda foydali bo'ldi, mamnunman.",positive
4889,"Xiva haqida yangilik o'qidim, hech qanday o'zgarish sezilmadi. 😶",neutral
4890,"dars juda samarali o'tdi, dekan tushuntirgan mavzu juda foydali bo'ldi, mamnunman. 🥰 🥰",positive
4891,"telefon operatori bo'yicha yangilanish chiqdi, lekin hozircha shunchaki ma'lumot uchun. 😐",neutral
4892,kommentlarni o'qib rostdan ham otliii ✨,positive
4893,"Twitterda iPhone 15 haqida e'lon ko'rdim, hozircha faqat ma'lumot yig'ayapman, neytral qarayman.",neutral
4894,"😎 noutbuk sotib oldim, narxi arzon emas, lekin sifati uchun mamnunman.",positive
4895,"kitob sotib oldim, narxi arzon emas, lekin sifati uchun kayfiyatim ko'tarildi. 😊 😊",positive
4896,"planshet sotib oldim, narxi arzon emas, lekin sifati uchun hayratda qoldim.",positive
4897,"😶 kuryer xizmati bo'yicha yangilanish chiqdi, lekin hozircha oddatdagidek.",neutral
4898,"😭 planshet sifati kutilganidek emas, juda sust ishlayapti, hafsalam pir bo'ldi.",negative
4899,"kommentlarda hammasi urush, nogiron qilindi 🤦‍♀️",negative
4900,"Facebookdagi reklamalar juda asabga tegayapti, umuman yoqmadi. 😡",negative
4901,"👍 kofe sotib oldim, narxi arzon emas, lekin sifati uchun kayfiyatim ko'tarildi.",positive
4902,!? 😐 😶,neutral
4903,"bugungi talim mavzusi zerikarli bo'ldi, bekor ketdi hamma narsasi 🤦‍♀️",negative
4904,"😄 ✨ Twitterda yangi kofe haqida post ko'rdim, menga juda yoqdi, juda xursand bo'ldim.",positive
4905,"ℹ️ 📌 Instagramda kofe haqida e'lon ko'rdim, hozircha faqat ma'lumot yig'ayapman, neytral qarayman.",neutral
4906,"o'tgan oy Toshkentga bordim, hamma narsa kayfiyatim ko'tarildi. 😍 😁",positive
4907,"instagram sahifa bo'yicha blog mavzusi zo'r chiqibdi, super 😄",positive
4908,"planshet sotib oldim, narxi arzon emas, lekin sifati uchun juda xursand bo'ldim. 👍",positive
4909,"kelasi oy Namanganda konferensiya bo'lib o'tdi, men faqat qatnashdim, shunchaki ma'lumot uchun. ℹ️ 🤔",neutral
4910,klass ✨,positive
4911,"😄 Xivadagi sayohatim ajoyib o'tdi, xizmatlar hammasi darajasida, yoqib qoldi.",positive
4912,yoqmadi :(,negative
4913,"YouTubeda kitob haqida e'lon ko'rdim, hozircha faqat ma'lumot yig'ayapman, oddiy bo'ldi. 😶 ℹ️",neutral
4914,"👍 👍 imtihon juda samarali o'tdi, professor tushuntirgan mavzu juda foydali bo'ldi, kayfiyatim ko'tarildi.",positive
4915,"Facebookda yangi planshet haqida post ko'rdim, menga juda yoqdi, mamnunman. 😎",positive
4916,shunchaki ...,neutral
4917,"😍 😎 Yangi telefon operatori ishga tushdi, hozircha hammasi yaxshi ishlayapti, mamnunman.",positive
4918,"dars juda samarali o'tdi, do'stim tushuntirgan mavzu juda foydali bo'ldi, kayfiyatim ko'tarildi. 🥰",positive
4919,"📌 ilova bo'yicha yangilanish chiqdi, lekin hozircha neytral qarayman.",neutral
4920,rosa yoqdi :D,positive
4921,"🤩 ✨ Telegramda yangi Samsung A55 haqida post ko'rdim, menga juda yoqdi, zo'r bo'ldi.",positive
4922,"folloverlar nimadir yozibdi, lekin men uchun bilmayman 😐",neutral
4923,❤️ 🔥,positive
4924,"Instagramda yangi kofe haqida post ko'rdim, menga juda yoqdi, kayfiyatim ko'tarildi.",positive
4925,"Toshkentdagi sayohatim ajoyib o'tdi, xizmatlar hammasi darajasida, hayratda qoldim. 😎",positive
4926,"Yangi telefon operatori ishga tushdi, hozircha hammasi yaxshi ishlayapti, juda xursand bo'ldim.",positive
4927,"kelasi oy Qo'qonda uchrashuv bo'lib o'tdi, men faqat qatnashdim, neytral qarayman. 😐 📌",neutral
4928,"Yangi mijozlarga xizmat ko'rsatish ishga tushdi, hozircha hammasi yaxshi ishlayapti, zo'r bo'ldi. 👍",positive
4929,"shu hafta Andijonga bordim, hamma narsa mamnunman.",positive
4930,"📌 Telegramda Samsung A55 haqida e'lon ko'rdim, hozircha faqat ma'lumot yig'ayapman, oddiy bo'ldi.",neutral
4931,"bugun Andijonda bo'lgan konferensiya menga umuman yoqmadi, hafsalam pir bo'ldi. 😠",negative
4932,"Yangi internet xizmati ishga tushdi, hozircha hammasi yaxshi ishlayapti, juda xursand bo'ldim. 😄",positive
4933,ℹ️ :|,neutral
4934,"😍 aviachiptalar sotib oldim, narxi arzon emas, lekin sifati uchun zo'r bo'ldi.",positive
4935,👎 😞 😢,negative
4936,"ilova bo'yicha yangilanish chiqdi, lekin hozircha neytral qarayman. 📌",neutral
4937,"💔 planshet sifati kutilganidek emas, juda sust ishlayapti, hafsalam pir bo'ldi.",negative
4938,"hamkasbim va'da qilgan ishini bajarmadi, natijadan noroziman. 🤬",negative
4939,"😊 kofe sotib oldim, narxi arzon emas, lekin sifati uchun kayfiyatim ko'tarildi.",positive
4940,"🤔 ertaga Andijonda seminar bo'lib o'tdi, men faqat qatnashdim, shunchaki ma'lumot uchun.",neutral
4941,"ℹ️ ℹ️ shu hafta Buxoroda imtihon bo'lib o'tdi, men faqat qatnashdim, oddiy bo'ldi.",neutral
4942,"Yangi bank xizmati ishga tushdi, hozircha hammasi yaxshi ishlayapti, yoqib qoldi. 😍",positive
4943,"ertaga Samarqandda uchrashuv bo'lib o'tdi, men faqat qatnashdim, hech qanday o'zgarish sezilmadi. 🙄",neutral
4944,"iPhone 15 sifati kutilganidek emas, juda sust ishlayapti, xafa bo'ldim. 😞 💔",negative
4945,"bugungi siyosat mavzusi zerikarli bo'ldi, tavsiya etmayman >:(",negative
4946,"admin nimadir yozibdi, lekin men uchun ok 😐",neutral
4947,"Redmi Note 13 sifati kutilganidek emas, juda sust ishlayapti, hafsalam pir bo'ldi.",negative
4948,"kelasi oy Andijonda bo'lgan dars menga umuman yoqmadi, hafsalam pir bo'ldi.",negative
4949,"sayt bo'yicha talim mavzusi zo'r chiqibdi, zor 🔥",positive
4950,... 😶 ...,neutral
4951,"bugun Andijonda konferensiya bo'lib o'tdi, men faqat qatnashdim, hech qanday o'zgarish sezilmadi.",neutral
4952,"Twitterda yangi planshet haqida post ko'rdim, menga juda yoqdi, kayfiyatim ko'tarildi. 😍",positive
4953,"😠 kuryer xizmati bilan muammo chiqdi, qo'llab-quvvatlash xizmati javob bermadi, afsuslandim.",negative
4954,"Namangandagi sayohatim ajoyib o'tdi, xizmatlar hammasi darajasida, yoqib qoldi. 🥰",positive
4955,"Toshkentdagi sayohatim ajoyib o'tdi, xizmatlar hammasi darajasida, juda xursand bo'ldim. 😄 😄",positive
4956,"😁 😄 noutbuk sotib oldim, narxi arzon emas, lekin sifati uchun hayratda qoldim.",positive
4957,"do'stlar umuman tushuntira olmadi, hech nima tushunmadim =/",negative
4958,"😍 konferensiya juda samarali o'tdi, hamkasbim tushuntirgan mavzu juda foydali bo'ldi, zo'r bo'ldi.",positive
4959,"😢 Twitterdagi reklamalar juda asabga tegayapti, noroziman.",negative
4960,"dars juda samarali o'tdi, direktor tushuntirgan mavzu juda foydali bo'ldi, mamnunman. 😍",positive
4961,"bugungi video haqidagi futbol videolari yoqdi, klass =)",positive
4962,"🥰 Namangandagi sayohatim ajoyib o'tdi, xizmatlar hammasi darajasida, mamnunman.",positive
4963,fikir yo'q 🤔,neutral
4964,"😐 📌 ertaga Namanganda konferensiya bo'lib o'tdi, men faqat qatnashdim, hech qanday o'zgarish sezilmadi.",neutral
4965,"imtihon juda samarali o'tdi, professor tushuntirgan mavzu juda foydali bo'ldi, yoqib qoldi. 🥰",positive
4966,"opa umuman tushuntira olmadi, hech nima tushunmadim 😠",negative
4967,"uchrashuv juda samarali o'tdi, direktor tushuntirgan mavzu juda foydali bo'ldi, kayfiyatim ko'tarildi.",positive
4968,"aka nimadir yozibdi, lekin men uchun kulib qo'ydim xolos 😶",neutral
4969,"post bo'yicha kommentlar mavzusi zo'r chiqibdi, chiqqan joyi yoqdi ❤️",positive
4970,"kecha Qo'qonga bordim, hamma narsa yoqib qoldi. 😄",positive
4971,"🙄 dastur bo'yicha yangilanish chiqdi, lekin hozircha shunchaki ma'lumot uchun.",neutral
4972,"YouTubeda yangi iPhone 15 haqida post ko'rdim, menga juda yoqdi, mamnunman.",positive
4973,"bugun Qo'qonda bo'lgan uchrashuv menga umuman yoqmadi, afsuslandim. 😡",negative
4974,"kuryer xizmati bilan muammo chiqdi, qo'llab-quvvatlash xizmati javob bermadi, xafa bo'ldim. 😞",negative
4975,top =),positive
4976,"😄 Samarqanddagi sayohatim ajoyib o'tdi, xizmatlar hammasi darajasida, zo'r bo'ldi.",positive
4977,"😔 bugun Namanganda bo'lgan uchrashuv menga umuman yoqmadi, xafa bo'ldim.",negative
4978,"😞 direktor va'da qilgan ishini bajarmadi, natijadan hafsalam pir bo'ldi.",negative
4979,"🤩 Yangi bank xizmati ishga tushdi, hozircha hammasi yaxshi ishlayapti, hayratda qoldim.",positive
4980,"aka juda chiroyli tushuntiribdi, bombaaa 😎",positive
4981,"oyin bo'yicha futbol postini ko'rdim, neytralman ✍️",neutral
4982,"bugun Xivada imtihon bo'lib o'tdi, men faqat qatnashdim, neytral qarayman. 🤔",neutral
4983,"👍 imtihon juda samarali o'tdi, professor tushuntirgan mavzu juda foydali bo'ldi, yoqib qoldi.",positive
4984,"Yangi bank xizmati ishga tushdi, hozircha hammasi yaxshi ishlayapti, juda xursand bo'ldim. 😊",positive
4985,"telefon operatori bo'yicha yangilanish chiqdi, lekin hozircha neytral qarayman. 🤔",neutral
4986,"telefon operatori bo'yicha yangilanish chiqdi, lekin hozircha hech qanday o'zgarish sezilmadi. 😶",neutral
4987,🤩 🥰 😊,positive
4988,"😊 ✨ Yangi mijozlarga xizmat ko'rsatish ishga tushdi, hozircha hammasi yaxshi ishlayapti, juda xursand bo'ldim.",positive
4989,"bugun futbol bo'yicha faqat kuzatib turdim, neytralman",neutral
4990,"kuryer xizmati bo'yicha yangilanish chiqdi, lekin hozircha oddiy bo'ldi.",neutral
4991,"o'tgan oy rahbar bilan qisqa suhbatlashdim, oddiy bo'ldi. 😶",neutral
4992,"bugun o'qituvchi bilan qisqa suhbatlashdim, hech qanday o'zgarish sezilmadi. 🙄",neutral
4993,"😐 o'tgan oy o'qituvchi bilan qisqa suhbatlashdim, neytral qarayman.",neutral
4994,"bugun Namanganda konferensiya bo'lib o'tdi, men faqat qatnashdim, neytral qarayman. 😐",neutral
4995,"Twitterdagi reklamalar juda asabga tegayapti, noroziman. 😔",negative
4996,"😁 Yangi dastur ishga tushdi, hozircha hammasi yaxshi ishlayapti, zo'r bo'ldi.",positive
4997,"sayt bo'yicha musiqa postini ko'rdim, ok 🤔",neutral
4998,"o'tgan oy Andijonda bo'lgan majlis menga umuman yoqmadi, afsuslandim. 💔 💔",negative
4999,"shu hafta Farg'onaga bordim, hamma narsa hayratda qoldim.",positive
5000,"😄 😎 majlis juda samarali o'tdi, professor tushuntirgan mavzu juda foydali bo'ldi, mamnunman.",positive
5001,"😠 bugun Toshkentda bo'lgan majlis menga umuman yoqmadi, juda jahlim chiqdi.",negative
5002,"😡 💔 mijozlarga xizmat ko'rsatish bilan muammo chiqdi, qo'llab-quvvatlash xizmati javob bermadi, juda jahlim chiqdi.",negative
5003,"kuryer xizmati bilan muammo chiqdi, qo'llab-quvvatlash xizmati javob bermadi, juda jahlim chiqdi.",negative
5004,"o'tgan oy rahbar bilan qisqa suhbatlashdim, shunchaki ma'lumot uchun. 🙄",neutral
5005,"😶 ertaga dekan bilan qisqa suhbatlashdim, hech qanday o'zgarish sezilmadi.",neutral
5006,"aviachiptalar sifati kutilganidek emas, juda sust ishlayapti, hafsalam pir bo'ldi. 😭 👎",negative
5007,"💔 🤬 o'tgan oy Andijonda bo'lgan majlis menga umuman yoqmadi, juda jahlim chiqdi.",negative
5008,kontent yoqdi,positive
5009,"Qo'qonga borish rejam buzildi, chiptalar bilan muammo bo'ldi, afsuslandim. 👎 🤬",negative
5010,"Telegramda yangi iPhone 15 haqida post ko'rdim, menga juda yoqdi, juda xursand bo'ldim. 😍 😁",positive
5011,kommentlarni o'qib rostdan ham zo'r 👍,positive
5012,"do'stlar nimadir yozibdi, lekin men uchun kulib qo'ydim xolos 😐",neutral
5013,😎 :D ;),positive
5014,"😔 😭 Buxoroga borish rejam buzildi, chiptalar bilan muammo bo'ldi, noroziman.",negative
5015,"😡 kelasi oy Xivada bo'lgan majlis menga umuman yoqmadi, xafa bo'ldim.",negative
5016,😁,positive
5017,"Telegramda yangi Redmi Note 13 haqida post ko'rdim, menga juda yoqdi, yoqib qoldi.",positive
5018,🙄 🤔,neutral
5019,"😍 🥰 Yangi telefon operatori ishga tushdi, hozircha hammasi yaxshi ishlayapti, mamnunman.",positive
5020,"Yangi kuryer xizmati ishga tushdi, hozircha hammasi yaxshi ishlayapti, zo'r bo'ldi. 😄 😍",positive
5021,,
5022,"🤩 Twitterda yangi Samsung A55 haqida post ko'rdim, menga juda yoqdi, yoqib qoldi.",positive
5023,"Namangan haqida yangilik o'qidim, oddatdagidek.",neutral
5024,"kelasi oy Samarqandga bordim, hamma narsa mamnunman. ✨",positive
5025,"Facebookda aviachiptalar haqida e'lon ko'rdim, hozircha faqat ma'lumot yig'ayapman, hech qanday o'zgarish sezilmadi. 🤔",neutral
5026,"😐 YouTubeda kitob haqida e'lon ko'rdim, hozircha faqat ma'lumot yig'ayapman, oddatdagidek.",neutral
5027,"ertaga Namanganga bordim, hamma narsa juda xursand bo'ldim. 🤩",positive
5028,"😐 📌 mijozlarga xizmat ko'rsatish bo'yicha yangilanish chiqdi, lekin hozircha oddiy bo'ldi.",neutral
5029,"😶 Samsung A55 haqida fikrlar turlicha, hozircha neytral qarayman.",neutral
5030,"Instagramda noutbuk haqida e'lon ko'rdim, hozircha faqat ma'lumot yig'ayapman, shunchaki ma'lumot uchun.",neutral
5031,"bugungi kommentlar mavzusi zerikarli bo'ldi, qattiq hafsalam pir bo'ldi 💔",negative
5032,"Instagramda iPhone 15 haqida e'lon ko'rdim, hozircha faqat ma'lumot yig'ayapman, oddatdagidek.",neutral
5033,"uchrashuv juda samarali o'tdi, o'qituvchi tushuntirgan mavzu juda foydali bo'ldi, yoqib qoldi.",positive
5034,... ✍️ 😐,neutral
5035,"YouTubeda yangi aviachiptalar haqida post ko'rdim, menga juda yoqdi, hayratda qoldim. 🤩 😍",positive
5036,"kofe sifati kutilganidek emas, juda sust ishlayapti, juda jahlim chiqdi.",negative
5037,"😎 Yangi ilova ishga tushdi, hozircha hammasi yaxshi ishlayapti, hayratda qoldim.",positive
5038,"Telegramda yangi kitob haqida post ko'rdim, menga juda yoqdi, hayratda qoldim. 😍 ✨",positive
5039,"sayt bo'yicha siyosat postini ko'rdim, prosta savol",neutral
5040,"Yangi mijozlarga xizmat ko'rsatish ishga tushdi, hozircha hammasi yaxshi ishlayapti, hayratda qoldim. 😎",positive
5041,"planshet sotib oldim, narxi arzon emas, lekin sifati uchun zo'r bo'ldi. 😎",positive
5042,"ilova bo'yicha musiqa postini ko'rdim, bilmayman 📌",neutral
5043,"iPhone 15 sotib oldim, narxi arzon emas, lekin sifati uchun juda xursand bo'ldim.",positive
5044,"😡 😭 hamkasbim va'da qilgan ishini bajarmadi, natijadan xafa bo'ldim.",negative
5045,"😐 Facebookda planshet haqida e'lon ko'rdim, hozircha faqat ma'lumot yig'ayapman, hech qanday o'zgarish sezilmadi.",neutral
5046,"kofe sotib oldim, narxi arzon emas, lekin sifati uchun yoqib qoldi. 🥰",positive
5047,aldashdi,negative
5048,"uchrashuv juda samarali o'tdi, o'qituvchi tushuntirgan mavzu juda foydali bo'ldi, zo'r bo'ldi.",positive
5049,"bugun Qo'qonda dars bo'lib o'tdi, men faqat qatnashdim, oddiy bo'ldi. 😐",neutral
5050,"🤩 konferensiya juda samarali o'tdi, do'stim tushuntirgan mavzu juda foydali bo'ldi, juda xursand bo'ldim.",positive
5051,"👍 imtihon juda samarali o'tdi, direktor tushuntirgan mavzu juda foydali bo'ldi, kayfiyatim ko'tarildi.",positive
5052,"bugungi siyosat mavzusi zerikarli bo'ldi, aldashdi 🤬",negative
5053,"kitob haqida fikrlar turlicha, hozircha oddatdagidek.",neutral
5054,"Twitterda yangi aviachiptalar haqida post ko'rdim, menga juda yoqdi, juda xursand bo'ldim.",positive
5055,"o'qib qo'ydim xolos, kulib qo'ydim xolos 🙄",neutral
5056,"internet xizmati bilan muammo chiqdi, qo'llab-quvvatlash xizmati javob bermadi, juda jahlim chiqdi.",negative
5057,"bugungi internet haqidagi talim videolari yoqdi, menga yoqdi 😎",positive
5058,"Namangandagi sayohatim ajoyib o'tdi, xizmatlar hammasi darajasida, kayfiyatim ko'tarildi. 😄",positive
5059,"😎 Facebookda yangi kitob haqida post ko'rdim, menga juda yoqdi, hayratda qoldim.",positive
5060,"Toshkent haqida yangilik o'qidim, hech qanday o'zgarish sezilmadi.",neutral
5061,"😠 Qo'qonga borish rejam buzildi, chiptalar bilan muammo bo'ldi, xafa bo'ldim.",negative
5062,"😶 YouTubeda planshet haqida e'lon ko'rdim, hozircha faqat ma'lumot yig'ayapman, neytral qarayman.",neutral
5063,"hamma umuman tushuntira olmadi, hech nima tushunmadim 💔",negative
5064,"Toshkentdagi sayohatim ajoyib o'tdi, xizmatlar hammasi darajasida, yoqib qoldi. 👍",positive
5065,"🥰 😊 shu hafta Buxoroga bordim, hamma narsa yoqib qoldi.",positive
5066,"🤬 👎 Buxoroga borish rejam buzildi, chiptalar bilan muammo bo'ldi, xafa bo'ldim.",negative
5067,"bugun direktor bilan qisqa suhbatlashdim, hech qanday o'zgarish sezilmadi. 😐",neutral
5068,"bugun Farg'onada seminar bo'lib o'tdi, men faqat qatnashdim, oddiy bo'ldi. 🤔",neutral
5069,"ertaga Toshkentda uchrashuv bo'lib o'tdi, men faqat qatnashdim, oddatdagidek.",neutral
5070,"🤩 🥰 Yangi dastur ishga tushdi, hozircha hammasi yaxshi ishlayapti, yoqib qoldi.",positive
5071,"Qo'qondagi sayohatim ajoyib o'tdi, xizmatlar hammasi darajasida, juda xursand bo'ldim. 🤩",positive
5072,"admin juda chiroyli tushuntiribdi, kontent yoqdi 👍",positive
5073,"shu hafta Andijonga bordim, hamma narsa kayfiyatim ko'tarildi. 😎",positive
5074,🤬 😠 😔,negative
5075,"😢 shu hafta Samarqandda bo'lgan seminar menga umuman yoqmadi, afsuslandim.",negative
5076,"🤩 😁 o'tgan oy Toshkentga bordim, hamma narsa mamnunman.",positive
5077,"Yangi kuryer xizmati ishga tushdi, hozircha hammasi yaxshi ishlayapti, juda xursand bo'ldim. 🤩",positive
5078,"😐 shu hafta Farg'onada dars bo'lib o'tdi, men faqat qatnashdim, shunchaki ma'lumot uchun.",neutral
5079,"🥰 Twitterda yangi aviachiptalar haqida post ko'rdim, menga juda yoqdi, yoqib qoldi.",positive
5080,"dars juda samarali o'tdi, professor tushuntirgan mavzu juda foydali bo'ldi, yoqib qoldi. 😎",positive
5081,"🥰 Yangi kuryer xizmati ishga tushdi, hozircha hammasi yaxshi ishlayapti, kayfiyatim ko'tarildi.",positive
5082,"Samarqand haqida yangilik o'qidim, neytral qarayman.",neutral
5083,"✨ 😁 Instagramda yangi Samsung A55 haqida post ko'rdim, menga juda yoqdi, hayratda qoldim.",positive
5084,"📌 kuryer xizmati bo'yicha yangilanish chiqdi, lekin hozircha neytral qarayman.",neutral
5085,"👎 kecha Xivada bo'lgan uchrashuv menga umuman yoqmadi, afsuslandim.",negative
5086,"bugungi sayt haqidagi texnika videolari yoqdi, gap yo'q ✨",positive
5087,"😶 Telegramda kofe haqida e'lon ko'rdim, hozircha faqat ma'lumot yig'ayapman, hech qanday o'zgarish sezilmadi.",neutral
5088,"😐 ertaga do'stim bilan qisqa suhbatlashdim, shunchaki ma'lumot uchun.",neutral
5089,🙄 ℹ️ 🤔,neutral
5090,"😊 😍 Samarqanddagi sayohatim ajoyib o'tdi, xizmatlar hammasi darajasida, hayratda qoldim.",positive
5091,"internet bo'yicha texnika postini ko'rdim, ok 😶",neutral
5092,😊,positive
5093,"imtihon juda samarali o'tdi, direktor tushuntirgan mavzu juda foydali bo'ldi, zo'r bo'ldi. 😁",positive
5094,😞 :'(,negative
5095,"😍 😍 konferensiya juda samarali o'tdi, dekan tushuntirgan mavzu juda foydali bo'ldi, zo'r bo'ldi.",positive
5096,"😁 Yangi bank xizmati ishga tushdi, hozircha hammasi yaxshi ishlayapti, juda xursand bo'ldim.",positive
5097,zerikarli 😭,negative
5098,"🙄 kelasi oy Qo'qonda imtihon bo'lib o'tdi, men faqat qatnashdim, hech qanday o'zgarish sezilmadi.",neutral
5099,"😄 ertaga Farg'onaga bordim, hamma narsa kayfiyatim ko'tarildi.",positive
5100,"bugun talim bo'yicha faqat kuzatib turdim, norm ℹ️",neutral
5101,"😍 Yangi ilova ishga tushdi, hozircha hammasi yaxshi ishlayapti, yoqib qoldi.",positive
5102,"kelasi oy Samarqandda bo'lgan dars menga umuman yoqmadi, afsuslandim.",negative
5103,"telefon operatori bilan muammo chiqdi, qo'llab-quvvatlash xizmati javob bermadi, umuman yoqmadi.",negative
5104,"bugun Xivaga bordim, hamma narsa kayfiyatim ko'tarildi. 😄 🥰",positive
5105,"Toshkent haqida yangilik o'qidim, oddiy bo'ldi. ℹ️",neutral
5106,"🤔 🙄 Redmi Note 13 haqida fikrlar turlicha, hozircha hech qanday o'zgarish sezilmadi.",neutral
5107,"kelasi oy Farg'onada bo'lgan uchrashuv menga umuman yoqmadi, hafsalam pir bo'ldi.",negative
5108,"admin umuman tushuntira olmadi, hech nima tushunmadim 😠",negative
5109,"🥰 Facebookda yangi iPhone 15 haqida post ko'rdim, menga juda yoqdi, yoqib qoldi.",positive
5110,"🙄 🙄 Facebookda planshet haqida e'lon ko'rdim, hozircha faqat ma'lumot yig'ayapman, neytral qarayman.",neutral
5111,"kelasi oy Namanganga bordim, hamma narsa juda xursand bo'ldim. 😎",positive
5112,"telegram kanal bo'yicha musiqa mavzusi zo'r chiqibdi, chiqqan joyi yoqdi",positive
5113,"😶 dastur bo'yicha yangilanish chiqdi, lekin hozircha neytral qarayman.",neutral
5114,"😎 Yangi mijozlarga xizmat ko'rsatish ishga tushdi, hozircha hammasi yaxshi ishlayapti, zo'r bo'ldi.",positive
5115,"admin umuman tushuntira olmadi, bekor ekan 🤬",negative
5116,"bugungi sayt haqidagi yangiliklar videolari yoqdi, yaxshi ishlayapti 🔥",positive
5117,"😐 Buxoro haqida yangilik o'qidim, neytral qarayman.",neutral
5118,"😄 konferensiya juda samarali o'tdi, rahbar tushuntirgan mavzu juda foydali bo'ldi, zo'r bo'ldi.",positive
5119,"sayt bo'yicha futbol mavzusi zo'r chiqibdi, top ✨",positive
5120,"👍 😊 Twitterda yangi kitob haqida post ko'rdim, menga juda yoqdi, yoqib qoldi.",positive
5121,"bugun talim bo'yicha faqat kuzatib turdim, ok",neutral
5122,"😄 Yangi dastur ishga tushdi, hozircha hammasi yaxshi ishlayapti, juda xursand bo'ldim.",positive
5123,"😶 🤔 ertaga direktor bilan qisqa suhbatlashdim, shunchaki ma'lumot uchun.",neutral
5124,👍 😄,positive
5125,"🤩 seminar juda samarali o'tdi, hamkasbim tushuntirgan mavzu juda foydali bo'ldi, hayratda qoldim.",positive
5126,>:( :( 😔,negative
5127,"uchrashuv juda samarali o'tdi, o'qituvchi tushuntirgan mavzu juda foydali bo'ldi, hayratda qoldim. 😍",positive
5128,"Instagramda yangi Redmi Note 13 haqida post ko'rdim, menga juda yoqdi, kayfiyatim ko'tarildi. 🤩",positive
5129,"do'stim va'da qilgan ishini bajarmadi, natijadan xafa bo'ldim. 😠 🤬",negative
5130,"Twitterda kofe haqida e'lon ko'rdim, hozircha faqat ma'lumot yig'ayapman, hech qanday o'zgarish sezilmadi.",neutral
5131,"bugungi siyosat mavzusi zerikarli bo'ldi, bekor ekan 😢",negative
5132,"👎 ilova bilan muammo chiqdi, qo'llab-quvvatlash xizmati javob bermadi, umuman yoqmadi.",negative
5133,"bugungi internet haqidagi siyosat videolari yoqdi, zor 😄",positive
5134,:D ;),positive
5135,"ℹ️ Telegramda noutbuk haqida e'lon ko'rdim, hozircha faqat ma'lumot yig'ayapman, shunchaki ma'lumot uchun.",neutral
5136,"Farg'onadagi sayohatim ajoyib o'tdi, xizmatlar hammasi darajasida, kayfiyatim ko'tarildi. 🥰",positive
5137,"kommentlarda hammasi urush, umuman yoqmaydi 😔",negative
5138,"o'tgan oy Andijonda seminar bo'lib o'tdi, men faqat qatnashdim, oddatdagidek.",neutral
5139,"Samarqandga borish rejam buzildi, chiptalar bilan muammo bo'ldi, afsuslandim. 😡 😠",negative
5140,😍 😊 :D 😊,positive
5141,"odamlar nimadir yozibdi, lekin men uchun prosta savol ...",neutral
5142,"mijozlarga xizmat ko'rsatish bilan muammo chiqdi, qo'llab-quvvatlash xizmati javob bermadi, xafa bo'ldim. 🤬",negative
5143,"ertaga Andijonga bordim, hamma narsa juda xursand bo'ldim. 😎",positive
5144,"😁 😁 konferensiya juda samarali o'tdi, hamkasbim tushuntirgan mavzu juda foydali bo'ldi, kayfiyatim ko'tarildi.",positive
5145,"aka umuman tushuntira olmadi, bekor ketdi hamma narsasi 😠",negative
5146,"😠 planshet sifati kutilganidek emas, juda sust ishlayapti, xafa bo'ldim.",negative
5147,"✨ 😍 Telegramda yangi planshet haqida post ko'rdim, menga juda yoqdi, yoqib qoldi.",positive
5148,"kecha Samarqandda bo'lgan majlis menga umuman yoqmadi, juda jahlim chiqdi.",negative
5149,"😐 Facebookda kitob haqida e'lon ko'rdim, hozircha faqat ma'lumot yig'ayapman, oddiy bo'ldi.",neutral
5150,"ertaga Qo'qonga bordim, hamma narsa zo'r bo'ldi. 😁",positive
5151,"folloverlar umuman tushuntira olmadi, tavsiya etmayman :'(",negative
5152,"😞 aviachiptalar sifati kutilganidek emas, juda sust ishlayapti, hafsalam pir bo'ldi.",negative
5153,super 😍,positive
5154,>:( 😭 🤦‍♂️,negative
5155,pulga achindim 👎,negative
5156,👍 ✨ :),positive
5157,"😊 YouTubeda yangi planshet haqida post ko'rdim, menga juda yoqdi, kayfiyatim ko'tarildi.",positive
5158,"Telegramda yangi aviachiptalar haqida post ko'rdim, menga juda yoqdi, mamnunman. 🤩 😍",positive
5159,"kommentlarda hammasi urush, juda yomon 🤬",negative
5160,"bugun siyosat bo'yicha faqat kuzatib turdim, kulib qo'ydim xolos ℹ️",neutral
5161,"imtihon juda samarali o'tdi, direktor tushuntirgan mavzu juda foydali bo'ldi, juda xursand bo'ldim.",positive
5162,"Farg'ona haqida yangilik o'qidim, neytral qarayman. 🤔 📌",neutral
5163,"🙄 😶 planshet haqida fikrlar turlicha, hozircha hech qanday o'zgarish sezilmadi.",neutral
5164,"😔 kuryer xizmati bilan muammo chiqdi, qo'llab-quvvatlash xizmati javob bermadi, xafa bo'ldim.",negative
5165,"📌 ertaga hamkasbim bilan qisqa suhbatlashdim, oddiy bo'ldi.",neutral
5166,"🙄 kitob haqida fikrlar turlicha, hozircha shunchaki ma'lumot uchun.",neutral
5167,bilmayman 🙄,neutral
5168,"😢 rahbar va'da qilgan ishini bajarmadi, natijadan umuman yoqmadi.",negative
5169,"kofe sotib oldim, narxi arzon emas, lekin sifati uchun yoqib qoldi. ✨",positive
5170,"ilova bo'yicha blog postini ko'rdim, ok ✍️",neutral
5171,"ertaga Qo'qonda uchrashuv bo'lib o'tdi, men faqat qatnashdim, neytral qarayman.",neutral
5172,"🥰 😊 YouTubeda yangi iPhone 15 haqida post ko'rdim, menga juda yoqdi, mamnunman.",positive
5173,"🙄 shu hafta do'stim bilan qisqa suhbatlashdim, neytral qarayman.",neutral
5174,"kecha Buxoroda bo'lgan imtihon menga umuman yoqmadi, juda jahlim chiqdi. 😡",negative
5175,"bugungi siyosat mavzusi zerikarli bo'ldi, bekor ketdi hamma narsasi >:(",negative
5176,,
5177,"majlis juda samarali o'tdi, o'qituvchi tushuntirgan mavzu juda foydali bo'ldi, hayratda qoldim. 😊",positive
5178,"o'qib qo'ydim xolos, fikir yo'q ✍️",neutral
5179,"bugungi video haqidagi talim videolari yoqdi, zo'r",positive
5180,"😎 YouTubeda yangi Redmi Note 13 haqida post ko'rdim, menga juda yoqdi, kayfiyatim ko'tarildi.",positive
5181,"✨ imtihon juda samarali o'tdi, dekan tushuntirgan mavzu juda foydali bo'ldi, mamnunman.",positive
5182,"ertaga Samarqandga bordim, hamma narsa kayfiyatim ko'tarildi.",positive
5183,"bank xizmati bo'yicha yangilanish chiqdi, lekin hozircha oddiy bo'ldi. 📌 ℹ️",neutral
5184,"hamkasbim va'da qilgan ishini bajarmadi, natijadan noroziman.",negative
5185,"do'stlar nimadir yozibdi, lekin men uchun kulib qo'ydim xolos",neutral
5186,"bugun yangiliklar bo'yicha faqat kuzatib turdim, prosta savol ??",neutral
5187,"internet bo'yicha talim postini ko'rdim, shunchaki",neutral
5188,"🥰 Andijondagi sayohatim ajoyib o'tdi, xizmatlar hammasi darajasida, hayratda qoldim.",positive
5189,super 😊,positive
5190,"😐 ℹ️ kecha Andijonda seminar bo'lib o'tdi, men faqat qatnashdim, oddatdagidek.",neutral
5191,"o'tgan oy Farg'onada uchrashuv bo'lib o'tdi, men faqat qatnashdim, neytral qarayman. 😶",neutral
5192,"✨ 😍 Xivadagi sayohatim ajoyib o'tdi, xizmatlar hammasi darajasida, yoqib qoldi.",positive
5193,"Qo'qon haqida yangilik o'qidim, hech qanday o'zgarish sezilmadi. 😐 🙄",neutral
5194,"bugungi sayt haqidagi futbol videolari yoqdi, rahmat, zo'r ekan ✨",positive
5195,"ilova sifati yana tushib ketgan, pulga achindim 😔",negative
5196,"iPhone 15 sifati kutilganidek emas, juda sust ishlayapti, xafa bo'ldim. 💔 😔",negative
5197,"😄 planshet sotib oldim, narxi arzon emas, lekin sifati uchun juda xursand bo'ldim.",positive
5198,"Qo'qondagi sayohatim ajoyib o'tdi, xizmatlar hammasi darajasida, kayfiyatim ko'tarildi. 😍 😁",positive
5199,"bugun o'qituvchi bilan qisqa suhbatlashdim, neytral qarayman.",neutral
5200,"👍 imtihon juda samarali o'tdi, dekan tushuntirgan mavzu juda foydali bo'ldi, yoqib qoldi.",positive
5201,"dekan va'da qilgan ishini bajarmadi, natijadan xafa bo'ldim. 🤬",negative
5202,"o'tgan oy Farg'onaga bordim, hamma narsa juda xursand bo'ldim. 😎 🤩",positive
5203,"Instagramda aviachiptalar haqida e'lon ko'rdim, hozircha faqat ma'lumot yig'ayapman, hech qanday o'zgarish sezilmadi. 🙄",neutral
5204,"bugun Xivada seminar bo'lib o'tdi, men faqat qatnashdim, shunchaki ma'lumot uchun. 📌",neutral
5205,"kecha Buxoroga bordim, hamma narsa kayfiyatim ko'tarildi. 😄",positive
5206,"bank xizmati bilan muammo chiqdi, qo'llab-quvvatlash xizmati javob bermadi, juda jahlim chiqdi.",negative
5207,"📌 Facebookda planshet haqida e'lon ko'rdim, hozircha faqat ma'lumot yig'ayapman, hech qanday o'zgarish sezilmadi.",neutral
5208,"o'tgan oy direktor bilan qisqa suhbatlashdim, oddiy bo'ldi.",neutral
5209,"😎 shu hafta Namanganga bordim, hamma narsa zo'r bo'ldi.",positive
5210,"✨ konferensiya juda samarali o'tdi, professor tushuntirgan mavzu juda foydali bo'ldi, yoqib qoldi.",positive
5211,✨ :) :D,positive
5212,"😄 dars juda samarali o'tdi, do'stim tushuntirgan mavzu juda foydali bo'ldi, juda xursand bo'ldim.",positive
5213,"majlis juda samarali o'tdi, professor tushuntirgan mavzu juda foydali bo'ldi, juda xursand bo'ldim. 😊 🤩",positive
5214,"🙄 telefon operatori bo'yicha yangilanish chiqdi, lekin hozircha oddiy bo'ldi.",neutral
5215,"kecha Namanganga bordim, hamma narsa hayratda qoldim.",positive
5216,"Twitterda yangi kofe haqida post ko'rdim, menga juda yoqdi, hayratda qoldim.",positive
5217,"telefon operatori bilan muammo chiqdi, qo'llab-quvvatlash xizmati javob bermadi, umuman yoqmadi. 😡 😠",negative
5218,"😄 😎 aviachiptalar sotib oldim, narxi arzon emas, lekin sifati uchun yoqib qoldi.",positive
5219,"😶 🙄 Xiva haqida yangilik o'qidim, oddiy bo'ldi.",neutral
5220,"🤔 mijozlarga xizmat ko'rsatish bo'yicha yangilanish chiqdi, lekin hozircha shunchaki ma'lumot uchun.",neutral
5221,"dars juda samarali o'tdi, direktor tushuntirgan mavzu juda foydali bo'ldi, kayfiyatim ko'tarildi. 😍",positive
5222,"Facebookda kofe haqida e'lon ko'rdim, hozircha faqat ma'lumot yig'ayapman, hech qanday o'zgarish sezilmadi. 📌 🤔",neutral
5223,"Samsung A55 sotib oldim, narxi arzon emas, lekin sifati uchun mamnunman. 😁",positive
5224,"o'tgan oy Samarqandga bordim, hamma narsa mamnunman.",positive
5225,"opa nimadir yozibdi, lekin men uchun shunchaki 📌",neutral
5226,"do'stlar juda chiroyli tushuntiribdi, bombaaa 🥰",positive
5227,"🤩 😎 bugun Buxoroga bordim, hamma narsa mamnunman.",positive
5228,"😎 😊 Instagramda yangi planshet haqida post ko'rdim, menga juda yoqdi, juda xursand bo'ldim.",positive
5229,"iPhone 15 sotib oldim, narxi arzon emas, lekin sifati uchun mamnunman. 😄 😁",positive
5230,"📌 kelasi oy Toshkentda imtihon bo'lib o'tdi, men faqat qatnashdim, shunchaki ma'lumot uchun.",neutral
5231,"Buxoroga borish rejam buzildi, chiptalar bilan muammo bo'ldi, noroziman.",negative
5232,juda yomon 🤦‍♂️,negative
5233,"aviachiptalar sotib oldim, narxi arzon emas, lekin sifati uchun juda xursand bo'ldim. 🥰 ✨",positive
5234,"kelasi oy Samarqandga bordim, hamma narsa mamnunman. 😊 😁",positive
5235,"ilova bilan muammo chiqdi, qo'llab-quvvatlash xizmati javob bermadi, afsuslandim. 😭",negative
5236,"🙄 📌 internet xizmati bo'yicha yangilanish chiqdi, lekin hozircha oddatdagidek.",neutral
5237,"👎 rahbar va'da qilgan ishini bajarmadi, natijadan hafsalam pir bo'ldi.",negative
5238,?? ℹ️,neutral
5239,"Xiva haqida yangilik o'qidim, hech qanday o'zgarish sezilmadi. 🙄",neutral
5240,"Xiva haqida yangilik o'qidim, oddiy bo'ldi.",neutral
5241,"seminar juda samarali o'tdi, professor tushuntirgan mavzu juda foydali bo'ldi, hayratda qoldim.",positive
5242,"😶 Facebookda kitob haqida e'lon ko'rdim, hozircha faqat ma'lumot yig'ayapman, hech qanday o'zgarish sezilmadi.",neutral
5243,"seminar juda samarali o'tdi, professor tushuntirgan mavzu juda foydali bo'ldi, juda xursand bo'ldim.",positive
5244,"Yangi telefon operatori ishga tushdi, hozircha hammasi yaxshi ishlayapti, kayfiyatim ko'tarildi.",positive
5245,"Facebookda yangi Redmi Note 13 haqida post ko'rdim, menga juda yoqdi, kayfiyatim ko'tarildi.",positive
5246,"telefon operatori bo'yicha yangilanish chiqdi, lekin hozircha oddatdagidek. 🤔",neutral
5247,!? !? 🤔,neutral
5248,"👍 o'tgan oy Qo'qonga bordim, hamma narsa kayfiyatim ko'tarildi.",positive
5249,💔 😭 😭,negative
5250,"oyin sifati yana tushib ketgan, yoqmadi",negative
5251,"imtihon juda samarali o'tdi, dekan tushuntirgan mavzu juda foydali bo'ldi, zo'r bo'ldi. 😁",positive
5252,"Twitterda yangi kitob haqida post ko'rdim, menga juda yoqdi, zo'r bo'ldi. 🥰",positive
5253,"YouTubeda kofe haqida e'lon ko'rdim, hozircha faqat ma'lumot yig'ayapman, shunchaki ma'lumot uchun. 😐",neutral
5254,"😎 YouTubeda yangi planshet haqida post ko'rdim, menga juda yoqdi, zo'r bo'ldi.",positive
5255,"Andijonga borish rejam buzildi, chiptalar bilan muammo bo'ldi, xafa bo'ldim. 😢",negative
5256,"YouTubeda yangi noutbuk haqida post ko'rdim, menga juda yoqdi, juda xursand bo'ldim. 😄",positive
5257,"kecha o'qituvchi bilan qisqa suhbatlashdim, oddiy bo'ldi. ℹ️",neutral
5258,"🥰 🤩 uchrashuv juda samarali o'tdi, rahbar tushuntirgan mavzu juda foydali bo'ldi, zo'r bo'ldi.",positive
5259,"ertaga Xivada majlis bo'lib o'tdi, men faqat qatnashdim, shunchaki ma'lumot uchun. 😶 🤔",neutral
5260,"telefon operatori bo'yicha yangilanish chiqdi, lekin hozircha neytral qarayman. 📌 📌",neutral
5261,prosta savol ✍️,neutral
5262,"👎 Toshkentga borish rejam buzildi, chiptalar bilan muammo bo'ldi, hafsalam pir bo'ldi.",negative
5263,"😍 uchrashuv juda samarali o'tdi, professor tushuntirgan mavzu juda foydali bo'ldi, hayratda qoldim.",positive
5264,"Yangi mijozlarga xizmat ko'rsatish ishga tushdi, hozircha hammasi yaxshi ishlayapti, mamnunman. 👍",positive
5265,"noutbuk haqida fikrlar turlicha, hozircha oddiy bo'ldi. 🤔",neutral
5266,"o'qituvchi va'da qilgan ishini bajarmadi, natijadan umuman yoqmadi.",negative
5267,"Namangan haqida yangilik o'qidim, hech qanday o'zgarish sezilmadi.",neutral
5268,"🤩 😊 majlis juda samarali o'tdi, rahbar tushuntirgan mavzu juda foydali bo'ldi, yoqib qoldi.",positive
5269,"Twitterda yangi Samsung A55 haqida post ko'rdim, menga juda yoqdi, mamnunman. ✨",positive
5270,"Farg'ona haqida yangilik o'qidim, oddiy bo'ldi.",neutral
5271,"🤔 kitob haqida fikrlar turlicha, hozircha oddiy bo'ldi.",neutral
5272,"😊 Yangi internet xizmati ishga tushdi, hozircha hammasi yaxshi ishlayapti, mamnunman.",positive
5273,"opa umuman tushuntira olmadi, juda yomon 😡",negative
5274,"😢 dekan va'da qilgan ishini bajarmadi, natijadan juda jahlim chiqdi.",negative
5275,"Twitterda iPhone 15 haqida e'lon ko'rdim, hozircha faqat ma'lumot yig'ayapman, hech qanday o'zgarish sezilmadi.",neutral
5276,"🤔 ilova bo'yicha yangilanish chiqdi, lekin hozircha neytral qarayman.",neutral
5277,"😐 aviachiptalar haqida fikrlar turlicha, hozircha oddiy bo'ldi.",neutral
5278,"👎 o'qituvchi va'da qilgan ishini bajarmadi, natijadan juda jahlim chiqdi.",negative
5279,"Telegramda yangi kofe haqida post ko'rdim, menga juda yoqdi, zo'r bo'ldi. 😎",positive
5280,"kitob haqida fikrlar turlicha, hozircha oddiy bo'ldi. 🙄",neutral
5281,zo'r :),positive
5282,"🙄 Qo'qon haqida yangilik o'qidim, hech qanday o'zgarish sezilmadi.",neutral
5283,"😭 Farg'onaga borish rejam buzildi, chiptalar bilan muammo bo'ldi, afsuslandim.",negative
5284,"Yangi bank xizmati ishga tushdi, hozircha hammasi yaxshi ishlayapti, juda xursand bo'ldim.",positive
5285,"internet bo'yicha siyosat mavzusi zo'r chiqibdi, rahmat, zo'r ekan 😄",positive
5286,"bugungi pul mavzusi zerikarli bo'ldi, zerikarli",negative
5287,"bugun yangiliklar bo'yicha faqat kuzatib turdim, bilmayman",neutral
5288,"😍 🥰 dars juda samarali o'tdi, o'qituvchi tushuntirgan mavzu juda foydali bo'ldi, mamnunman.",positive
5289,"😎 😁 iPhone 15 sotib oldim, narxi arzon emas, lekin sifati uchun yoqib qoldi.",positive
5290,"aka umuman tushuntira olmadi, umidsizlik 😭",negative
5291,"Facebookdagi reklamalar juda asabga tegayapti, umuman yoqmadi. 😡 👎",negative
5292,"aka juda chiroyli tushuntiribdi, kontent yoqdi 🤩",positive
5293,"bugun Namanganda bo'lgan uchrashuv menga umuman yoqmadi, noroziman.",negative
5294,"😄 🤩 Instagramda yangi iPhone 15 haqida post ko'rdim, menga juda yoqdi, hayratda qoldim.",positive
5295,"iPhone 15 sotib oldim, narxi arzon emas, lekin sifati uchun kayfiyatim ko'tarildi. 🤩",positive
5296,"kelasi oy Qo'qonga bordim, hamma narsa mamnunman.",positive
5297,"bugungi instagram sahifa haqidagi siyosat videolari yoqdi, otliii 😊",positive
5298,"🥰 Yangi internet xizmati ishga tushdi, hozircha hammasi yaxshi ishlayapti, hayratda qoldim.",positive
5299,"🥰 😍 Facebookda yangi planshet haqida post ko'rdim, menga juda yoqdi, kayfiyatim ko'tarildi.",positive
5300,"Qo'qon haqida yangilik o'qidim, oddatdagidek. 🙄 😶",neutral
5301,"Qo'qonga borish rejam buzildi, chiptalar bilan muammo bo'ldi, juda jahlim chiqdi. 😢",negative
5302,"😎 😍 Yangi kuryer xizmati ishga tushdi, hozircha hammasi yaxshi ishlayapti, mamnunman.",positive
5303,"kommentlarni o'qidim, neytralman ...",neutral
5304,"😎 Telegramda yangi Samsung A55 haqida post ko'rdim, menga juda yoqdi, mamnunman.",positive
5305,"sayt bo'yicha blog mavzusi zo'r chiqibdi, rosa yoqdi 🤩",positive
5306,"odamlar umuman tushuntira olmadi, umuman yoqmaydi 🤬",negative
5307,"iPhone 15 sifati kutilganidek emas, juda sust ishlayapti, noroziman.",negative
5308,klass :),positive
5309,"kecha Samarqandda majlis bo'lib o'tdi, men faqat qatnashdim, oddatdagidek.",neutral
5310,"ℹ️ 🙄 kofe haqida fikrlar turlicha, hozircha oddatdagidek.",neutral
5311,"dekan va'da qilgan ishini bajarmadi, natijadan xafa bo'ldim. 😔 🤬",negative
5312,"kommentlarda hammasi urush, umuman yoqmaydi 💔",negative
5313,"kelasi oy Xivaga bordim, hamma narsa mamnunman. 😍",positive
5314,"Yangi dastur ishga tushdi, hozircha hammasi yaxshi ishlayapti, yoqib qoldi. 😍 😎",positive
5315,❤️ 🥰 ✨,positive
5316,"😍 shu hafta Qo'qonga bordim, hamma narsa juda xursand bo'ldim.",positive
5317,"planshet sotib oldim, narxi arzon emas, lekin sifati uchun juda xursand bo'ldim.",positive
5318,😍 <3 😊,positive
5319,"Namangandagi sayohatim ajoyib o'tdi, xizmatlar hammasi darajasida, juda xursand bo'ldim.",positive
5320,qattiq hafsalam pir bo'ldi 😡,negative
5321,"😐 bugun Andijonda majlis bo'lib o'tdi, men faqat qatnashdim, shunchaki ma'lumot uchun.",neutral
5322,"bugungi ilova haqidagi blog videolari yoqdi, bombaaa",positive
5323,"😐 ℹ️ Twitterda noutbuk haqida e'lon ko'rdim, hozircha faqat ma'lumot yig'ayapman, oddatdagidek.",neutral
5324,"😡 😞 bugun Xivada bo'lgan dars menga umuman yoqmadi, juda jahlim chiqdi.",negative
5325,"opa umuman tushuntira olmadi, nogiron qilindi 😭",negative
5326,"😍 👍 Yangi ilova ishga tushdi, hozircha hammasi yaxshi ishlayapti, hayratda qoldim.",positive
5327,"Andijonga borish rejam buzildi, chiptalar bilan muammo bo'ldi, afsuslandim. 😞 😞",negative
5328,"🙄 o'tgan oy o'qituvchi bilan qisqa suhbatlashdim, oddatdagidek.",neutral
5329,"instagram sahifa sifati yana tushib ketgan, qattiq hafsalam pir bo'ldi 🤬",negative
5330,"oyin bo'yicha pul mavzusi zo'r chiqibdi, super ❤️",positive
5331,"Qo'qonga borish rejam buzildi, chiptalar bilan muammo bo'ldi, xafa bo'ldim. 👎",negative
5332,"😎 👍 bugun Toshkentga bordim, hamma narsa juda xursand bo'ldim.",positive
5333,"dastur bo'yicha kommentlar mavzusi zo'r chiqibdi, kontent yoqdi",positive
5334,"Facebookda kitob haqida e'lon ko'rdim, hozircha faqat ma'lumot yig'ayapman, oddatdagidek. ℹ️ ℹ️",neutral
5335,"konferensiya juda samarali o'tdi, o'qituvchi tushuntirgan mavzu juda foydali bo'ldi, hayratda qoldim.",positive
5336,"😠 noutbuk sifati kutilganidek emas, juda sust ishlayapti, afsuslandim.",negative
5337,"ℹ️ ertaga hamkasbim bilan qisqa suhbatlashdim, oddiy bo'ldi.",neutral
5338,"🤔 Facebookda Samsung A55 haqida e'lon ko'rdim, hozircha faqat ma'lumot yig'ayapman, hech qanday o'zgarish sezilmadi.",neutral
5339,"hamkasbim va'da qilgan ishini bajarmadi, natijadan noroziman. 😢",negative
5340,"Instagramda yangi Samsung A55 haqida post ko'rdim, menga juda yoqdi, yoqib qoldi.",positive
5341,:D :D 🥰,positive
5342,"🙄 YouTubeda planshet haqida e'lon ko'rdim, hozircha faqat ma'lumot yig'ayapman, oddatdagidek.",neutral
5343,"majlis juda samarali o'tdi, hamkasbim tushuntirgan mavzu juda foydali bo'ldi, juda xursand bo'ldim. 😍",positive
5344,"😍 kelasi oy Farg'onaga bordim, hamma narsa juda xursand bo'ldim.",positive
5345,"internet xizmati bilan muammo chiqdi, qo'llab-quvvatlash xizmati javob bermadi, noroziman. 🤬 😠",negative
5346,"Twitterda Samsung A55 haqida e'lon ko'rdim, hozircha faqat ma'lumot yig'ayapman, oddatdagidek.",neutral
5347,"shu hafta Namanganga bordim, hamma narsa mamnunman. 😄",positive
5348,"dars juda samarali o'tdi, hamkasbim tushuntirgan mavzu juda foydali bo'ldi, mamnunman.",positive
5349,:-/ 👎,negative
5350,"🤬 telefon operatori bilan muammo chiqdi, qo'llab-quvvatlash xizmati javob bermadi, umuman yoqmadi.",negative
5351,"bugun do'stim bilan qisqa suhbatlashdim, shunchaki ma'lumot uchun.",neutral
5352,<3 😍 🔥 🥰,positive
5353,"😎 😊 Yangi mijozlarga xizmat ko'rsatish ishga tushdi, hozircha hammasi yaxshi ishlayapti, hayratda qoldim.",positive
5354,❤️ :D ❤️,positive
5355,"😢 telefon operatori bilan muammo chiqdi, qo'llab-quvvatlash xizmati javob bermadi, noroziman.",negative
5356,"🤩 👍 Yangi kuryer xizmati ishga tushdi, hozircha hammasi yaxshi ishlayapti, hayratda qoldim.",positive
5357,"Twitterda Redmi Note 13 haqida e'lon ko'rdim, hozircha faqat ma'lumot yig'ayapman, oddatdagidek.",neutral
5358,"😐 shu hafta Buxoroda dars bo'lib o'tdi, men faqat qatnashdim, oddatdagidek.",neutral
5359,"😶 Toshkent haqida yangilik o'qidim, oddatdagidek.",neutral
5360,"😔 😔 ilova bilan muammo chiqdi, qo'llab-quvvatlash xizmati javob bermadi, umuman yoqmadi.",negative
5361,"kelasi oy Andijonda uchrashuv bo'lib o'tdi, men faqat qatnashdim, shunchaki ma'lumot uchun.",neutral
5362,"😎 seminar juda samarali o'tdi, dekan tushuntirgan mavzu juda foydali bo'ldi, kayfiyatim ko'tarildi.",positive
5363,"majlis juda samarali o'tdi, professor tushuntirgan mavzu juda foydali bo'ldi, juda xursand bo'ldim.",positive
5364,"bugungi blog mavzusi zerikarli bo'ldi, yoqmadi 😡",negative
5365,🤦‍♀️ 😔,negative
5366,"YouTubeda yangi Samsung A55 haqida post ko'rdim, menga juda yoqdi, juda xursand bo'ldim. 😁",positive
5367,"kecha Toshkentga bordim, hamma narsa kayfiyatim ko'tarildi.",positive
5368,😎 😍,positive
5369,🤬 😢 😠,negative
5370,"kecha Buxoroda majlis bo'lib o'tdi, men faqat qatnashdim, hech qanday o'zgarish sezilmadi.",neutral
5371,"kuryer xizmati bo'yicha yangilanish chiqdi, lekin hozircha oddiy bo'ldi. 🙄",neutral
5372,"😎 konferensiya juda samarali o'tdi, dekan tushuntirgan mavzu juda foydali bo'ldi, kayfiyatim ko'tarildi.",positive
5373,"Instagramda yangi Redmi Note 13 haqida post ko'rdim, menga juda yoqdi, mamnunman.",positive
5374,"kelasi oy Farg'onaga bordim, hamma narsa juda xursand bo'ldim. 👍",positive
5375,"kelasi oy Toshkentga bordim, hamma narsa zo'r bo'ldi. ✨",positive
5376,"😄 imtihon juda samarali o'tdi, dekan tushuntirgan mavzu juda foydali bo'ldi, hayratda qoldim.",positive
5377,"Twitterda Samsung A55 haqida e'lon ko'rdim, hozircha faqat ma'lumot yig'ayapman, neytral qarayman.",neutral
5378,"😐 Redmi Note 13 haqida fikrlar turlicha, hozircha shunchaki ma'lumot uchun.",neutral
5379,umuman yoqmaydi 😔,negative
5380,"😍 Yangi mijozlarga xizmat ko'rsatish ishga tushdi, hozircha hammasi yaxshi ishlayapti, yoqib qoldi.",positive
5381,"bugun kino bo'yicha faqat kuzatib turdim, prosta savol ✍️",neutral
5382,"Facebookdagi reklamalar juda asabga tegayapti, noroziman. 😭 🤬",negative
5383,"shu hafta Buxoroda dars bo'lib o'tdi, men faqat qatnashdim, neytral qarayman.",neutral
5384,"👍 Samsung A55 sotib oldim, narxi arzon emas, lekin sifati uchun hayratda qoldim.",positive
5385,"telefon operatori bo'yicha yangilanish chiqdi, lekin hozircha oddatdagidek. 📌",neutral
5386,"😁 shu hafta Xivaga bordim, hamma narsa kayfiyatim ko'tarildi.",positive
5387,"🤔 😶 bank xizmati bo'yicha yangilanish chiqdi, lekin hozircha shunchaki ma'lumot uchun.",neutral
5388,"instagram sahifa sifati yana tushib ketgan, umuman yoqmaydi 💔",negative
5389,"aviachiptalar haqida fikrlar turlicha, hozircha oddiy bo'ldi. ℹ️",neutral
5390,"😎 Toshkentdagi sayohatim ajoyib o'tdi, xizmatlar hammasi darajasida, zo'r bo'ldi.",positive
5391,😍 ✨ 😄,positive
5392,"bugun texnika bo'yicha faqat kuzatib turdim, prosta savol",neutral
5393,top <3,positive
5394,"🤔 kecha o'qituvchi bilan qisqa suhbatlashdim, oddatdagidek.",neutral
5395,"😔 🤬 Redmi Note 13 sifati kutilganidek emas, juda sust ishlayapti, xafa bo'ldim.",negative
5396,"😊 kitob sotib oldim, narxi arzon emas, lekin sifati uchun mamnunman.",positive
5397,"🙄 Redmi Note 13 haqida fikrlar turlicha, hozircha oddatdagidek.",neutral
5398,"bugun Toshkentda seminar bo'lib o'tdi, men faqat qatnashdim, neytral qarayman.",neutral
5399,"Twitterda noutbuk haqida e'lon ko'rdim, hozircha faqat ma'lumot yig'ayapman, hech qanday o'zgarish sezilmadi. ℹ️ 😐",neutral
5400,"Twitterda yangi noutbuk haqida post ko'rdim, menga juda yoqdi, hayratda qoldim.",positive
5401,"direktor va'da qilgan ishini bajarmadi, natijadan juda jahlim chiqdi. 😢 😠",negative
5402,"😍 Xivadagi sayohatim ajoyib o'tdi, xizmatlar hammasi darajasida, juda xursand bo'ldim.",positive
5403,"😐 noutbuk haqida fikrlar turlicha, hozircha oddiy bo'ldi.",neutral
5404,"😊 ertaga Farg'onaga bordim, hamma narsa kayfiyatim ko'tarildi.",positive
5405,tavsiya etmayman,negative
5406,"😁 dars juda samarali o'tdi, do'stim tushuntirgan mavzu juda foydali bo'ldi, mamnunman.",positive
5407,"o'tgan oy Buxoroga bordim, hamma narsa juda xursand bo'ldim.",positive
5408,"bugungi servis haqidagi yangiliklar videolari yoqdi, top",positive
5409,"😁 😍 seminar juda samarali o'tdi, o'qituvchi tushuntirgan mavzu juda foydali bo'ldi, yoqib qoldi.",positive
5410,"😄 😍 iPhone 15 sotib oldim, narxi arzon emas, lekin sifati uchun zo'r bo'ldi.",positive
5411,😎 🥰 ✨,positive
5412,"seminar juda samarali o'tdi, o'qituvchi tushuntirgan mavzu juda foydali bo'ldi, mamnunman. 😊 😁",positive
5413,"📌 telefon operatori bo'yicha yangilanish chiqdi, lekin hozircha oddatdagidek.",neutral
5414,"konferensiya juda samarali o'tdi, o'qituvchi tushuntirgan mavzu juda foydali bo'ldi, mamnunman. 🤩 😍",positive
5415,"shu hafta o'qituvchi bilan qisqa suhbatlashdim, oddatdagidek. 😐",neutral
5416,"😐 ilova bo'yicha yangilanish chiqdi, lekin hozircha shunchaki ma'lumot uchun.",neutral
5417,"😢 Samsung A55 sifati kutilganidek emas, juda sust ishlayapti, umuman yoqmadi.",negative
5418,"kelasi oy Xivada seminar bo'lib o'tdi, men faqat qatnashdim, neytral qarayman.",neutral
5419,"do'stlar nimadir yozibdi, lekin men uchun ok ℹ️",neutral
5420,super 🤩,positive
5421,"😶 📌 Facebookda noutbuk haqida e'lon ko'rdim, hozircha faqat ma'lumot yig'ayapman, oddiy bo'ldi.",neutral
5422,"Twitterda yangi kofe haqida post ko'rdim, menga juda yoqdi, zo'r bo'ldi.",positive
5423,"🥰 bugun Samarqandga bordim, hamma narsa mamnunman.",positive
5424,"🤔 kecha professor bilan qisqa suhbatlashdim, neytral qarayman.",neutral
5425,"💔 🤬 internet xizmati bilan muammo chiqdi, qo'llab-quvvatlash xizmati javob bermadi, juda jahlim chiqdi.",negative
5426,"kelasi oy Xivaga bordim, hamma narsa zo'r bo'ldi.",positive
5427,"bugun talim bo'yicha faqat kuzatib turdim, prosta savol ✍️",neutral
5428,"😔 😠 dastur bilan muammo chiqdi, qo'llab-quvvatlash xizmati javob bermadi, afsuslandim.",negative
5429,"konferensiya juda samarali o'tdi, dekan tushuntirgan mavzu juda foydali bo'ldi, hayratda qoldim.",positive
5430,"✨ ertaga Farg'onaga bordim, hamma narsa zo'r bo'ldi.",positive
5431,😁 🤩 😄,positive
5432,"kecha Namanganga bordim, hamma narsa zo'r bo'ldi.",positive
5433,"o'tgan oy Samarqandda konferensiya bo'lib o'tdi, men faqat qatnashdim, oddatdagidek.",neutral
5434,"hamma nimadir yozibdi, lekin men uchun fikir yo'q",neutral
5435,"Namangandagi sayohatim ajoyib o'tdi, xizmatlar hammasi darajasida, yoqib qoldi. ✨",positive
5436,😔 😡,negative
5437,zerikarli,negative
5438,"internet bo'yicha yangiliklar mavzusi zo'r chiqibdi, otliii <3",positive
5439,"servis sifati yana tushib ketgan, servis noldan ham past",negative
5440,❤️ ✨,positive
5441,"Yangi kuryer xizmati ishga tushdi, hozircha hammasi yaxshi ishlayapti, mamnunman. 😍",positive
5442,"kofe sotib oldim, narxi arzon emas, lekin sifati uchun zo'r bo'ldi.",positive
5443,"video sifati yana tushib ketgan, juda yomon 😢",negative
5444,"🤩 uchrashuv juda samarali o'tdi, direktor tushuntirgan mavzu juda foydali bo'ldi, yoqib qoldi.",positive
5445,<3 😊,positive
5446,"😡 😠 aviachiptalar sifati kutilganidek emas, juda sust ishlayapti, noroziman.",negative
5447,"😍 kelasi oy Farg'onaga bordim, hamma narsa hayratda qoldim.",positive
5448,😠 👎 🤬,negative
5449,"bugungi kino mavzusi zerikarli bo'ldi, pulga achindim 😡",negative
5450,"😐 ilova bo'yicha yangilanish chiqdi, lekin hozircha oddatdagidek.",neutral
5451,"😶 kelasi oy Toshkentda uchrashuv bo'lib o'tdi, men faqat qatnashdim, oddiy bo'ldi.",neutral
5452,"shu hafta Toshkentga bordim, hamma narsa mamnunman. 😎 🥰",positive
5453,"admin nimadir yozibdi, lekin men uchun ok 😶",neutral
5454,zor 🔥,positive
5455,"bugun pul bo'yicha faqat kuzatib turdim, bilmayman 😐",neutral
5456,"YouTubeda yangi Samsung A55 haqida post ko'rdim, menga juda yoqdi, juda xursand bo'ldim.",positive
5457,"do'stlar umuman tushuntira olmadi, umidsizlik :(",negative
5458,"ertaga Andijonda bo'lgan konferensiya menga umuman yoqmadi, noroziman. 🤬",negative
5459,😭 >:( 🤦‍♀️ 🤬,negative
5460,"bugungi kino mavzusi zerikarli bo'ldi, pulga achindim 👎",negative
5461,"telegram kanal bo'yicha kommentlar mavzusi zo'r chiqibdi, rahmat, zo'r ekan 😍",positive
5462,"aviachiptalar sotib oldim, narxi arzon emas, lekin sifati uchun mamnunman. 😍",positive
5463,"🙄 Qo'qon haqida yangilik o'qidim, oddatdagidek.",neutral
5464,"✨ 😍 kecha Andijonga bordim, hamma narsa zo'r bo'ldi.",positive
5465,"video sifati yana tushib ketgan, qattiq hafsalam pir bo'ldi",negative
5466,"bugungi instagram sahifa haqidagi blog videolari yoqdi, super =)",positive
5467,"ertaga dekan bilan qisqa suhbatlashdim, oddiy bo'ldi. 😐 📌",neutral
5468,"kecha Buxoroda seminar bo'lib o'tdi, men faqat qatnashdim, neytral qarayman.",neutral
5469,"Twitterda yangi Samsung A55 haqida post ko'rdim, menga juda yoqdi, zo'r bo'ldi. 😄 😁",positive
5470,"Instagramda aviachiptalar haqida e'lon ko'rdim, hozircha faqat ma'lumot yig'ayapman, shunchaki ma'lumot uchun. 📌 📌",neutral
5471,"Yangi ilova ishga tushdi, hozircha hammasi yaxshi ishlayapti, mamnunman.",positive
5472,"shu hafta direktor bilan qisqa suhbatlashdim, oddatdagidek.",neutral
5473,"kecha Xivada seminar bo'lib o'tdi, men faqat qatnashdim, oddiy bo'ldi.",neutral
5474,"instagram sahifa sifati yana tushib ketgan, zerikarli =/",negative
5475,"Samsung A55 haqida fikrlar turlicha, hozircha oddiy bo'ldi. 🙄 😐",neutral
5476,"😎 imtihon juda samarali o'tdi, rahbar tushuntirgan mavzu juda foydali bo'ldi, kayfiyatim ko'tarildi.",positive
5477,"🥰 😎 bugun Samarqandga bordim, hamma narsa yoqib qoldi.",positive
5478,"kecha do'stim bilan qisqa suhbatlashdim, hech qanday o'zgarish sezilmadi. 🤔",neutral
5479,"kelasi oy Andijonga bordim, hamma narsa mamnunman. 👍",positive
5480,ok :|,neutral
5481,"ilova sifati yana tushib ketgan, yoqmadi 😭",negative
5482,"😡 😢 shu hafta Qo'qonda bo'lgan imtihon menga umuman yoqmadi, juda jahlim chiqdi.",negative
5483,"admin umuman tushuntira olmadi, hech nima tushunmadim :'(",negative
5484,😍 🔥 🤩 ✨,positive
5485,"o'qituvchi va'da qilgan ishini bajarmadi, natijadan afsuslandim. 😢",negative
5486,"internet bo'yicha yangiliklar mavzusi zo'r chiqibdi, rahmat, zo'r ekan 👍",positive
5487,"Samsung A55 sotib oldim, narxi arzon emas, lekin sifati uchun yoqib qoldi.",positive
5488,"kelasi oy rahbar bilan qisqa suhbatlashdim, shunchaki ma'lumot uchun. 😐 😐",neutral
5489,"bugungi post haqidagi texnika videolari yoqdi, otliii 😎",positive
5490,"telegram kanal bo'yicha blog postini ko'rdim, bilmayman",neutral
5491,"🤔 Buxoro haqida yangilik o'qidim, shunchaki ma'lumot uchun.",neutral
5492,"majlis juda samarali o'tdi, o'qituvchi tushuntirgan mavzu juda foydali bo'ldi, mamnunman. 😄",positive
5493,nogiron qilindi 🤦‍♂️,negative
5494,"🤩 aviachiptalar sotib oldim, narxi arzon emas, lekin sifati uchun mamnunman.",positive
5495,"opa umuman tushuntira olmadi, aldashdi 👎",negative
5496,"kecha do'stim bilan qisqa suhbatlashdim, oddiy bo'ldi. 📌",neutral
5497,"😐 Toshkent haqida yangilik o'qidim, hech qanday o'zgarish sezilmadi.",neutral
5498,"imtihon juda samarali o'tdi, dekan tushuntirgan mavzu juda foydali bo'ldi, zo'r bo'ldi.",positive
5499,super ;),positive
5500,"telefon operatori bo'yicha yangilanish chiqdi, lekin hozircha shunchaki ma'lumot uchun. 😶",neutral
5501,"ℹ️ Instagramda Redmi Note 13 haqida e'lon ko'rdim, hozircha faqat ma'lumot yig'ayapman, oddatdagidek.",neutral
5502,"ilova bilan muammo chiqdi, qo'llab-quvvatlash xizmati javob bermadi, noroziman. 😡 😞",negative
5503,"kofe sifati kutilganidek emas, juda sust ishlayapti, afsuslandim. 😭",negative
5504,"YouTubeda yangi kitob haqida post ko'rdim, menga juda yoqdi, zo'r bo'ldi. 😊",positive
5505,"bugungi instagram sahifa haqidagi texnika videolari yoqdi, otliii 😍",positive
5506,"ilova bo'yicha yangilanish chiqdi, lekin hozircha oddiy bo'ldi. 🙄",neutral
5507,"✨ kelasi oy Namanganga bordim, hamma narsa juda xursand bo'ldim.",positive
5508,"Telegramda yangi Redmi Note 13 haqida post ko'rdim, menga juda yoqdi, mamnunman.",positive
5509,"Instagramda iPhone 15 haqida e'lon ko'rdim, hozircha faqat ma'lumot yig'ayapman, hech qanday o'zgarish sezilmadi. 🤔 ℹ️",neutral
5510,"🥰 😊 o'tgan oy Farg'onaga bordim, hamma narsa juda xursand bo'ldim.",positive
5511,"aka umuman tushuntira olmadi, juda yomon 🤦‍♀️",negative
5512,hech nima tushunmadim :'(,negative
5513,"Redmi Note 13 sotib oldim, narxi arzon emas, lekin sifati uchun hayratda qoldim. 😁 🥰",positive
5514,:| :| ...,neutral
5515,"kecha Farg'onaga bordim, hamma narsa zo'r bo'ldi.",positive
5516,😐 📌 🤔,neutral
5517,"Toshkentdagi sayohatim ajoyib o'tdi, xizmatlar hammasi darajasida, mamnunman. 😁 😄",positive
5518,"bugungi servis haqidagi siyosat videolari yoqdi, klass 🥰",positive
5519,"😭 😔 ertaga Qo'qonda bo'lgan uchrashuv menga umuman yoqmadi, hafsalam pir bo'ldi.",negative
5520,"😄 planshet sotib oldim, narxi arzon emas, lekin sifati uchun hayratda qoldim.",positive
5521,"Andijonga borish rejam buzildi, chiptalar bilan muammo bo'ldi, xafa bo'ldim.",negative
5522,"shu hafta dekan bilan qisqa suhbatlashdim, shunchaki ma'lumot uchun.",neutral
5523,"😍 kecha Namanganga bordim, hamma narsa zo'r bo'ldi.",positive
5524,"Yangi bank xizmati ishga tushdi, hozircha hammasi yaxshi ishlayapti, zo'r bo'ldi. 😎",positive
5525,"bugun direktor bilan qisqa suhbatlashdim, oddatdagidek. 📌 ℹ️",neutral
5526,"🥰 Samsung A55 sotib oldim, narxi arzon emas, lekin sifati uchun mamnunman.",positive
5527,bombaaa 🔥,positive
5528,"😁 planshet sotib oldim, narxi arzon emas, lekin sifati uchun hayratda qoldim.",positive
5529,"aviachiptalar haqida fikrlar turlicha, hozircha shunchaki ma'lumot uchun. ℹ️",neutral
5530,"bugun futbol bo'yicha faqat kuzatib turdim, norm 🙄",neutral
5531,prosta savol 😶,neutral
5532,😔 🤦‍♂️ 😡,negative
5533,"bugun rahbar bilan qisqa suhbatlashdim, shunchaki ma'lumot uchun. 🤔 📌",neutral
5534,"Namangan haqida yangilik o'qidim, hech qanday o'zgarish sezilmadi. 😶",neutral
5535,"konferensiya juda samarali o'tdi, o'qituvchi tushuntirgan mavzu juda foydali bo'ldi, zo'r bo'ldi. 😍",positive
5536,:) ✨,positive
5537,"✨ Qo'qondagi sayohatim ajoyib o'tdi, xizmatlar hammasi darajasida, hayratda qoldim.",positive
5538,"Telegramda yangi kitob haqida post ko'rdim, menga juda yoqdi, yoqib qoldi.",positive
5539,"😐 🙄 Twitterda kofe haqida e'lon ko'rdim, hozircha faqat ma'lumot yig'ayapman, neytral qarayman.",neutral
5540,"😠 Telegramdagi reklamalar juda asabga tegayapti, xafa bo'ldim.",negative
5541,"shu hafta Namanganga bordim, hamma narsa zo'r bo'ldi.",positive
5542,"internet bo'yicha kino postini ko'rdim, kulib qo'ydim xolos 😐",neutral
5543,📌 :| :|,neutral
5544,"🤔 📌 internet xizmati bo'yicha yangilanish chiqdi, lekin hozircha oddatdagidek.",neutral
5545,"do'stlar umuman tushuntira olmadi, hech nima tushunmadim 😔",negative
5546,"YouTubeda yangi kitob haqida post ko'rdim, menga juda yoqdi, hayratda qoldim.",positive
5547,"🙄 Redmi Note 13 haqida fikrlar turlicha, hozircha oddiy bo'ldi.",neutral
5548,"bugungi kommentlar mavzusi zerikarli bo'ldi, tavsiya etmayman :'(",negative
5549,"Yangi dastur ishga tushdi, hozircha hammasi yaxshi ishlayapti, kayfiyatim ko'tarildi. 😁",positive
5550,"😄 konferensiya juda samarali o'tdi, direktor tushuntirgan mavzu juda foydali bo'ldi, mamnunman.",positive
5551,"Telegramda Redmi Note 13 haqida e'lon ko'rdim, hozircha faqat ma'lumot yig'ayapman, shunchaki ma'lumot uchun.",neutral
5552,"👍 🤩 ertaga Buxoroga bordim, hamma narsa zo'r bo'ldi.",positive
5553,"dastur bo'yicha futbol postini ko'rdim, hech narsa o'zgarmadi",neutral
5554,"o'tgan oy Qo'qonga bordim, hamma narsa kayfiyatim ko'tarildi. 😊",positive
5555,"Twitterda yangi kitob haqida post ko'rdim, menga juda yoqdi, yoqib qoldi. 😎",positive
5556,"😢 kuryer xizmati bilan muammo chiqdi, qo'llab-quvvatlash xizmati javob bermadi, hafsalam pir bo'ldi.",negative
5557,"🥰 Twitterda yangi kitob haqida post ko'rdim, menga juda yoqdi, hayratda qoldim.",positive
5558,"bugungi kommentlar mavzusi zerikarli bo'ldi, umidsizlik 🤬",negative
5559,"kecha Samarqandga bordim, hamma narsa juda xursand bo'ldim. ✨",positive
5560,"😄 o'tgan oy Farg'onaga bordim, hamma narsa kayfiyatim ko'tarildi.",positive
5561,"👍 ✨ Yangi ilova ishga tushdi, hozircha hammasi yaxshi ishlayapti, juda xursand bo'ldim.",positive
5562,"😊 😄 Yangi mijozlarga xizmat ko'rsatish ishga tushdi, hozircha hammasi yaxshi ishlayapti, juda xursand bo'ldim.",positive
5563,😡 😡,negative
5564,"hamma nimadir yozibdi, lekin men uchun hech narsa o'zgarmadi 😶",neutral
5565,"😐 🤔 ilova bo'yicha yangilanish chiqdi, lekin hozircha hech qanday o'zgarish sezilmadi.",neutral
5566,"😶 o'tgan oy hamkasbim bilan qisqa suhbatlashdim, neytral qarayman.",neutral
5567,yoqmadi >:(,negative
5568,"Yangi internet xizmati ishga tushdi, hozircha hammasi yaxshi ishlayapti, mamnunman. 👍",positive
5569,"shu hafta Samarqandga bordim, hamma narsa zo'r bo'ldi. ✨ 👍",positive
5570,"🙄 ℹ️ Redmi Note 13 haqida fikrlar turlicha, hozircha neytral qarayman.",neutral
5571,"bloger umuman tushuntira olmadi, hech nima tushunmadim 🤦‍♀️",negative
5572,"😍 😊 Yangi telefon operatori ishga tushdi, hozircha hammasi yaxshi ishlayapti, juda xursand bo'ldim.",positive
5573,"bank xizmati bo'yicha yangilanish chiqdi, lekin hozircha hech qanday o'zgarish sezilmadi. 😶",neutral
5574,"ertaga Qo'qonda konferensiya bo'lib o'tdi, men faqat qatnashdim, hech qanday o'zgarish sezilmadi. 📌",neutral
5575,"ertaga Samarqandga bordim, hamma narsa zo'r bo'ldi. 😎 😎",positive
5576,"😄 Toshkentdagi sayohatim ajoyib o'tdi, xizmatlar hammasi darajasida, mamnunman.",positive
5577,"😄 Telegramda yangi kofe haqida post ko'rdim, menga juda yoqdi, zo'r bo'ldi.",positive
5578,"ertaga Andijonda bo'lgan konferensiya menga umuman yoqmadi, umuman yoqmadi. 💔 🤬",negative
5579,"post bo'yicha yangiliklar mavzusi zo'r chiqibdi, chiqqan joyi yoqdi 😊",positive
5580,"✨ Facebookda yangi Redmi Note 13 haqida post ko'rdim, menga juda yoqdi, zo'r bo'ldi.",positive
5581,"YouTubedagi reklamalar juda asabga tegayapti, hafsalam pir bo'ldi. 😞 👎",negative
5582,"Toshkentdagi sayohatim ajoyib o'tdi, xizmatlar hammasi darajasida, zo'r bo'ldi. 😍",positive
5583,"🤩 ✨ kofe sotib oldim, narxi arzon emas, lekin sifati uchun mamnunman.",positive
5584,"🤔 kitob haqida fikrlar turlicha, hozircha oddatdagidek.",neutral
5585,kommentlarni o'qib rostdan ham zor 🥰,positive
5586,"🤔 ℹ️ planshet haqida fikrlar turlicha, hozircha shunchaki ma'lumot uchun.",neutral
5587,"sayt bo'yicha blog postini ko'rdim, fikir yo'q",neutral
5588,"👎 Facebookdagi reklamalar juda asabga tegayapti, juda jahlim chiqdi.",negative
5589,kommentlarni o'qib rostdan ham kontent yoqdi 😁,positive
5590,"bugungi texnika mavzusi zerikarli bo'ldi, zerikarli 😭",negative
5591,"folloverlar juda chiroyli tushuntiribdi, top 😄",positive
5592,"Twitterda yangi kofe haqida post ko'rdim, menga juda yoqdi, kayfiyatim ko'tarildi. 🥰 😎",positive
5593,"ertaga Xivaga bordim, hamma narsa juda xursand bo'ldim.",positive
5594,"kofe sotib oldim, narxi arzon emas, lekin sifati uchun yoqib qoldi. 😎 😄",positive
5595,"kitob sotib oldim, narxi arzon emas, lekin sifati uchun zo'r bo'ldi. 🤩 🥰",positive
5596,super 👍,positive
5597,🤬 👎 👎 =/,negative
5598,"shu hafta Andijonga bordim, hamma narsa juda xursand bo'ldim. ✨",positive
5599,"admin juda chiroyli tushuntiribdi, zor",positive
5600,kommentlarni o'qib rostdan ham super 👍,positive
5601,"iPhone 15 sotib oldim, narxi arzon emas, lekin sifati uchun juda xursand bo'ldim. 🥰 😁",positive
5602,"aka juda chiroyli tushuntiribdi, otliii 👍",positive
5603,"Samarqandga borish rejam buzildi, chiptalar bilan muammo bo'ldi, juda jahlim chiqdi. 😞 👎",negative
5604,"shu hafta Samarqandda konferensiya bo'lib o'tdi, men faqat qatnashdim, shunchaki ma'lumot uchun. 🙄",neutral
5605,"🥰 Yangi bank xizmati ishga tushdi, hozircha hammasi yaxshi ishlayapti, kayfiyatim ko'tarildi.",positive
5606,otliii :D,positive
5607,"o'tgan oy direktor bilan qisqa suhbatlashdim, shunchaki ma'lumot uchun. 😐 🤔",neutral
5608,"bugungi servis haqidagi kino videolari yoqdi, otliii 🤩",positive
5609,"bugungi post haqidagi talim videolari yoqdi, rahmat, zo'r ekan 😄",positive
5610,"Toshkentga borish rejam buzildi, chiptalar bilan muammo bo'ldi, afsuslandim. 👎",negative
5611,"kecha hamkasbim bilan qisqa suhbatlashdim, shunchaki ma'lumot uchun.",neutral
5612,"✨ 😍 bugun Namanganga bordim, hamma narsa mamnunman.",positive
5613,"kecha Buxoroga bordim, hamma narsa yoqib qoldi. 😍 😁",positive
5614,"Facebookda yangi noutbuk haqida post ko'rdim, menga juda yoqdi, mamnunman.",positive
5615,"Twitterda yangi Redmi Note 13 haqida post ko'rdim, menga juda yoqdi, juda xursand bo'ldim. ✨",positive
5616,"🙄 Namangan haqida yangilik o'qidim, hech qanday o'zgarish sezilmadi.",neutral
5617,"🥰 kelasi oy Namanganga bordim, hamma narsa yoqib qoldi.",positive
5618,"bugun Buxoroda imtihon bo'lib o'tdi, men faqat qatnashdim, hech qanday o'zgarish sezilmadi. 📌",neutral
5619,"Qo'qonga borish rejam buzildi, chiptalar bilan muammo bo'ldi, xafa bo'ldim. 😢 😡",negative
5620,ℹ️ ℹ️ ...,neutral
5621,"shu hafta Buxoroda seminar bo'lib o'tdi, men faqat qatnashdim, hech qanday o'zgarish sezilmadi.",neutral
5622,"✨ uchrashuv juda samarali o'tdi, o'qituvchi tushuntirgan mavzu juda foydali bo'ldi, mamnunman.",positive
5623,"😞 direktor va'da qilgan ishini bajarmadi, natijadan umuman yoqmadi.",negative
5624,✍️ 😐,neutral
5625,"😊 Yangi internet xizmati ishga tushdi, hozircha hammasi yaxshi ishlayapti, zo'r bo'ldi.",positive
5626,"ertaga Toshkentda bo'lgan dars menga umuman yoqmadi, umuman yoqmadi.",negative
5627,"hamma umuman tushuntira olmadi, aldashdi 💔",negative
5628,"kecha Samarqandga bordim, hamma narsa mamnunman.",positive
5629,"bugun Namanganga bordim, hamma narsa juda xursand bo'ldim. 👍",positive
5630,"Facebookda yangi Samsung A55 haqida post ko'rdim, menga juda yoqdi, kayfiyatim ko'tarildi. 😁",positive
5631,"YouTubedagi reklamalar juda asabga tegayapti, noroziman.",negative
5632,"😍 Yangi ilova ishga tushdi, hozircha hammasi yaxshi ishlayapti, mamnunman.",positive
5633,"telegram kanal bo'yicha yangiliklar mavzusi zo'r chiqibdi, menga yoqdi",positive
5634,"😭 Facebookdagi reklamalar juda asabga tegayapti, xafa bo'ldim.",negative
5635,"😢 Facebookdagi reklamalar juda asabga tegayapti, juda jahlim chiqdi.",negative
5636,pulga achindim 😢,negative
5637,"ℹ️ 📌 YouTubeda planshet haqida e'lon ko'rdim, hozircha faqat ma'lumot yig'ayapman, neytral qarayman.",neutral
5638,"😁 Farg'onadagi sayohatim ajoyib o'tdi, xizmatlar hammasi darajasida, mamnunman.",positive
5639,kommentlarni o'qib rostdan ham rosa yoqdi 🤩,positive
5640,"o'qib qo'ydim xolos, hech narsa o'zgarmadi !?",neutral
5641,"kecha Xivada konferensiya bo'lib o'tdi, men faqat qatnashdim, neytral qarayman. 📌",neutral
5642,"bugungi kino mavzusi zerikarli bo'ldi, juda yomon 🤬",negative
5643,"🤔 Twitterda kitob haqida e'lon ko'rdim, hozircha faqat ma'lumot yig'ayapman, hech qanday o'zgarish sezilmadi.",neutral
5644,"shu hafta Andijonga bordim, hamma narsa yoqib qoldi. 👍 😎",positive
5645,"post bo'yicha futbol postini ko'rdim, kulib qo'ydim xolos 😶",neutral
5646,"😎 😁 o'tgan oy Samarqandga bordim, hamma narsa hayratda qoldim.",positive
5647,"bugungi oyin haqidagi yangiliklar videolari yoqdi, zor <3",positive
5648,"ilova bilan muammo chiqdi, qo'llab-quvvatlash xizmati javob bermadi, afsuslandim. 😭 😡",negative
5649,"Instagramda aviachiptalar haqida e'lon ko'rdim, hozircha faqat ma'lumot yig'ayapman, oddatdagidek.",neutral
5650,"😊 🤩 Yangi dastur ishga tushdi, hozircha hammasi yaxshi ishlayapti, yoqib qoldi.",positive
5651,fikir yo'q 📌,neutral
5652,kontent yoqdi 👍,positive
5653,"Xiva haqida yangilik o'qidim, oddiy bo'ldi. ℹ️",neutral
5654,"odamlar nimadir yozibdi, lekin men uchun bilmayman ✍️",neutral
5655,"😞 😭 kuryer xizmati bilan muammo chiqdi, qo'llab-quvvatlash xizmati javob bermadi, xafa bo'ldim.",negative
5656,"Farg'onaga borish rejam buzildi, chiptalar bilan muammo bo'ldi, noroziman.",negative
5657,"o'tgan oy Xivada bo'lgan uchrashuv menga umuman yoqmadi, noroziman.",negative
5658,"😶 Facebookda Redmi Note 13 haqida e'lon ko'rdim, hozircha faqat ma'lumot yig'ayapman, hech qanday o'zgarish sezilmadi.",neutral
5659,kommentlarni o'qib rostdan ham rosa yoqdi ❤️,positive
5660,"Buxoroga borish rejam buzildi, chiptalar bilan muammo bo'ldi, noroziman. 👎 😭",negative
5661,"noutbuk sotib oldim, narxi arzon emas, lekin sifati uchun zo'r bo'ldi. 👍",positive
5662,"Instagramda iPhone 15 haqida e'lon ko'rdim, hozircha faqat ma'lumot yig'ayapman, neytral qarayman. 🤔 🙄",neutral
5663,"o'tgan oy Qo'qonga bordim, hamma narsa juda xursand bo'ldim. 😁",positive
5664,"ertaga Xivaga bordim, hamma narsa juda xursand bo'ldim. 😄",positive
5665,"📌 shu hafta Samarqandda imtihon bo'lib o'tdi, men faqat qatnashdim, oddiy bo'ldi.",neutral
5666,"😊 Yangi telefon operatori ishga tushdi, hozircha hammasi yaxshi ishlayapti, kayfiyatim ko'tarildi.",positive
5667,"kommentlarda hammasi urush, servis noldan ham past :'(",negative
5668,"shu hafta Qo'qonga bordim, hamma narsa mamnunman.",positive
5669,"😁 Xivadagi sayohatim ajoyib o'tdi, xizmatlar hammasi darajasida, kayfiyatim ko'tarildi.",positive
5670,"😊 Samarqanddagi sayohatim ajoyib o'tdi, xizmatlar hammasi darajasida, kayfiyatim ko'tarildi.",positive
5671,"bugun kino bo'yicha faqat kuzatib turdim, fikir yo'q 📌",neutral
5672,"bugun Qo'qonda bo'lgan imtihon menga umuman yoqmadi, hafsalam pir bo'ldi. 😡",negative
5673,"folloverlar juda chiroyli tushuntiribdi, menga yoqdi 🥰",positive
5674,"Toshkent haqida yangilik o'qidim, shunchaki ma'lumot uchun. 😐",neutral
5675,"kecha Buxoroda seminar bo'lib o'tdi, men faqat qatnashdim, oddatdagidek.",neutral
5676,"bugun Xivaga bordim, hamma narsa mamnunman. 🤩 👍",positive
5677,"shu hafta Buxoroda bo'lgan konferensiya menga umuman yoqmadi, umuman yoqmadi. 💔 😢",negative
5678,"professor va'da qilgan ishini bajarmadi, natijadan hafsalam pir bo'ldi.",negative
5679,"internet bo'yicha futbol mavzusi zo'r chiqibdi, yaxshi ishlayapti 😍",positive
5680,"🙄 Buxoro haqida yangilik o'qidim, oddatdagidek.",neutral
5681,"bugun Samarqandda seminar bo'lib o'tdi, men faqat qatnashdim, neytral qarayman.",neutral
5682,bunaqa kontent ko'proq bo'lsa zo'r bo'lardi 😍,positive
5683,"kommentlarni o'qidim, kulib qo'ydim xolos ℹ️",neutral
5684,"do'stim va'da qilgan ishini bajarmadi, natijadan hafsalam pir bo'ldi.",negative
5685,"Facebookda Samsung A55 haqida e'lon ko'rdim, hozircha faqat ma'lumot yig'ayapman, hech qanday o'zgarish sezilmadi.",neutral
5686,"planshet sotib oldim, narxi arzon emas, lekin sifati uchun mamnunman. 😍",positive
5687,"👍 iPhone 15 sotib oldim, narxi arzon emas, lekin sifati uchun mamnunman.",positive
5688,💔 😞,negative
5689,"admin juda chiroyli tushuntiribdi, bombaaa 😊",positive
5690,"👍 Farg'onadagi sayohatim ajoyib o'tdi, xizmatlar hammasi darajasida, yoqib qoldi.",positive
5691,"😐 Farg'ona haqida yangilik o'qidim, neytral qarayman.",neutral
5692,"o'tgan oy Andijonga bordim, hamma narsa hayratda qoldim.",positive
5693,"bugungi servis haqidagi siyosat videolari yoqdi, otliii",positive
5694,"😶 Twitterda aviachiptalar haqida e'lon ko'rdim, hozircha faqat ma'lumot yig'ayapman, neytral qarayman.",neutral
5695,info uchun :|,neutral
5696,"bugungi servis haqidagi siyosat videolari yoqdi, top 🥰",positive
5697,"✨ bugun Andijonga bordim, hamma narsa yoqib qoldi.",positive
5698,"ℹ️ 🤔 kuryer xizmati bo'yicha yangilanish chiqdi, lekin hozircha hech qanday o'zgarish sezilmadi.",neutral
5699,"majlis juda samarali o'tdi, do'stim tushuntirgan mavzu juda foydali bo'ldi, kayfiyatim ko'tarildi.",positive
5700,"😎 kitob sotib oldim, narxi arzon emas, lekin sifati uchun hayratda qoldim.",positive
5701,"ertaga Buxoroga bordim, hamma narsa zo'r bo'ldi. 😍",positive
5702,"bugun Namanganda uchrashuv bo'lib o'tdi, men faqat qatnashdim, neytral qarayman. 🤔",neutral
5703,"kecha direktor bilan qisqa suhbatlashdim, shunchaki ma'lumot uchun.",neutral
5704,"😐 mijozlarga xizmat ko'rsatish bo'yicha yangilanish chiqdi, lekin hozircha shunchaki ma'lumot uchun.",neutral
5705,"🤔 Redmi Note 13 haqida fikrlar turlicha, hozircha hech qanday o'zgarish sezilmadi.",neutral
5706,"Redmi Note 13 sotib oldim, narxi arzon emas, lekin sifati uchun juda xursand bo'ldim. 😄",positive
5707,kontent yoqdi 😎,positive
5708,"uchrashuv juda samarali o'tdi, rahbar tushuntirgan mavzu juda foydali bo'ldi, mamnunman. 😊",positive
5709,"aviachiptalar haqida fikrlar turlicha, hozircha neytral qarayman. 🙄",neutral
5710,"bugungi telegram kanal haqidagi musiqa videolari yoqdi, klass ✨",positive
5711,"🙄 ℹ️ ertaga rahbar bilan qisqa suhbatlashdim, oddatdagidek.",neutral
5712,"😄 Yangi mijozlarga xizmat ko'rsatish ishga tushdi, hozircha hammasi yaxshi ishlayapti, zo'r bo'ldi.",positive
5713,"kitob sotib oldim, narxi arzon emas, lekin sifati uchun zo'r bo'ldi. ✨",positive
5714,"shu hafta hamkasbim bilan qisqa suhbatlashdim, shunchaki ma'lumot uchun. 🙄",neutral
5715,"o'qituvchi va'da qilgan ishini bajarmadi, natijadan noroziman. 😞",negative
5716,"bugun dekan bilan qisqa suhbatlashdim, hech qanday o'zgarish sezilmadi. ℹ️",neutral
5717,servis noldan ham past >:(,negative
5718,"konferensiya juda samarali o'tdi, direktor tushuntirgan mavzu juda foydali bo'ldi, hayratda qoldim.",positive
5719,"iPhone 15 sotib oldim, narxi arzon emas, lekin sifati uchun kayfiyatim ko'tarildi.",positive
5720,"aviachiptalar sotib oldim, narxi arzon emas, lekin sifati uchun hayratda qoldim. 😊",positive
5721,"iPhone 15 sotib oldim, narxi arzon emas, lekin sifati uchun juda xursand bo'ldim. 😍",positive
5722,otliii 👍,positive
5723,"Yangi telefon operatori ishga tushdi, hozircha hammasi yaxshi ishlayapti, zo'r bo'ldi. 👍",positive
5724,"😶 😐 kofe haqida fikrlar turlicha, hozircha oddatdagidek.",neutral
5725,"o'qib qo'ydim xolos, hech narsa o'zgarmadi",neutral
5726,"Instagramdagi reklamalar juda asabga tegayapti, juda jahlim chiqdi. 😞",negative
5727,"Buxoro haqida yangilik o'qidim, neytral qarayman.",neutral
5728,"o'tgan oy Samarqandda majlis bo'lib o'tdi, men faqat qatnashdim, shunchaki ma'lumot uchun.",neutral
5729,"🙄 Telegramda aviachiptalar haqida e'lon ko'rdim, hozircha faqat ma'lumot yig'ayapman, oddiy bo'ldi.",neutral
5730,"planshet sotib oldim, narxi arzon emas, lekin sifati uchun kayfiyatim ko'tarildi. ✨",positive
5731,"Yangi ilova ishga tushdi, hozircha hammasi yaxshi ishlayapti, yoqib qoldi. 😁",positive
5732,"bugun Qo'qonga bordim, hamma narsa mamnunman.",positive
5733,"ilova bo'yicha kommentlar mavzusi zo'r chiqibdi, otliii",positive
5734,"uchrashuv juda samarali o'tdi, rahbar tushuntirgan mavzu juda foydali bo'ldi, juda xursand bo'ldim.",positive
5735,"shu hafta Xivada bo'lgan dars menga umuman yoqmadi, juda jahlim chiqdi. 🤬",negative
5736,"bugungi blog mavzusi zerikarli bo'ldi, nogiron qilindi 😢",negative
5737,"Yangi ilova ishga tushdi, hozircha hammasi yaxshi ishlayapti, yoqib qoldi. 🥰",positive
5738,"Twitterda yangi kofe haqida post ko'rdim, menga juda yoqdi, yoqib qoldi. 🥰",positive
5739,"😍 Facebookda yangi aviachiptalar haqida post ko'rdim, menga juda yoqdi, hayratda qoldim.",positive
5740,rosa yoqdi ;),positive
5741,"bugungi siyosat mavzusi zerikarli bo'ldi, bunday bo'lmasligi kerak edi 😭",negative
5742,"😁 🥰 kitob sotib oldim, narxi arzon emas, lekin sifati uchun hayratda qoldim.",positive
5743,"😍 iPhone 15 sotib oldim, narxi arzon emas, lekin sifati uchun juda xursand bo'ldim.",positive
5744,"Redmi Note 13 sotib oldim, narxi arzon emas, lekin sifati uchun yoqib qoldi. 🤩 😁",positive
5745,"majlis juda samarali o'tdi, dekan tushuntirgan mavzu juda foydali bo'ldi, juda xursand bo'ldim. 🤩",positive
5746,"🤩 😎 kofe sotib oldim, narxi arzon emas, lekin sifati uchun zo'r bo'ldi.",positive
5747,umuman yoqmaydi :'(,negative
5748,"🥰 😊 Twitterda yangi iPhone 15 haqida post ko'rdim, menga juda yoqdi, kayfiyatim ko'tarildi.",positive
5749,"🙄 ℹ️ Telegramda planshet haqida e'lon ko'rdim, hozircha faqat ma'lumot yig'ayapman, oddatdagidek.",neutral
5750,"shu hafta direktor bilan qisqa suhbatlashdim, oddiy bo'ldi. 😶",neutral
5751,"uchrashuv juda samarali o'tdi, do'stim tushuntirgan mavzu juda foydali bo'ldi, yoqib qoldi. 👍",positive
5752,"📌 Instagramda aviachiptalar haqida e'lon ko'rdim, hozircha faqat ma'lumot yig'ayapman, oddatdagidek.",neutral
5753,"planshet sotib oldim, narxi arzon emas, lekin sifati uchun hayratda qoldim. 😎",positive
5754,"kecha Toshkentda dars bo'lib o'tdi, men faqat qatnashdim, oddiy bo'ldi. 😐",neutral
5755,"ℹ️ ertaga Buxoroda konferensiya bo'lib o'tdi, men faqat qatnashdim, shunchaki ma'lumot uchun.",neutral
5756,"professor va'da qilgan ishini bajarmadi, natijadan xafa bo'ldim. 😡",negative
5757,"Facebookdagi reklamalar juda asabga tegayapti, juda jahlim chiqdi.",negative
5758,"kofe sifati kutilganidek emas, juda sust ishlayapti, hafsalam pir bo'ldi. 👎 😭",negative
5759,zor,positive
5760,"folloverlar nimadir yozibdi, lekin men uchun info uchun ...",neutral
5761,"odamlar nimadir yozibdi, lekin men uchun info uchun 😐",neutral
5762,"bugun Xivaga bordim, hamma narsa mamnunman.",positive
5763,🥰 ✨ 🤩 <3,positive
5764,"✨ Instagramda yangi Redmi Note 13 haqida post ko'rdim, menga juda yoqdi, hayratda qoldim.",positive
5765,"🤩 Twitterda yangi kitob haqida post ko'rdim, menga juda yoqdi, zo'r bo'ldi.",positive
5766,"YouTubeda noutbuk haqida e'lon ko'rdim, hozircha faqat ma'lumot yig'ayapman, neytral qarayman.",neutral
5767,"telefon operatori bo'yicha yangilanish chiqdi, lekin hozircha oddiy bo'ldi. 😶",neutral
5768,"bugun Samarqandga bordim, hamma narsa mamnunman.",positive
5769,"kuryer xizmati bilan muammo chiqdi, qo'llab-quvvatlash xizmati javob bermadi, hafsalam pir bo'ldi. 💔 😔",negative
5770,"planshet sotib oldim, narxi arzon emas, lekin sifati uchun juda xursand bo'ldim. 😍",positive
5771,"😐 ertaga Samarqandda seminar bo'lib o'tdi, men faqat qatnashdim, oddatdagidek.",neutral
5772,"odamlar nimadir yozibdi, lekin men uchun shunchaki ...",neutral
5773,nogiron qilindi 💔,negative
5774,"bugungi video haqidagi talim videolari yoqdi, klass 😄",positive
5775,"😁 Xivadagi sayohatim ajoyib o'tdi, xizmatlar hammasi darajasida, hayratda qoldim.",positive
5776,"Buxorodagi sayohatim ajoyib o'tdi, xizmatlar hammasi darajasida, juda xursand bo'ldim. 😄",positive
5777,😍 ❤️ 😊 🤩,positive
5778,"Telegramda Redmi Note 13 haqida e'lon ko'rdim, hozircha faqat ma'lumot yig'ayapman, oddatdagidek. 😶",neutral
5779,🥰 😄 🥰 😊,positive
5780,"Twitterda yangi Redmi Note 13 haqida post ko'rdim, menga juda yoqdi, hayratda qoldim. 😍 😁",positive
5781,"bloger juda chiroyli tushuntiribdi, yaxshi ishlayapti ✨",positive
5782,"Toshkentga borish rejam buzildi, chiptalar bilan muammo bo'ldi, noroziman. 😭",negative
5783,"ℹ️ kecha Samarqandda imtihon bo'lib o'tdi, men faqat qatnashdim, shunchaki ma'lumot uchun.",neutral
5784,"o'tgan oy Xivada majlis bo'lib o'tdi, men faqat qatnashdim, oddiy bo'ldi. 🙄 😶",neutral
5785,"Samarqand haqida yangilik o'qidim, hech qanday o'zgarish sezilmadi. 🤔 🙄",neutral
5786,<3 😎 😍 👍,positive
5787,"hamma juda chiroyli tushuntiribdi, yaxshi ishlayapti 😍",positive
5788,"Yangi telefon operatori ishga tushdi, hozircha hammasi yaxshi ishlayapti, mamnunman. 👍",positive
5789,"kecha Samarqandda dars bo'lib o'tdi, men faqat qatnashdim, shunchaki ma'lumot uchun.",neutral
5790,"bugun musiqa bo'yicha faqat kuzatib turdim, ok 🤔",neutral
5791,"😠 Xivaga borish rejam buzildi, chiptalar bilan muammo bo'ldi, xafa bo'ldim.",negative
5792,"shu hafta Andijonda bo'lgan uchrashuv menga umuman yoqmadi, afsuslandim.",negative
5793,"bugungi blog mavzusi zerikarli bo'ldi, bekor ekan 💔",negative
5794,"konferensiya juda samarali o'tdi, dekan tushuntirgan mavzu juda foydali bo'ldi, zo'r bo'ldi. 🥰",positive
5795,😞,negative
5796,"bugungi kino mavzusi zerikarli bo'ldi, qattiq hafsalam pir bo'ldi 🤬",negative
5797,"konferensiya juda samarali o'tdi, hamkasbim tushuntirgan mavzu juda foydali bo'ldi, zo'r bo'ldi. 😁 🥰",positive
5798,"Twitterda iPhone 15 haqida e'lon ko'rdim, hozircha faqat ma'lumot yig'ayapman, oddiy bo'ldi.",neutral
5799,"Twitterda aviachiptalar haqida e'lon ko'rdim, hozircha faqat ma'lumot yig'ayapman, hech qanday o'zgarish sezilmadi.",neutral
5800,"konferensiya juda samarali o'tdi, dekan tushuntirgan mavzu juda foydali bo'ldi, zo'r bo'ldi. 😄 😊",positive
5801,"😁 seminar juda samarali o'tdi, professor tushuntirgan mavzu juda foydali bo'ldi, hayratda qoldim.",positive
5802,"konferensiya juda samarali o'tdi, hamkasbim tushuntirgan mavzu juda foydali bo'ldi, hayratda qoldim.",positive
5803,"planshet sotib oldim, narxi arzon emas, lekin sifati uchun yoqib qoldi. 🥰",positive
5804,:( 😡 😔,negative
5805,"😞 Xivaga borish rejam buzildi, chiptalar bilan muammo bo'ldi, juda jahlim chiqdi.",negative
5806,"😔 Samarqandga borish rejam buzildi, chiptalar bilan muammo bo'ldi, hafsalam pir bo'ldi.",negative
5807,"😊 kitob sotib oldim, narxi arzon emas, lekin sifati uchun kayfiyatim ko'tarildi.",positive
5808,"aka juda chiroyli tushuntiribdi, top <3",positive
5809,"Farg'onaga borish rejam buzildi, chiptalar bilan muammo bo'ldi, hafsalam pir bo'ldi. 😭",negative
5810,😄 :) 😊 :D,positive
5811,"shu hafta o'qituvchi bilan qisqa suhbatlashdim, neytral qarayman. 😶 😐",neutral
5812,"✨ 😊 majlis juda samarali o'tdi, professor tushuntirgan mavzu juda foydali bo'ldi, hayratda qoldim.",positive
5813,bombaaa =),positive
5814,"imtihon juda samarali o'tdi, direktor tushuntirgan mavzu juda foydali bo'ldi, zo'r bo'ldi. 😊",positive
5815,"direktor va'da qilgan ishini bajarmadi, natijadan hafsalam pir bo'ldi. 😞 😡",negative
5816,"😭 direktor va'da qilgan ishini bajarmadi, natijadan noroziman.",negative
5817,"imtihon juda samarali o'tdi, rahbar tushuntirgan mavzu juda foydali bo'ldi, mamnunman.",positive
5818,"Toshkentga borish rejam buzildi, chiptalar bilan muammo bo'ldi, noroziman. 😞",negative
5819,fikir yo'q :|,neutral
5820,"admin nimadir yozibdi, lekin men uchun ok 🤔",neutral
5821,"😄 👍 Telegramda yangi iPhone 15 haqida post ko'rdim, menga juda yoqdi, kayfiyatim ko'tarildi.",positive
5822,"uchrashuv juda samarali o'tdi, rahbar tushuntirgan mavzu juda foydali bo'ldi, mamnunman. ✨",positive
5823,"kommentlarda hammasi urush, bunday bo'lmasligi kerak edi 😔",negative
5824,"Yangi telefon operatori ishga tushdi, hozircha hammasi yaxshi ishlayapti, hayratda qoldim. 😎",positive
5825,"bugun Andijonga bordim, hamma narsa yoqib qoldi.",positive
5826,"internet xizmati bilan muammo chiqdi, qo'llab-quvvatlash xizmati javob bermadi, noroziman. 😭 😭",negative
5827,"Namangandagi sayohatim ajoyib o'tdi, xizmatlar hammasi darajasida, mamnunman. 🥰",positive
5828,"aviachiptalar sifati kutilganidek emas, juda sust ishlayapti, juda jahlim chiqdi.",negative
5829,"dastur bo'yicha siyosat mavzusi zo'r chiqibdi, top 😄",positive
5830,"Farg'onaga borish rejam buzildi, chiptalar bilan muammo bo'ldi, noroziman. 😠",negative
5831,"bank xizmati bilan muammo chiqdi, qo'llab-quvvatlash xizmati javob bermadi, afsuslandim. 🤬 🤬",negative
5832,"kommentlarda hammasi urush, nogiron qilindi 💔",negative
5833,"kofe sifati kutilganidek emas, juda sust ishlayapti, xafa bo'ldim.",negative
5834,"😊 imtihon juda samarali o'tdi, direktor tushuntirgan mavzu juda foydali bo'ldi, zo'r bo'ldi.",positive
5835,"Twitterda kofe haqida e'lon ko'rdim, hozircha faqat ma'lumot yig'ayapman, shunchaki ma'lumot uchun.",neutral
5836,"🤔 telefon operatori bo'yicha yangilanish chiqdi, lekin hozircha hech qanday o'zgarish sezilmadi.",neutral
5837,!? ...,neutral
5838,"ertaga rahbar bilan qisqa suhbatlashdim, neytral qarayman. 🤔",neutral
5839,"telegram kanal bo'yicha futbol mavzusi zo'r chiqibdi, kontent yoqdi 👍",positive
5840,"😶 kofe haqida fikrlar turlicha, hozircha oddatdagidek.",neutral
5841,"YouTubedagi reklamalar juda asabga tegayapti, noroziman. 😠 😔",negative
5842,"uchrashuv juda samarali o'tdi, do'stim tushuntirgan mavzu juda foydali bo'ldi, zo'r bo'ldi.",positive
5843,"Telegramda yangi kofe haqida post ko'rdim, menga juda yoqdi, kayfiyatim ko'tarildi. 😁",positive
5844,"professor va'da qilgan ishini bajarmadi, natijadan xafa bo'ldim. 👎 👎",negative
5845,"kuryer xizmati bilan muammo chiqdi, qo'llab-quvvatlash xizmati javob bermadi, juda jahlim chiqdi. 💔 👎",negative
5846,"👎 Qo'qonga borish rejam buzildi, chiptalar bilan muammo bo'ldi, hafsalam pir bo'ldi.",negative
5847,"😢 😠 hamkasbim va'da qilgan ishini bajarmadi, natijadan juda jahlim chiqdi.",negative
5848,"bugun blog bo'yicha faqat kuzatib turdim, bilmayman",neutral
5849,"oyin bo'yicha texnika mavzusi zo'r chiqibdi, kontent yoqdi ✨",positive
5850,"Toshkentga borish rejam buzildi, chiptalar bilan muammo bo'ldi, hafsalam pir bo'ldi. 😭 😞",negative
5851,"kelasi oy Buxoroda imtihon bo'lib o'tdi, men faqat qatnashdim, oddiy bo'ldi.",neutral
5852,"ertaga do'stim bilan qisqa suhbatlashdim, neytral qarayman.",neutral
5853,🔥 😁 😁 =),positive
5854,ko'rdim xolos 😶,neutral
5855,"bugungi oyin haqidagi yangiliklar videolari yoqdi, gap yo'q 😎",positive
5856,"Redmi Note 13 haqida fikrlar turlicha, hozircha shunchaki ma'lumot uchun. 😶",neutral
5857,"✨ iPhone 15 sotib oldim, narxi arzon emas, lekin sifati uchun juda xursand bo'ldim.",positive
5858,"Yangi ilova ishga tushdi, hozircha hammasi yaxshi ishlayapti, kayfiyatim ko'tarildi. 😎",positive
5859,"Twitterda yangi aviachiptalar haqida post ko'rdim, menga juda yoqdi, zo'r bo'ldi.",positive
5860,"Twitterda yangi kofe haqida post ko'rdim, menga juda yoqdi, mamnunman.",positive
5861,!? ✍️,neutral
5862,"kelasi oy Toshkentga bordim, hamma narsa juda xursand bo'ldim.",positive
5863,"shu hafta Xivaga bordim, hamma narsa mamnunman. 🤩 🤩",positive
5864,rosa yoqdi 🥰,positive
5865,"o'tgan oy Samarqandga bordim, hamma narsa hayratda qoldim. 🥰",positive
5866,;) :) 😍,positive
5867,"shu hafta Andijonda majlis bo'lib o'tdi, men faqat qatnashdim, oddiy bo'ldi. 😶 🤔",neutral
5868,"Twitterda yangi noutbuk haqida post ko'rdim, menga juda yoqdi, yoqib qoldi.",positive
5869,"kommentlarda hammasi urush, aldashdi :(",negative
5870,"😄 YouTubeda yangi aviachiptalar haqida post ko'rdim, menga juda yoqdi, kayfiyatim ko'tarildi.",positive
5871,"🥰 imtihon juda samarali o'tdi, direktor tushuntirgan mavzu juda foydali bo'ldi, kayfiyatim ko'tarildi.",positive
5872,"bugungi kino mavzusi zerikarli bo'ldi, hech nima tushunmadim",negative
5873,"Telegramda planshet haqida e'lon ko'rdim, hozircha faqat ma'lumot yig'ayapman, hech qanday o'zgarish sezilmadi.",neutral
5874,"kitob sifati kutilganidek emas, juda sust ishlayapti, juda jahlim chiqdi.",negative
5875,"o'tgan oy Buxoroga bordim, hamma narsa kayfiyatim ko'tarildi. 🤩",positive
5876,"shu hafta do'stim bilan qisqa suhbatlashdim, oddatdagidek. 😶",neutral
5877,"do'stlar juda chiroyli tushuntiribdi, klass ❤️",positive
5878,"🤔 🙄 noutbuk haqida fikrlar turlicha, hozircha oddatdagidek.",neutral
5879,"Telegramda iPhone 15 haqida e'lon ko'rdim, hozircha faqat ma'lumot yig'ayapman, oddiy bo'ldi. 🤔 🤔",neutral
5880,norm ℹ️,neutral
5881,"ertaga o'qituvchi bilan qisqa suhbatlashdim, oddatdagidek. 🙄",neutral
5882,"😁 Yangi bank xizmati ishga tushdi, hozircha hammasi yaxshi ishlayapti, mamnunman.",positive
5883,"bugun do'stim bilan qisqa suhbatlashdim, oddatdagidek. 📌 ℹ️",neutral
5884,"uchrashuv juda samarali o'tdi, dekan tushuntirgan mavzu juda foydali bo'ldi, zo'r bo'ldi. 🥰",positive
5885,>:( 👎,negative
5886,"ℹ️ iPhone 15 haqida fikrlar turlicha, hozircha oddatdagidek.",neutral
5887,"😐 o'tgan oy Andijonda konferensiya bo'lib o'tdi, men faqat qatnashdim, oddatdagidek.",neutral
5888,"kommentlarda hammasi urush, yoqmadi 🤦‍♂️",negative
5889,"Telegramda yangi iPhone 15 haqida post ko'rdim, menga juda yoqdi, zo'r bo'ldi.",positive
5890,tavsiya etmayman :-/,negative
5891,"😎 😍 Yangi internet xizmati ishga tushdi, hozircha hammasi yaxshi ishlayapti, hayratda qoldim.",positive
5892,"Instagramda yangi aviachiptalar haqida post ko'rdim, menga juda yoqdi, mamnunman. 🥰 😄",positive
5893,"Instagramda yangi aviachiptalar haqida post ko'rdim, menga juda yoqdi, zo'r bo'ldi. 😄",positive
5894,"Namangandagi sayohatim ajoyib o'tdi, xizmatlar hammasi darajasida, kayfiyatim ko'tarildi. 😊",positive
5895,"😁 😎 Twitterda yangi Samsung A55 haqida post ko'rdim, menga juda yoqdi, juda xursand bo'ldim.",positive
5896,"ertaga Namanganga bordim, hamma narsa juda xursand bo'ldim.",positive
5897,"🥰 ertaga Buxoroga bordim, hamma narsa zo'r bo'ldi.",positive
5898,"😭 👎 Xivaga borish rejam buzildi, chiptalar bilan muammo bo'ldi, hafsalam pir bo'ldi.",negative
5899,"😍 Farg'onadagi sayohatim ajoyib o'tdi, xizmatlar hammasi darajasida, juda xursand bo'ldim.",positive
5900,"uchrashuv juda samarali o'tdi, o'qituvchi tushuntirgan mavzu juda foydali bo'ldi, yoqib qoldi. 👍",positive
5901,😞 =/ :(,negative
5902,"Xiva haqida yangilik o'qidim, oddatdagidek. 📌",neutral
5903,"dastur bo'yicha siyosat postini ko'rdim, shunchaki 😶",neutral
5904,"shu hafta professor bilan qisqa suhbatlashdim, hech qanday o'zgarish sezilmadi.",neutral
5905,"bank xizmati bilan muammo chiqdi, qo'llab-quvvatlash xizmati javob bermadi, xafa bo'ldim. 😭 😭",negative
5906,😐 ✍️,neutral
5907,"kofe sotib oldim, narxi arzon emas, lekin sifati uchun hayratda qoldim. 😁",positive
5908,"YouTubeda yangi noutbuk haqida post ko'rdim, menga juda yoqdi, mamnunman.",positive
5909,"post bo'yicha blog postini ko'rdim, kulib qo'ydim xolos 📌",neutral
5910,"👍 ✨ kofe sotib oldim, narxi arzon emas, lekin sifati uchun yoqib qoldi.",positive
5911,"🤩 🤩 imtihon juda samarali o'tdi, rahbar tushuntirgan mavzu juda foydali bo'ldi, kayfiyatim ko'tarildi.",positive
5912,"ℹ️ Twitterda kofe haqida e'lon ko'rdim, hozircha faqat ma'lumot yig'ayapman, neytral qarayman.",neutral
5913,"odamlar juda chiroyli tushuntiribdi, gap yo'q 😊",positive
5914,"shu hafta Toshkentga bordim, hamma narsa juda xursand bo'ldim. 😍",positive
5915,"bugun musiqa bo'yicha faqat kuzatib turdim, prosta savol ℹ️",neutral
5916,"kelasi oy Namanganga bordim, hamma narsa kayfiyatim ko'tarildi.",positive
5917,"oyin bo'yicha pul mavzusi zo'r chiqibdi, super 😁",positive
5918,"😞 😔 kelasi oy Andijonda bo'lgan dars menga umuman yoqmadi, juda jahlim chiqdi.",negative
5919,"😁 dars juda samarali o'tdi, dekan tushuntirgan mavzu juda foydali bo'ldi, zo'r bo'ldi.",positive
5920,"telegram kanal sifati yana tushib ketgan, umidsizlik 😔",negative
5921,"Xivaga borish rejam buzildi, chiptalar bilan muammo bo'ldi, xafa bo'ldim. 💔 👎",negative
5922,"Buxoroga borish rejam buzildi, chiptalar bilan muammo bo'ldi, juda jahlim chiqdi.",negative
5923,"shu hafta Qo'qonga bordim, hamma narsa kayfiyatim ko'tarildi.",positive
5924,"imtihon juda samarali o'tdi, direktor tushuntirgan mavzu juda foydali bo'ldi, yoqib qoldi. 😄",positive
5925,"imtihon juda samarali o'tdi, rahbar tushuntirgan mavzu juda foydali bo'ldi, kayfiyatim ko'tarildi.",positive
5926,"😶 😐 Xiva haqida yangilik o'qidim, oddiy bo'ldi.",neutral
5927,"iPhone 15 sotib oldim, narxi arzon emas, lekin sifati uchun zo'r bo'ldi.",positive
5928,"kecha Andijonga bordim, hamma narsa kayfiyatim ko'tarildi.",positive
5929,"shu hafta professor bilan qisqa suhbatlashdim, oddatdagidek.",neutral
5930,"bugungi talim mavzusi zerikarli bo'ldi, qattiq hafsalam pir bo'ldi 😔",negative
5931,"konferensiya juda samarali o'tdi, o'qituvchi tushuntirgan mavzu juda foydali bo'ldi, juda xursand bo'ldim.",positive
5932,"kecha Samarqandda seminar bo'lib o'tdi, men faqat qatnashdim, oddatdagidek.",neutral
5933,"😶 ilova bo'yicha yangilanish chiqdi, lekin hozircha shunchaki ma'lumot uchun.",neutral
5934,"bugungi telegram kanal haqidagi kino videolari yoqdi, gap yo'q ✨",positive
5935,"😎 o'tgan oy Buxoroga bordim, hamma narsa juda xursand bo'ldim.",positive
5936,"kofe haqida fikrlar turlicha, hozircha oddiy bo'ldi. 😶",neutral
5937,"😍 aviachiptalar sotib oldim, narxi arzon emas, lekin sifati uchun mamnunman.",positive
5938,"oyin sifati yana tushib ketgan, umuman yoqmaydi 💔",negative
5939,"😠 mijozlarga xizmat ko'rsatish bilan muammo chiqdi, qo'llab-quvvatlash xizmati javob bermadi, noroziman.",negative
5940,"Yangi mijozlarga xizmat ko'rsatish ishga tushdi, hozircha hammasi yaxshi ishlayapti, kayfiyatim ko'tarildi.",positive
5941,klass,positive
5942,"kuryer xizmati bo'yicha yangilanish chiqdi, lekin hozircha oddiy bo'ldi. 🙄 ℹ️",neutral
5943,"majlis juda samarali o'tdi, dekan tushuntirgan mavzu juda foydali bo'ldi, juda xursand bo'ldim.",positive
5944,"Yangi dastur ishga tushdi, hozircha hammasi yaxshi ishlayapti, juda xursand bo'ldim. 🤩",positive
5945,"bugun pul bo'yicha faqat kuzatib turdim, ok :|",neutral
5946,"bank xizmati bo'yicha yangilanish chiqdi, lekin hozircha hech qanday o'zgarish sezilmadi.",neutral
5947,"Facebookda yangi Samsung A55 haqida post ko'rdim, menga juda yoqdi, yoqib qoldi. ✨",positive
5948,"iPhone 15 sifati kutilganidek emas, juda sust ishlayapti, afsuslandim. 🤬 😠",negative
5949,📌 📌 ℹ️,neutral
5950,"o'tgan oy direktor bilan qisqa suhbatlashdim, neytral qarayman.",neutral
5951,"🤩 iPhone 15 sotib oldim, narxi arzon emas, lekin sifati uchun juda xursand bo'ldim.",positive
5952,"dars juda samarali o'tdi, direktor tushuntirgan mavzu juda foydali bo'ldi, hayratda qoldim.",positive
5953,"bugungi kommentlar mavzusi zerikarli bo'ldi, zerikarli",negative
5954,"kofe sifati kutilganidek emas, juda sust ishlayapti, noroziman. 😡",negative
5955,"shu hafta Andijonga bordim, hamma narsa yoqib qoldi.",positive
5956,🤩 =) 🔥 😊,positive
5957,"uchrashuv juda samarali o'tdi, dekan tushuntirgan mavzu juda foydali bo'ldi, juda xursand bo'ldim. 👍 ✨",positive
5958,"ertaga Farg'onaga bordim, hamma narsa juda xursand bo'ldim. 😁 😎",positive
5959,"😁 👍 majlis juda samarali o'tdi, dekan tushuntirgan mavzu juda foydali bo'ldi, yoqib qoldi.",positive
5960,"📌 ertaga dekan bilan qisqa suhbatlashdim, shunchaki ma'lumot uchun.",neutral
5961,"Yangi dastur ishga tushdi, hozircha hammasi yaxshi ishlayapti, mamnunman. 😊 👍",positive
5962,"👍 ertaga Buxoroga bordim, hamma narsa zo'r bo'ldi.",positive
5963,"hamma juda chiroyli tushuntiribdi, kontent yoqdi 🔥",positive
5964,"😐 Instagramda noutbuk haqida e'lon ko'rdim, hozircha faqat ma'lumot yig'ayapman, oddatdagidek.",neutral
5965,"bank xizmati bilan muammo chiqdi, qo'llab-quvvatlash xizmati javob bermadi, juda jahlim chiqdi. 🤬",negative
5966,info uchun 📌,neutral
5967,"YouTubeda aviachiptalar haqida e'lon ko'rdim, hozircha faqat ma'lumot yig'ayapman, neytral qarayman. 😶 😶",neutral
5968,😁 :D =),positive
5969,"seminar juda samarali o'tdi, hamkasbim tushuntirgan mavzu juda foydali bo'ldi, zo'r bo'ldi.",positive
5970,"👍 😊 bugun Samarqandga bordim, hamma narsa kayfiyatim ko'tarildi.",positive
5971,"do'stlar nimadir yozibdi, lekin men uchun norm",neutral
5972,"Andijondagi sayohatim ajoyib o'tdi, xizmatlar hammasi darajasida, hayratda qoldim. ✨",positive
5973,"kelasi oy Namanganda majlis bo'lib o'tdi, men faqat qatnashdim, shunchaki ma'lumot uchun. ℹ️",neutral
5974,"ℹ️ kelasi oy professor bilan qisqa suhbatlashdim, shunchaki ma'lumot uchun.",neutral
5975,"bugun direktor bilan qisqa suhbatlashdim, hech qanday o'zgarish sezilmadi. ℹ️ 📌",neutral
5976,kommentlarni o'qib rostdan ham menga yoqdi 😁,positive
5977,"Instagramda kitob haqida e'lon ko'rdim, hozircha faqat ma'lumot yig'ayapman, oddiy bo'ldi.",neutral
5978,"aviachiptalar sifati kutilganidek emas, juda sust ishlayapti, xafa bo'ldim.",negative
5979,"😎 seminar juda samarali o'tdi, hamkasbim tushuntirgan mavzu juda foydali bo'ldi, kayfiyatim ko'tarildi.",positive
5980,"internet xizmati bo'yicha yangilanish chiqdi, lekin hozircha hech qanday o'zgarish sezilmadi. 😐",neutral
5981,"🤔 ertaga Xivada majlis bo'lib o'tdi, men faqat qatnashdim, neytral qarayman.",neutral
5982,klass 😊,positive
5983,"shu hafta Namanganda imtihon bo'lib o'tdi, men faqat qatnashdim, oddiy bo'ldi.",neutral
5984,"🤬 😠 Instagramdagi reklamalar juda asabga tegayapti, hafsalam pir bo'ldi.",negative
5985,"😄 ✨ bugun Buxoroga bordim, hamma narsa mamnunman.",positive
5986,"😭 shu hafta Farg'onada bo'lgan imtihon menga umuman yoqmadi, umuman yoqmadi.",negative
5987,:'( 😠 😡,negative
5988,"bugungi oyin haqidagi texnika videolari yoqdi, chiqqan joyi yoqdi 😄",positive
5989,"video bo'yicha yangiliklar postini ko'rdim, kulib qo'ydim xolos 😐",neutral
5990,"😞 Samsung A55 sifati kutilganidek emas, juda sust ishlayapti, xafa bo'ldim.",negative
5991,"🤩 Instagramda yangi iPhone 15 haqida post ko'rdim, menga juda yoqdi, juda xursand bo'ldim.",positive
5992,"kommentlarda hammasi urush, bekor ekan",negative
5993,"Instagramda aviachiptalar haqida e'lon ko'rdim, hozircha faqat ma'lumot yig'ayapman, oddatdagidek. 😐",neutral
5994,"😊 kecha Namanganga bordim, hamma narsa yoqib qoldi.",positive
5995,bekor ketdi hamma narsasi >:(,negative
5996,"Samsung A55 sifati kutilganidek emas, juda sust ishlayapti, noroziman.",negative
5997,"ℹ️ Farg'ona haqida yangilik o'qidim, oddiy bo'ldi.",neutral
5998,"folloverlar juda chiroyli tushuntiribdi, otliii 😎",positive
5999,"Qo'qondagi sayohatim ajoyib o'tdi, xizmatlar hammasi darajasida, kayfiyatim ko'tarildi. 😄",positive
6000,"😎 Andijondagi sayohatim ajoyib o'tdi, xizmatlar hammasi darajasida, hayratda qoldim.",positive
6001,"🤩 😄 Telegramda yangi kofe haqida post ko'rdim, menga juda yoqdi, kayfiyatim ko'tarildi.",positive
6002,"😄 seminar juda samarali o'tdi, professor tushuntirgan mavzu juda foydali bo'ldi, mamnunman.",positive
6003,"hamma umuman tushuntira olmadi, yoqmadi 😔",negative
6004,😢 🤬,negative
6005,😡 💔,negative
6006,"😡 aviachiptalar sifati kutilganidek emas, juda sust ishlayapti, afsuslandim.",negative
6007,"o'qib qo'ydim xolos, prosta savol 🤔",neutral
6008,"😢 😡 kecha Samarqandda bo'lgan imtihon menga umuman yoqmadi, umuman yoqmadi.",negative
6009,"oyin bo'yicha texnika mavzusi zo'r chiqibdi, zor 🤩",positive
6010,"bugun dekan bilan qisqa suhbatlashdim, shunchaki ma'lumot uchun. 😶",neutral
6011,<3 🥰 ✨ 🤩,positive
6012,"Twitterda yangi iPhone 15 haqida post ko'rdim, menga juda yoqdi, yoqib qoldi.",positive
6013,😎 😎 😍,positive
6014,"o'tgan oy Toshkentda seminar bo'lib o'tdi, men faqat qatnashdim, oddiy bo'ldi.",neutral
6015,"shu hafta Qo'qonga bordim, hamma narsa hayratda qoldim. 😄",positive
6016,"instagram sahifa bo'yicha blog mavzusi zo'r chiqibdi, chiqqan joyi yoqdi 😍",positive
6017,"👎 iPhone 15 sifati kutilganidek emas, juda sust ishlayapti, umuman yoqmadi.",negative
6018,"🤩 Farg'onadagi sayohatim ajoyib o'tdi, xizmatlar hammasi darajasida, mamnunman.",positive
6019,"😠 Instagramdagi reklamalar juda asabga tegayapti, umuman yoqmadi.",negative
6020,"aviachiptalar sotib oldim, narxi arzon emas, lekin sifati uchun kayfiyatim ko'tarildi. 👍",positive
6021,"🥰 imtihon juda samarali o'tdi, dekan tushuntirgan mavzu juda foydali bo'ldi, juda xursand bo'ldim.",positive
6022,"dastur bilan muammo chiqdi, qo'llab-quvvatlash xizmati javob bermadi, hafsalam pir bo'ldi.",negative
6023,kommentlarni o'qib rostdan ham bombaaa 🤩,positive
6024,"👍 bugun Toshkentga bordim, hamma narsa hayratda qoldim.",positive
6025,"instagram sahifa bo'yicha blog postini ko'rdim, shunchaki 😶",neutral
6026,"bugungi ilova haqidagi blog videolari yoqdi, klass <3",positive
6027,"kommentlarni o'qidim, hech narsa o'zgarmadi",neutral
6028,"bugun kommentlar bo'yicha faqat kuzatib turdim, ko'rdim xolos 🤔",neutral
6029,"kecha rahbar bilan qisqa suhbatlashdim, hech qanday o'zgarish sezilmadi. 😶",neutral
6030,"YouTubedagi reklamalar juda asabga tegayapti, afsuslandim. 😢 👎",negative
6031,"internet bo'yicha musiqa postini ko'rdim, bilmayman 🤔",neutral
6032,"kelasi oy Samarqandga bordim, hamma narsa juda xursand bo'ldim. ✨ 🤩",positive
6033,"😠 😠 o'tgan oy Namanganda bo'lgan uchrashuv menga umuman yoqmadi, umuman yoqmadi.",negative
6034,"ilova bo'yicha yangilanish chiqdi, lekin hozircha oddiy bo'ldi. 😐 ℹ️",neutral
6035,"bloger nimadir yozibdi, lekin men uchun shunchaki 😐",neutral
6036,"kecha Namanganda dars bo'lib o'tdi, men faqat qatnashdim, oddatdagidek.",neutral
6037,"Samsung A55 sifati kutilganidek emas, juda sust ishlayapti, umuman yoqmadi. 😔",negative
6038,"Yangi telefon operatori ishga tushdi, hozircha hammasi yaxshi ishlayapti, kayfiyatim ko'tarildi. 😁",positive
6039,"Instagramda yangi planshet haqida post ko'rdim, menga juda yoqdi, hayratda qoldim.",positive
6040,"😎 👍 Buxorodagi sayohatim ajoyib o'tdi, xizmatlar hammasi darajasida, zo'r bo'ldi.",positive
6041,"shu hafta Namanganda konferensiya bo'lib o'tdi, men faqat qatnashdim, neytral qarayman.",neutral
6042,"✨ 👍 Facebookda yangi planshet haqida post ko'rdim, menga juda yoqdi, kayfiyatim ko'tarildi.",positive
6043,"o'tgan oy do'stim bilan qisqa suhbatlashdim, shunchaki ma'lumot uchun.",neutral
6044,;) 😊 😎 :),positive
6045,ℹ️ ℹ️ !?,neutral
6046,"seminar juda samarali o'tdi, direktor tushuntirgan mavzu juda foydali bo'ldi, kayfiyatim ko'tarildi.",positive
6047,"Yangi ilova ishga tushdi, hozircha hammasi yaxshi ishlayapti, zo'r bo'ldi.",positive
6048,😁 <3,positive
6049,"direktor va'da qilgan ishini bajarmadi, natijadan umuman yoqmadi. 😠",negative
6050,"admin nimadir yozibdi, lekin men uchun ok",neutral
6051,"🙄 bugun Xivada majlis bo'lib o'tdi, men faqat qatnashdim, shunchaki ma'lumot uchun.",neutral
6052,"Xivadagi sayohatim ajoyib o'tdi, xizmatlar hammasi darajasida, zo'r bo'ldi.",positive
6053,"🤩 Namangandagi sayohatim ajoyib o'tdi, xizmatlar hammasi darajasida, hayratda qoldim.",positive
6054,"o'tgan oy rahbar bilan qisqa suhbatlashdim, hech qanday o'zgarish sezilmadi. 🤔",neutral
6055,😎 🔥 =),positive
6056,"o'tgan oy o'qituvchi bilan qisqa suhbatlashdim, hech qanday o'zgarish sezilmadi.",neutral
6057,"majlis juda samarali o'tdi, rahbar tushuntirgan mavzu juda foydali bo'ldi, mamnunman.",positive
6058,"Instagramdagi reklamalar juda asabga tegayapti, afsuslandim.",negative
6059,"shu hafta Samarqandda uchrashuv bo'lib o'tdi, men faqat qatnashdim, hech qanday o'zgarish sezilmadi. 🤔",neutral
6060,"majlis juda samarali o'tdi, rahbar tushuntirgan mavzu juda foydali bo'ldi, mamnunman. 🤩",positive
6061,"🥰 😄 kofe sotib oldim, narxi arzon emas, lekin sifati uchun juda xursand bo'ldim.",positive
6062,✍️ 📌 ??,neutral
6063,"👍 planshet sotib oldim, narxi arzon emas, lekin sifati uchun zo'r bo'ldi.",positive
6064,"ertaga Qo'qonda seminar bo'lib o'tdi, men faqat qatnashdim, oddatdagidek.",neutral
6065,:-/ 💔 🤬 💔,negative
6066,"uchrashuv juda samarali o'tdi, hamkasbim tushuntirgan mavzu juda foydali bo'ldi, kayfiyatim ko'tarildi.",positive
6067,"Twitterda planshet haqida e'lon ko'rdim, hozircha faqat ma'lumot yig'ayapman, hech qanday o'zgarish sezilmadi. 😶 🙄",neutral
6068,"😄 Andijondagi sayohatim ajoyib o'tdi, xizmatlar hammasi darajasida, yoqib qoldi.",positive
6069,"kommentlarda hammasi urush, juda yomon 🤦‍♂️",negative
6070,"🤩 dars juda samarali o'tdi, hamkasbim tushuntirgan mavzu juda foydali bo'ldi, kayfiyatim ko'tarildi.",positive
6071,"📌 Facebookda Samsung A55 haqida e'lon ko'rdim, hozircha faqat ma'lumot yig'ayapman, neytral qarayman.",neutral
6072,"bugungi ilova haqidagi blog videolari yoqdi, kontent yoqdi ✨",positive
6073,"Samsung A55 sifati kutilganidek emas, juda sust ishlayapti, umuman yoqmadi. 😡 😢",negative
6074,"imtihon juda samarali o'tdi, rahbar tushuntirgan mavzu juda foydali bo'ldi, mamnunman. 👍 😊",positive
6075,"sayt sifati yana tushib ketgan, pulga achindim 😞",negative
6076,"Xiva haqida yangilik o'qidim, shunchaki ma'lumot uchun. 📌",neutral
6077,"ertaga Namanganga bordim, hamma narsa mamnunman. 😍",positive
6078,"Toshkent haqida yangilik o'qidim, oddatdagidek. 😐",neutral
6079,"Twitterda yangi Samsung A55 haqida post ko'rdim, menga juda yoqdi, kayfiyatim ko'tarildi. 😁 😄",positive
6080,"kecha Toshkentga bordim, hamma narsa zo'r bo'ldi. 😁",positive
6081,"dars juda samarali o'tdi, o'qituvchi tushuntirgan mavzu juda foydali bo'ldi, kayfiyatim ko'tarildi.",positive
6082,"aka juda chiroyli tushuntiribdi, kontent yoqdi 🔥",positive
6083,"Yangi mijozlarga xizmat ko'rsatish ishga tushdi, hozircha hammasi yaxshi ishlayapti, zo'r bo'ldi. 😄",positive
6084,"🤩 😄 Toshkentdagi sayohatim ajoyib o'tdi, xizmatlar hammasi darajasida, zo'r bo'ldi.",positive
6085,"o'tgan oy o'qituvchi bilan qisqa suhbatlashdim, shunchaki ma'lumot uchun.",neutral
6086,"kuryer xizmati bo'yicha yangilanish chiqdi, lekin hozircha shunchaki ma'lumot uchun. 😐 🤔",neutral
6087,"😍 YouTubeda yangi noutbuk haqida post ko'rdim, menga juda yoqdi, yoqib qoldi.",positive
6088,"Redmi Note 13 sotib oldim, narxi arzon emas, lekin sifati uchun kayfiyatim ko'tarildi. 😎 😎",positive
6089,"😍 Qo'qondagi sayohatim ajoyib o'tdi, xizmatlar hammasi darajasida, mamnunman.",positive
6090,"bugun Buxoroda bo'lgan dars menga umuman yoqmadi, hafsalam pir bo'ldi. 😞 😠",negative
6091,"😶 ℹ️ Facebookda aviachiptalar haqida e'lon ko'rdim, hozircha faqat ma'lumot yig'ayapman, hech qanday o'zgarish sezilmadi.",neutral
6092,"internet sifati yana tushib ketgan, nogiron qilindi",negative
6093,"Andijondagi sayohatim ajoyib o'tdi, xizmatlar hammasi darajasida, hayratda qoldim. 👍 🤩",positive
6094,"kecha Toshkentda bo'lgan konferensiya menga umuman yoqmadi, juda jahlim chiqdi. 😭 👎",negative
6095,"servis bo'yicha blog mavzusi zo'r chiqibdi, gap yo'q 😊",positive
6096,"😁 kofe sotib oldim, narxi arzon emas, lekin sifati uchun kayfiyatim ko'tarildi.",positive
6097,"Yangi mijozlarga xizmat ko'rsatish ishga tushdi, hozircha hammasi yaxshi ishlayapti, hayratda qoldim. 😎 😄",positive
6098,"🙄 o'tgan oy Qo'qonda seminar bo'lib o'tdi, men faqat qatnashdim, oddatdagidek.",neutral
6099,"🤩 😍 bugun Namanganga bordim, hamma narsa hayratda qoldim.",positive
6100,"opa juda chiroyli tushuntiribdi, super 🔥",positive
6101,"💔 kecha Xivada bo'lgan imtihon menga umuman yoqmadi, umuman yoqmadi.",negative
6102,"bugungi kino mavzusi zerikarli bo'ldi, pulga achindim 😔",negative
6103,"🥰 Yangi mijozlarga xizmat ko'rsatish ishga tushdi, hozircha hammasi yaxshi ishlayapti, kayfiyatim ko'tarildi.",positive
6104,"ℹ️ 😐 internet xizmati bo'yicha yangilanish chiqdi, lekin hozircha neytral qarayman.",neutral
6105,"😡 Andijonga borish rejam buzildi, chiptalar bilan muammo bo'ldi, afsuslandim.",negative
6106,"imtihon juda samarali o'tdi, do'stim tushuntirgan mavzu juda foydali bo'ldi, juda xursand bo'ldim.",positive
6107,"Qo'qon haqida yangilik o'qidim, hech qanday o'zgarish sezilmadi. 😶",neutral
6108,"mijozlarga xizmat ko'rsatish bo'yicha yangilanish chiqdi, lekin hozircha neytral qarayman. 📌",neutral
6109,"konferensiya juda samarali o'tdi, dekan tushuntirgan mavzu juda foydali bo'ldi, mamnunman.",positive
6110,"konferensiya juda samarali o'tdi, do'stim tushuntirgan mavzu juda foydali bo'ldi, hayratda qoldim.",positive
6111,"Toshkentdagi sayohatim ajoyib o'tdi, xizmatlar hammasi darajasida, juda xursand bo'ldim. 🤩",positive
6112,"Yangi ilova ishga tushdi, hozircha hammasi yaxshi ishlayapti, zo'r bo'ldi. 😍",positive
6113,"Instagramda iPhone 15 haqida e'lon ko'rdim, hozircha faqat ma'lumot yig'ayapman, shunchaki ma'lumot uchun.",neutral
6114,"😎 ✨ majlis juda samarali o'tdi, professor tushuntirgan mavzu juda foydali bo'ldi, yoqib qoldi.",positive
6115,"ilova bo'yicha futbol postini ko'rdim, info uchun ??",neutral
6116,😎 😎,positive
6117,"Toshkentga borish rejam buzildi, chiptalar bilan muammo bo'ldi, umuman yoqmadi.",negative
6118,"uchrashuv juda samarali o'tdi, rahbar tushuntirgan mavzu juda foydali bo'ldi, juda xursand bo'ldim. 😊",positive
6119,"shu hafta Namanganda majlis bo'lib o'tdi, men faqat qatnashdim, neytral qarayman.",neutral
6120,"🤬 Facebookdagi reklamalar juda asabga tegayapti, hafsalam pir bo'ldi.",negative
6121,"😊 😊 Telegramda yangi planshet haqida post ko'rdim, menga juda yoqdi, yoqib qoldi.",positive
6122,"majlis juda samarali o'tdi, hamkasbim tushuntirgan mavzu juda foydali bo'ldi, hayratda qoldim.",positive
6123,"kommentlarda hammasi urush, yoqmadi 😡",negative
6124,"ertaga Buxoroga bordim, hamma narsa juda xursand bo'ldim.",positive
6125,"Telegramda Samsung A55 haqida e'lon ko'rdim, hozircha faqat ma'lumot yig'ayapman, neytral qarayman. 📌",neutral
6126,"😐 🤔 kelasi oy do'stim bilan qisqa suhbatlashdim, hech qanday o'zgarish sezilmadi.",neutral
6127,"😄 Yangi dastur ishga tushdi, hozircha hammasi yaxshi ishlayapti, kayfiyatim ko'tarildi.",positive
6128,"o'tgan oy Farg'onaga bordim, hamma narsa zo'r bo'ldi.",positive
6129,"ℹ️ internet xizmati bo'yicha yangilanish chiqdi, lekin hozircha oddatdagidek.",neutral
6130,"Farg'onadagi sayohatim ajoyib o'tdi, xizmatlar hammasi darajasida, mamnunman.",positive
6131,"💔 👎 bank xizmati bilan muammo chiqdi, qo'llab-quvvatlash xizmati javob bermadi, xafa bo'ldim.",negative
6132,"iPhone 15 sotib oldim, narxi arzon emas, lekin sifati uchun hayratda qoldim. 🤩 😄",positive
6133,"direktor va'da qilgan ishini bajarmadi, natijadan afsuslandim.",negative
6134,"bugun Farg'onada seminar bo'lib o'tdi, men faqat qatnashdim, oddatdagidek.",neutral
6135,"admin umuman tushuntira olmadi, umuman yoqmaydi 💔",negative
6136,"😐 ℹ️ kuryer xizmati bo'yicha yangilanish chiqdi, lekin hozircha hech qanday o'zgarish sezilmadi.",neutral
6137,"kecha Xivaga bordim, hamma narsa yoqib qoldi. 🤩",positive
6138,"Redmi Note 13 sotib oldim, narxi arzon emas, lekin sifati uchun kayfiyatim ko'tarildi. 😍",positive
6139,"Yangi mijozlarga xizmat ko'rsatish ishga tushdi, hozircha hammasi yaxshi ishlayapti, juda xursand bo'ldim. 😊 😊",positive
6140,"dastur bo'yicha pul mavzusi zo'r chiqibdi, top ❤️",positive
6141,"😄 😍 Yangi bank xizmati ishga tushdi, hozircha hammasi yaxshi ishlayapti, mamnunman.",positive
6142,"mijozlarga xizmat ko'rsatish bo'yicha yangilanish chiqdi, lekin hozircha shunchaki ma'lumot uchun. 😶",neutral
6143,"✨ Qo'qondagi sayohatim ajoyib o'tdi, xizmatlar hammasi darajasida, kayfiyatim ko'tarildi.",positive
6144,"Qo'qondagi sayohatim ajoyib o'tdi, xizmatlar hammasi darajasida, hayratda qoldim. 👍 🥰",positive
6145,"bugun texnika bo'yicha faqat kuzatib turdim, fikir yo'q ℹ️",neutral
6146,"😔 😭 Andijonga borish rejam buzildi, chiptalar bilan muammo bo'ldi, umuman yoqmadi.",negative
6147,"Farg'onadagi sayohatim ajoyib o'tdi, xizmatlar hammasi darajasida, kayfiyatim ko'tarildi. 😁",positive
6148,"bugungi oyin haqidagi kino videolari yoqdi, super",positive
6149,zo'r 😄,positive
6150,"kuryer xizmati bilan muammo chiqdi, qo'llab-quvvatlash xizmati javob bermadi, juda jahlim chiqdi. 😢",negative
6151,"imtihon juda samarali o'tdi, dekan tushuntirgan mavzu juda foydali bo'ldi, mamnunman.",positive
6152,pulga achindim 🤦‍♀️,negative
6153,"ilova bilan muammo chiqdi, qo'llab-quvvatlash xizmati javob bermadi, noroziman.",negative
6154,"uchrashuv juda samarali o'tdi, dekan tushuntirgan mavzu juda foydali bo'ldi, mamnunman. ✨",positive
6155,"🥰 🥰 aviachiptalar sotib oldim, narxi arzon emas, lekin sifati uchun mamnunman.",positive
6156,"video bo'yicha pul mavzusi zo'r chiqibdi, bombaaa ;)",positive
6157,"kommentlarda hammasi urush, bunday bo'lmasligi kerak edi 👎",negative
6158,"bugungi instagram sahifa haqidagi siyosat videolari yoqdi, otliii :D",positive
6159,"telefon operatori bilan muammo chiqdi, qo'llab-quvvatlash xizmati javob bermadi, afsuslandim.",negative
6160,"dars juda samarali o'tdi, hamkasbim tushuntirgan mavzu juda foydali bo'ldi, kayfiyatim ko'tarildi. 👍",positive
6161,kontent yoqdi 😊,positive
6162,zor :),positive
6163,;) ✨ 🥰,positive
6164,"bugun rahbar bilan qisqa suhbatlashdim, shunchaki ma'lumot uchun.",neutral
6165,"😄 Facebookda yangi planshet haqida post ko'rdim, menga juda yoqdi, hayratda qoldim.",positive
6166,?? !?,neutral
6167,"bugungi futbol mavzusi zerikarli bo'ldi, hech nima tushunmadim 💔",negative
6168,"oyin bo'yicha kommentlar postini ko'rdim, info uchun 😶",neutral
6169,"😊 kitob sotib oldim, narxi arzon emas, lekin sifati uchun juda xursand bo'ldim.",positive
6170,"😎 😄 Yangi internet xizmati ishga tushdi, hozircha hammasi yaxshi ishlayapti, kayfiyatim ko'tarildi.",positive
6171,"ℹ️ YouTubeda iPhone 15 haqida e'lon ko'rdim, hozircha faqat ma'lumot yig'ayapman, hech qanday o'zgarish sezilmadi.",neutral
6172,"bank xizmati bo'yicha yangilanish chiqdi, lekin hozircha shunchaki ma'lumot uchun. 😶",neutral
6173,"😶 kitob haqida fikrlar turlicha, hozircha shunchaki ma'lumot uchun.",neutral
6174,"✨ Buxorodagi sayohatim ajoyib o'tdi, xizmatlar hammasi darajasida, yoqib qoldi.",positive
6175,"noutbuk sifati kutilganidek emas, juda sust ishlayapti, noroziman. 💔",negative
6176,"dars juda samarali o'tdi, direktor tushuntirgan mavzu juda foydali bo'ldi, kayfiyatim ko'tarildi. 😁 😄",positive
6177,"🥰 😊 Yangi kuryer xizmati ishga tushdi, hozircha hammasi yaxshi ishlayapti, zo'r bo'ldi.",positive
6178,"opa juda chiroyli tushuntiribdi, zor ❤️",positive
6179,"ilova sifati yana tushib ketgan, bekor ekan 😡",negative
6180,"bugun Andijonda bo'lgan dars menga umuman yoqmadi, noroziman.",negative
6181,"Toshkentdagi sayohatim ajoyib o'tdi, xizmatlar hammasi darajasida, mamnunman. 😎",positive
6182,"internet sifati yana tushib ketgan, bekor ekan 😭",negative
6183,"hamma nimadir yozibdi, lekin men uchun fikir yo'q 🤔",neutral
6184,"majlis juda samarali o'tdi, hamkasbim tushuntirgan mavzu juda foydali bo'ldi, kayfiyatim ko'tarildi. 😁",positive
6185,"Telegramdagi reklamalar juda asabga tegayapti, juda jahlim chiqdi. 👎",negative
6186,"ℹ️ 😶 kelasi oy dekan bilan qisqa suhbatlashdim, oddiy bo'ldi.",neutral
6187,"😁 Twitterda yangi Redmi Note 13 haqida post ko'rdim, menga juda yoqdi, kayfiyatim ko'tarildi.",positive
6188,"Instagramda yangi Redmi Note 13 haqida post ko'rdim, menga juda yoqdi, mamnunman. 😎",positive
6189,fikir yo'q,neutral
6190,"Yangi mijozlarga xizmat ko'rsatish ishga tushdi, hozircha hammasi yaxshi ishlayapti, mamnunman. 🤩",positive
6191,"internet xizmati bo'yicha yangilanish chiqdi, lekin hozircha oddiy bo'ldi. 🙄",neutral
6192,"kommentlarni o'qidim, info uchun 😶",neutral
6193,"bugun musiqa bo'yicha faqat kuzatib turdim, ko'rdim xolos 😐",neutral
6194,"bugun Qo'qonda bo'lgan uchrashuv menga umuman yoqmadi, afsuslandim. 😭",negative
6195,"seminar juda samarali o'tdi, direktor tushuntirgan mavzu juda foydali bo'ldi, yoqib qoldi.",positive
6196,"ℹ️ Qo'qon haqida yangilik o'qidim, hech qanday o'zgarish sezilmadi.",neutral
6197,"do'stlar nimadir yozibdi, lekin men uchun norm 🤔",neutral
6198,"internet xizmati bo'yicha yangilanish chiqdi, lekin hozircha oddatdagidek. ℹ️ ℹ️",neutral
6199,<3 =),positive
6200,"😍 Yangi bank xizmati ishga tushdi, hozircha hammasi yaxshi ishlayapti, mamnunman.",positive
6201,"😁 😎 konferensiya juda samarali o'tdi, hamkasbim tushuntirgan mavzu juda foydali bo'ldi, kayfiyatim ko'tarildi.",positive
6202,"shu hafta Namanganda konferensiya bo'lib o'tdi, men faqat qatnashdim, oddiy bo'ldi.",neutral
6203,"imtihon juda samarali o'tdi, hamkasbim tushuntirgan mavzu juda foydali bo'ldi, zo'r bo'ldi. 🤩",positive
6204,norm 😐,neutral
6205,"Facebookda yangi kofe haqida post ko'rdim, menga juda yoqdi, juda xursand bo'ldim. 👍 😄",positive
6206,"😞 planshet sifati kutilganidek emas, juda sust ishlayapti, umuman yoqmadi.",negative
6207,"bugun Toshkentda bo'lgan majlis menga umuman yoqmadi, afsuslandim.",negative
6208,"Facebookda yangi planshet haqida post ko'rdim, menga juda yoqdi, mamnunman. 👍",positive
6209,"post bo'yicha blog postini ko'rdim, neytralman",neutral
6210,"uchrashuv juda samarali o'tdi, o'qituvchi tushuntirgan mavzu juda foydali bo'ldi, hayratda qoldim.",positive
6211,"dastur bo'yicha siyosat postini ko'rdim, prosta savol 🙄",neutral
6212,"dastur bo'yicha blog mavzusi zo'r chiqibdi, zor 🤩",positive
6213,"bugun futbol bo'yicha faqat kuzatib turdim, hech narsa o'zgarmadi 😶",neutral
6214,"😊 Yangi telefon operatori ishga tushdi, hozircha hammasi yaxshi ishlayapti, zo'r bo'ldi.",positive
6215,"🤩 o'tgan oy Farg'onaga bordim, hamma narsa zo'r bo'ldi.",positive
6216,"bugun Namanganga bordim, hamma narsa mamnunman. 👍",positive
6217,"😡 o'tgan oy Xivada bo'lgan majlis menga umuman yoqmadi, umuman yoqmadi.",negative
6218,"Buxorodagi sayohatim ajoyib o'tdi, xizmatlar hammasi darajasida, zo'r bo'ldi. 😄 😍",positive
6219,"😎 🥰 dars juda samarali o'tdi, do'stim tushuntirgan mavzu juda foydali bo'ldi, yoqib qoldi.",positive
6220,"konferensiya juda samarali o'tdi, rahbar tushuntirgan mavzu juda foydali bo'ldi, hayratda qoldim. 😍 🤩",positive
6221,"bugun Buxoroga bordim, hamma narsa yoqib qoldi. ✨",positive
6222,"folloverlar umuman tushuntira olmadi, nogiron qilindi 💔",negative
6223,"Buxoro haqida yangilik o'qidim, neytral qarayman. ℹ️ 📌",neutral
6224,"Telegramda yangi iPhone 15 haqida post ko'rdim, menga juda yoqdi, juda xursand bo'ldim.",positive
6225,"Farg'ona haqida yangilik o'qidim, shunchaki ma'lumot uchun. 😶",neutral
6226,"ℹ️ 😶 ertaga Xivada uchrashuv bo'lib o'tdi, men faqat qatnashdim, hech qanday o'zgarish sezilmadi.",neutral
6227,"😞 kofe sifati kutilganidek emas, juda sust ishlayapti, xafa bo'ldim.",negative
6228,"🙄 ertaga Xivada seminar bo'lib o'tdi, men faqat qatnashdim, oddiy bo'ldi.",neutral
6229,"🙄 noutbuk haqida fikrlar turlicha, hozircha oddiy bo'ldi.",neutral
6230,"Instagramda yangi aviachiptalar haqida post ko'rdim, menga juda yoqdi, hayratda qoldim. 😎 ✨",positive
6231,"Facebookda kofe haqida e'lon ko'rdim, hozircha faqat ma'lumot yig'ayapman, neytral qarayman. 😶 😐",neutral
6232,"😐 🙄 Samarqand haqida yangilik o'qidim, hech qanday o'zgarish sezilmadi.",neutral
6233,"😡 direktor va'da qilgan ishini bajarmadi, natijadan noroziman.",negative
6234,"😔 direktor va'da qilgan ishini bajarmadi, natijadan juda jahlim chiqdi.",negative
6235,"Instagramda kitob haqida e'lon ko'rdim, hozircha faqat ma'lumot yig'ayapman, hech qanday o'zgarish sezilmadi. 🤔 📌",neutral
6236,"kelasi oy Namanganda majlis bo'lib o'tdi, men faqat qatnashdim, hech qanday o'zgarish sezilmadi.",neutral
6237,"bugungi telegram kanal haqidagi siyosat videolari yoqdi, zor 😄",positive
6238,"🤔 😐 Redmi Note 13 haqida fikrlar turlicha, hozircha oddiy bo'ldi.",neutral
6239,"Andijondagi sayohatim ajoyib o'tdi, xizmatlar hammasi darajasida, mamnunman.",positive
6240,"aviachiptalar sotib oldim, narxi arzon emas, lekin sifati uchun yoqib qoldi.",positive
6241,"kecha dekan bilan qisqa suhbatlashdim, shunchaki ma'lumot uchun. ℹ️",neutral
6242,"😔 Facebookdagi reklamalar juda asabga tegayapti, afsuslandim.",negative
6243,"😢 direktor va'da qilgan ishini bajarmadi, natijadan hafsalam pir bo'ldi.",negative
6244,"bloger nimadir yozibdi, lekin men uchun ok 😐",neutral
6245,"bugungi sayt haqidagi kino videolari yoqdi, rosa yoqdi 🤩",positive
6246,"👎 ilova bilan muammo chiqdi, qo'llab-quvvatlash xizmati javob bermadi, juda jahlim chiqdi.",negative
6247,"Andijon haqida yangilik o'qidim, hech qanday o'zgarish sezilmadi. 📌 📌",neutral
6248,"Telegramda yangi aviachiptalar haqida post ko'rdim, menga juda yoqdi, yoqib qoldi.",positive
6249,"kelasi oy rahbar bilan qisqa suhbatlashdim, oddatdagidek. 🤔",neutral
6250,"dekan va'da qilgan ishini bajarmadi, natijadan hafsalam pir bo'ldi.",negative
6251,😶 😶,neutral
6252,"😐 📌 Xiva haqida yangilik o'qidim, oddiy bo'ldi.",neutral
6253,"video sifati yana tushib ketgan, pulga achindim",negative
6254,"😐 bugun Samarqandda seminar bo'lib o'tdi, men faqat qatnashdim, hech qanday o'zgarish sezilmadi.",neutral
6255,"Yangi mijozlarga xizmat ko'rsatish ishga tushdi, hozircha hammasi yaxshi ishlayapti, yoqib qoldi. 😊",positive
6256,"o'tgan oy Qo'qonda bo'lgan konferensiya menga umuman yoqmadi, noroziman. 😡",negative
6257,"😍 kelasi oy Andijonga bordim, hamma narsa juda xursand bo'ldim.",positive
6258,"Facebookda yangi Redmi Note 13 haqida post ko'rdim, menga juda yoqdi, kayfiyatim ko'tarildi. ✨ 😄",positive
6259,"😐 iPhone 15 haqida fikrlar turlicha, hozircha neytral qarayman.",neutral
6260,"mijozlarga xizmat ko'rsatish bilan muammo chiqdi, qo'llab-quvvatlash xizmati javob bermadi, hafsalam pir bo'ldi.",negative
6261,"Redmi Note 13 haqida fikrlar turlicha, hozircha hech qanday o'zgarish sezilmadi. 📌 😶",neutral
6262,"🙄 Telegramda noutbuk haqida e'lon ko'rdim, hozircha faqat ma'lumot yig'ayapman, oddiy bo'ldi.",neutral
6263,"Telegramda yangi noutbuk haqida post ko'rdim, menga juda yoqdi, hayratda qoldim.",positive
6264,"Telegramda yangi kitob haqida post ko'rdim, menga juda yoqdi, hayratda qoldim.",positive
6265,"Yangi internet xizmati ishga tushdi, hozircha hammasi yaxshi ishlayapti, juda xursand bo'ldim. 🥰 👍",positive
6266,"Namangan haqida yangilik o'qidim, shunchaki ma'lumot uchun. ℹ️ 🙄",neutral
6267,"bugungi texnika mavzusi zerikarli bo'ldi, zerikarli 😡",negative
6268,"kuryer xizmati bilan muammo chiqdi, qo'llab-quvvatlash xizmati javob bermadi, hafsalam pir bo'ldi. 😠",negative
6269,"Instagramda planshet haqida e'lon ko'rdim, hozircha faqat ma'lumot yig'ayapman, oddiy bo'ldi.",neutral
6270,"bugun kommentlar bo'yicha faqat kuzatib turdim, bilmayman ℹ️",neutral
6271,"✨ Yangi telefon operatori ishga tushdi, hozircha hammasi yaxshi ishlayapti, kayfiyatim ko'tarildi.",positive
6272,"👍 kitob sotib oldim, narxi arzon emas, lekin sifati uchun kayfiyatim ko'tarildi.",positive
6273,"ertaga rahbar bilan qisqa suhbatlashdim, neytral qarayman.",neutral
6274,"bugungi blog mavzusi zerikarli bo'ldi, yoqmadi 😭",negative
6275,😍 🥰 😎 ❤️,positive
6276,"bugun Namanganga bordim, hamma narsa yoqib qoldi. 😄",positive
6277,"Facebookda yangi iPhone 15 haqida post ko'rdim, menga juda yoqdi, kayfiyatim ko'tarildi.",positive
6278,"😶 ℹ️ o'tgan oy hamkasbim bilan qisqa suhbatlashdim, oddatdagidek.",neutral
6279,neytralman ✍️,neutral
6280,"ℹ️ 🤔 Twitterda planshet haqida e'lon ko'rdim, hozircha faqat ma'lumot yig'ayapman, neytral qarayman.",neutral
6281,kommentlarni o'qib rostdan ham super 😍,positive
6282,"🙄 kitob haqida fikrlar turlicha, hozircha oddiy bo'ldi.",neutral
6283,"dastur sifati yana tushib ketgan, servis noldan ham past 👎",negative
6284,"Xivadagi sayohatim ajoyib o'tdi, xizmatlar hammasi darajasida, hayratda qoldim. 😊",positive
6285,:| 🤔,neutral
6286,"o'qib qo'ydim xolos, kulib qo'ydim xolos 📌",neutral
6287,"YouTubeda yangi Samsung A55 haqida post ko'rdim, menga juda yoqdi, yoqib qoldi.",positive
6288,"✨ 😁 dars juda samarali o'tdi, hamkasbim tushuntirgan mavzu juda foydali bo'ldi, zo'r bo'ldi.",positive
6289,"bugungi texnika mavzusi zerikarli bo'ldi, hech nima tushunmadim 🤦‍♀️",negative
6290,qattiq hafsalam pir bo'ldi :(,negative
6291,"bloger umuman tushuntira olmadi, aldashdi 💔",negative
6292,"shu hafta Xivaga bordim, hamma narsa yoqib qoldi.",positive
6293,"seminar juda samarali o'tdi, hamkasbim tushuntirgan mavzu juda foydali bo'ldi, mamnunman. 😎 😎",positive
6294,"😍 Toshkentdagi sayohatim ajoyib o'tdi, xizmatlar hammasi darajasida, mamnunman.",positive
6295,,
6296,"Telegramda yangi Samsung A55 haqida post ko'rdim, menga juda yoqdi, hayratda qoldim. 😄",positive
6297,aldashdi 😞,negative
6298,"internet xizmati bilan muammo chiqdi, qo'llab-quvvatlash xizmati javob bermadi, afsuslandim. 😢",negative
6299,"aviachiptalar sotib oldim, narxi arzon emas, lekin sifati uchun hayratda qoldim. 😁",positive
6300,"😍 😁 Xivadagi sayohatim ajoyib o'tdi, xizmatlar hammasi darajasida, kayfiyatim ko'tarildi.",positive
6301,"internet bo'yicha texnika mavzusi zo'r chiqibdi, chiqqan joyi yoqdi 🔥",positive
6302,"😞 Qo'qonga borish rejam buzildi, chiptalar bilan muammo bo'ldi, juda jahlim chiqdi.",negative
6303,"😭 👎 Instagramdagi reklamalar juda asabga tegayapti, juda jahlim chiqdi.",negative
6304,"Namangandagi sayohatim ajoyib o'tdi, xizmatlar hammasi darajasida, yoqib qoldi. 😍 😍",positive
6305,"servis sifati yana tushib ketgan, tavsiya etmayman 😡",negative
6306,"👍 😊 kecha Qo'qonga bordim, hamma narsa kayfiyatim ko'tarildi.",positive
6307,"Redmi Note 13 haqida fikrlar turlicha, hozircha hech qanday o'zgarish sezilmadi.",neutral
6308,"YouTubeda yangi planshet haqida post ko'rdim, menga juda yoqdi, mamnunman. 😄",positive
6309,"👎 dekan va'da qilgan ishini bajarmadi, natijadan juda jahlim chiqdi.",negative
6310,"aviachiptalar sotib oldim, narxi arzon emas, lekin sifati uchun mamnunman. 😊",positive
6311,"o'qib qo'ydim xolos, neytralman",neutral
6312,"👍 Andijondagi sayohatim ajoyib o'tdi, xizmatlar hammasi darajasida, mamnunman.",positive
6313,"ertaga Qo'qonga bordim, hamma narsa mamnunman.",positive
6314,"o'tgan oy Xivaga bordim, hamma narsa juda xursand bo'ldim.",positive
6315,"uchrashuv juda samarali o'tdi, rahbar tushuntirgan mavzu juda foydali bo'ldi, hayratda qoldim. 👍",positive
6316,😁 :D 🥰 😁,positive
6317,"🥰 ertaga Farg'onaga bordim, hamma narsa juda xursand bo'ldim.",positive
6318,"🤩 Andijondagi sayohatim ajoyib o'tdi, xizmatlar hammasi darajasida, kayfiyatim ko'tarildi.",positive
6319,"kitob sotib oldim, narxi arzon emas, lekin sifati uchun juda xursand bo'ldim. 🤩",positive
6320,"o'qib qo'ydim xolos, shunchaki 🙄",neutral
6321,"kitob sifati kutilganidek emas, juda sust ishlayapti, umuman yoqmadi. 😢",negative
6322,"Telegramdagi reklamalar juda asabga tegayapti, hafsalam pir bo'ldi. 😞",negative
6323,"🤬 Telegramdagi reklamalar juda asabga tegayapti, noroziman.",negative
6324,"telegram kanal bo'yicha texnika postini ko'rdim, prosta savol",neutral
6325,"Instagramda kitob haqida e'lon ko'rdim, hozircha faqat ma'lumot yig'ayapman, hech qanday o'zgarish sezilmadi.",neutral
6326,😞 :-/ 🤦‍♀️ >:(,negative
6327,"Telegramda yangi Redmi Note 13 haqida post ko'rdim, menga juda yoqdi, hayratda qoldim.",positive
6328,"🙄 shu hafta Xivada uchrashuv bo'lib o'tdi, men faqat qatnashdim, shunchaki ma'lumot uchun.",neutral
6329,"opa nimadir yozibdi, lekin men uchun kulib qo'ydim xolos 😐",neutral
6330,"😁 kecha Andijonga bordim, hamma narsa juda xursand bo'ldim.",positive
6331,"Yangi dastur ishga tushdi, hozircha hammasi yaxshi ishlayapti, yoqib qoldi. 🤩",positive
6332,"Telegramda noutbuk haqida e'lon ko'rdim, hozircha faqat ma'lumot yig'ayapman, hech qanday o'zgarish sezilmadi. 😐",neutral
6333,"😎 Toshkentdagi sayohatim ajoyib o'tdi, xizmatlar hammasi darajasida, juda xursand bo'ldim.",positive
6334,"😶 Instagramda Redmi Note 13 haqida e'lon ko'rdim, hozircha faqat ma'lumot yig'ayapman, shunchaki ma'lumot uchun.",neutral
6335,"Namangan haqida yangilik o'qidim, oddiy bo'ldi. 🙄",neutral
6336,"o'tgan oy Xivada bo'lgan dars menga umuman yoqmadi, juda jahlim chiqdi. 😠",negative
6337,"konferensiya juda samarali o'tdi, hamkasbim tushuntirgan mavzu juda foydali bo'ldi, mamnunman.",positive
6338,"😠 Toshkentga borish rejam buzildi, chiptalar bilan muammo bo'ldi, juda jahlim chiqdi.",negative
6339,"sayt bo'yicha siyosat mavzusi zo'r chiqibdi, rosa yoqdi 🔥",positive
6340,"Facebookda yangi Redmi Note 13 haqida post ko'rdim, menga juda yoqdi, juda xursand bo'ldim.",positive
6341,"Yangi kuryer xizmati ishga tushdi, hozircha hammasi yaxshi ishlayapti, zo'r bo'ldi. 🥰",positive
6342,"o'qib qo'ydim xolos, ok ??",neutral
6343,"Facebookda planshet haqida e'lon ko'rdim, hozircha faqat ma'lumot yig'ayapman, hech qanday o'zgarish sezilmadi. 😶",neutral
6344,"Andijon haqida yangilik o'qidim, oddatdagidek. 😐",neutral
6345,"Facebookda yangi aviachiptalar haqida post ko'rdim, menga juda yoqdi, yoqib qoldi.",positive
6346,"🤔 bugun Andijonda uchrashuv bo'lib o'tdi, men faqat qatnashdim, neytral qarayman.",neutral
6347,"bugun hamkasbim bilan qisqa suhbatlashdim, oddiy bo'ldi. 🤔 😶",neutral
6348,"post bo'yicha kommentlar mavzusi zo'r chiqibdi, zo'r =)",positive
6349,"Yangi mijozlarga xizmat ko'rsatish ishga tushdi, hozircha hammasi yaxshi ishlayapti, zo'r bo'ldi. 😍",positive
6350,"Instagramda yangi aviachiptalar haqida post ko'rdim, menga juda yoqdi, yoqib qoldi. 😄 👍",positive
6351,"✨ Yangi dastur ishga tushdi, hozircha hammasi yaxshi ishlayapti, kayfiyatim ko'tarildi.",positive
6352,umidsizlik 👎,negative
6353,"😎 😎 kitob sotib oldim, narxi arzon emas, lekin sifati uchun juda xursand bo'ldim.",positive
6354,"✨ o'tgan oy Farg'onaga bordim, hamma narsa zo'r bo'ldi.",positive
6355,"Xivadagi sayohatim ajoyib o'tdi, xizmatlar hammasi darajasida, mamnunman. 😊",positive
6356,"uchrashuv juda samarali o'tdi, dekan tushuntirgan mavzu juda foydali bo'ldi, juda xursand bo'ldim. 😎",positive
6357,"😊 😊 Facebookda yangi Samsung A55 haqida post ko'rdim, menga juda yoqdi, kayfiyatim ko'tarildi.",positive
6358,"majlis juda samarali o'tdi, dekan tushuntirgan mavzu juda foydali bo'ldi, mamnunman.",positive
6359,"aviachiptalar sifati kutilganidek emas, juda sust ishlayapti, hafsalam pir bo'ldi. 👎",negative
6360,"kelasi oy Andijonga bordim, hamma narsa juda xursand bo'ldim. 😎 😎",positive
6361,✨ <3,positive
6362,"shu hafta Samarqandda konferensiya bo'lib o'tdi, men faqat qatnashdim, hech qanday o'zgarish sezilmadi.",neutral
6363,"bugun yangiliklar bo'yicha faqat kuzatib turdim, hech narsa o'zgarmadi",neutral
6364,"mijozlarga xizmat ko'rsatish bo'yicha yangilanish chiqdi, lekin hozircha hech qanday o'zgarish sezilmadi. 🤔 ℹ️",neutral
6365,🥰 ❤️ :D,positive
6366,"bloger nimadir yozibdi, lekin men uchun prosta savol 😶",neutral
6367,"Yangi kuryer xizmati ishga tushdi, hozircha hammasi yaxshi ishlayapti, hayratda qoldim.",positive
6368,"👍 😍 konferensiya juda samarali o'tdi, o'qituvchi tushuntirgan mavzu juda foydali bo'ldi, mamnunman.",positive
6369,"admin umuman tushuntira olmadi, juda yomon 👎",negative
6370,"Andijon haqida yangilik o'qidim, shunchaki ma'lumot uchun. 📌 ℹ️",neutral
6371,"bugun blog bo'yicha faqat kuzatib turdim, prosta savol 😐",neutral
6372,"bugun Samarqandda majlis bo'lib o'tdi, men faqat qatnashdim, oddiy bo'ldi.",neutral
6373,ok ...,neutral
6374,"Twitterda yangi kitob haqida post ko'rdim, menga juda yoqdi, hayratda qoldim.",positive
6375,"bugungi talim mavzusi zerikarli bo'ldi, aldashdi 😢",negative
6376,top 😁,positive
6377,"kommentlarda hammasi urush, umuman yoqmaydi",negative
6378,"Instagramdagi reklamalar juda asabga tegayapti, afsuslandim. 😔",negative
6379,"😎 🥰 Instagramda yangi kitob haqida post ko'rdim, menga juda yoqdi, yoqib qoldi.",positive
6380,"kecha Farg'onada dars bo'lib o'tdi, men faqat qatnashdim, hech qanday o'zgarish sezilmadi. 😐",neutral
6381,"🙄 YouTubeda Redmi Note 13 haqida e'lon ko'rdim, hozircha faqat ma'lumot yig'ayapman, oddiy bo'ldi.",neutral
6382,"majlis juda samarali o'tdi, direktor tushuntirgan mavzu juda foydali bo'ldi, mamnunman. 😄 😁",positive
6383,"aviachiptalar sifati kutilganidek emas, juda sust ishlayapti, xafa bo'ldim. 😭 💔",negative
6384,"🤩 kelasi oy Toshkentga bordim, hamma narsa zo'r bo'ldi.",positive
6385,😎 😁,positive
6386,"Xivadagi sayohatim ajoyib o'tdi, xizmatlar hammasi darajasida, hayratda qoldim. 😁",positive
6387,"😁 YouTubeda yangi kitob haqida post ko'rdim, menga juda yoqdi, kayfiyatim ko'tarildi.",positive
6388,😶 📌 🤔,neutral
6389,"bugun Samarqandga bordim, hamma narsa hayratda qoldim. 😄 🥰",positive
6390,"🤔 😶 internet xizmati bo'yicha yangilanish chiqdi, lekin hozircha neytral qarayman.",neutral
6391,"bank xizmati bo'yicha yangilanish chiqdi, lekin hozircha neytral qarayman. 📌 😐",neutral
6392,"🥰 Yangi telefon operatori ishga tushdi, hozircha hammasi yaxshi ishlayapti, mamnunman.",positive
6393,"bugungi talim mavzusi zerikarli bo'ldi, hech nima tushunmadim",negative
6394,"sayt sifati yana tushib ketgan, umidsizlik 🤦‍♂️",negative
6395,"ℹ️ 📌 Twitterda planshet haqida e'lon ko'rdim, hozircha faqat ma'lumot yig'ayapman, neytral qarayman.",neutral
6396,"🤩 👍 Yangi kuryer xizmati ishga tushdi, hozircha hammasi yaxshi ishlayapti, zo'r bo'ldi.",positive
6397,"🤩 😊 Yangi mijozlarga xizmat ko'rsatish ishga tushdi, hozircha hammasi yaxshi ishlayapti, juda xursand bo'ldim.",positive
6398,🤦‍♀️ 😭 :'( :(,negative
6399,"📌 Toshkent haqida yangilik o'qidim, oddiy bo'ldi.",neutral
6400,"😊 🥰 imtihon juda samarali o'tdi, o'qituvchi tushuntirgan mavzu juda foydali bo'ldi, mamnunman.",positive
6401,"ertaga Qo'qonga bordim, hamma narsa hayratda qoldim. 😄",positive
6402,"servis bo'yicha blog postini ko'rdim, ok ℹ️",neutral
6403,"Twitterda aviachiptalar haqida e'lon ko'rdim, hozircha faqat ma'lumot yig'ayapman, oddatdagidek. 😐 ℹ️",neutral
6404,"bugun Buxoroda majlis bo'lib o'tdi, men faqat qatnashdim, shunchaki ma'lumot uchun.",neutral
6405,"ertaga Xivada dars bo'lib o'tdi, men faqat qatnashdim, shunchaki ma'lumot uchun. 🙄 😐",neutral
6406,"shu hafta professor bilan qisqa suhbatlashdim, neytral qarayman. 😶 🙄",neutral
6407,"🙄 Toshkent haqida yangilik o'qidim, oddatdagidek.",neutral
6408,"Instagramda yangi noutbuk haqida post ko'rdim, menga juda yoqdi, zo'r bo'ldi.",positive
6409,"kecha professor bilan qisqa suhbatlashdim, oddiy bo'ldi. ℹ️",neutral
6410,"kecha Toshkentda bo'lgan seminar menga umuman yoqmadi, afsuslandim. 😢 😡",negative
6411,menga yoqdi ;),positive
6412,"Namanganga borish rejam buzildi, chiptalar bilan muammo bo'ldi, afsuslandim. 😔",negative
6413,"Buxoro haqida yangilik o'qidim, neytral qarayman. 😐",neutral
6414,"😄 aviachiptalar sotib oldim, narxi arzon emas, lekin sifati uchun kayfiyatim ko'tarildi.",positive
6415,"Samarqandga borish rejam buzildi, chiptalar bilan muammo bo'ldi, noroziman. 😠 😭",negative
6416,top,positive
6417,"shu hafta Samarqandga bordim, hamma narsa juda xursand bo'ldim. 😊",positive
6418,"ℹ️ 😶 Samarqand haqida yangilik o'qidim, oddatdagidek.",neutral
6419,"Redmi Note 13 sotib oldim, narxi arzon emas, lekin sifati uchun yoqib qoldi. 😊 🤩",positive
6420,😠 😢,negative
6421,"kecha Andijonda bo'lgan imtihon menga umuman yoqmadi, juda jahlim chiqdi.",negative
6422,"😄 😍 Qo'qondagi sayohatim ajoyib o'tdi, xizmatlar hammasi darajasida, mamnunman.",positive
6423,"kommentlarda hammasi urush, umidsizlik >:(",negative
6424,:-/ 🤦‍♀️ 😞,negative
6425,"bugun Buxoroga bordim, hamma narsa yoqib qoldi. 😍 🤩",positive
6426,"iPhone 15 haqida fikrlar turlicha, hozircha neytral qarayman. 😶",neutral
6427,"😠 😢 aviachiptalar sifati kutilganidek emas, juda sust ishlayapti, juda jahlim chiqdi.",negative
6428,"o'tgan oy Andijonda konferensiya bo'lib o'tdi, men faqat qatnashdim, oddatdagidek.",neutral
6429,"dars juda samarali o'tdi, rahbar tushuntirgan mavzu juda foydali bo'ldi, juda xursand bo'ldim.",positive
6430,"dars juda samarali o'tdi, dekan tushuntirgan mavzu juda foydali bo'ldi, juda xursand bo'ldim.",positive
6431,"kecha Farg'onada bo'lgan majlis menga umuman yoqmadi, afsuslandim.",negative
6432,"bugungi sayt haqidagi kommentlar videolari yoqdi, zor",positive
6433,"👍 kecha Farg'onaga bordim, hamma narsa zo'r bo'ldi.",positive
6434,"🤔 o'tgan oy professor bilan qisqa suhbatlashdim, neytral qarayman.",neutral
6435,"😡 kuryer xizmati bilan muammo chiqdi, qo'llab-quvvatlash xizmati javob bermadi, umuman yoqmadi.",negative
6436,"bloger nimadir yozibdi, lekin men uchun info uchun 🙄",neutral
6437,"😊 Buxorodagi sayohatim ajoyib o'tdi, xizmatlar hammasi darajasida, mamnunman.",positive
6438,"bugun Samarqandga bordim, hamma narsa juda xursand bo'ldim. 😁",positive
6439,bekor ekan,negative
6440,"kommentlarni o'qidim, fikir yo'q 🙄",neutral
6441,"Facebookda iPhone 15 haqida e'lon ko'rdim, hozircha faqat ma'lumot yig'ayapman, shunchaki ma'lumot uchun. 🤔 🙄",neutral
6442,"mijozlarga xizmat ko'rsatish bo'yicha yangilanish chiqdi, lekin hozircha shunchaki ma'lumot uchun. 🙄 🤔",neutral
6443,"😡 kelasi oy Andijonda bo'lgan seminar menga umuman yoqmadi, juda jahlim chiqdi.",negative
6444,"rahbar va'da qilgan ishini bajarmadi, natijadan afsuslandim. 😭 😡",negative
6445,"aviachiptalar haqida fikrlar turlicha, hozircha neytral qarayman. ℹ️",neutral
6446,"Twitterda noutbuk haqida e'lon ko'rdim, hozircha faqat ma'lumot yig'ayapman, oddiy bo'ldi.",neutral
6447,"Facebookda yangi kitob haqida post ko'rdim, menga juda yoqdi, zo'r bo'ldi. 😎",positive
6448,"😐 😐 o'tgan oy Namanganda seminar bo'lib o'tdi, men faqat qatnashdim, hech qanday o'zgarish sezilmadi.",neutral
6449,"ertaga o'qituvchi bilan qisqa suhbatlashdim, shunchaki ma'lumot uchun. 📌 📌",neutral
6450,"🥰 ertaga Qo'qonga bordim, hamma narsa kayfiyatim ko'tarildi.",positive
6451,"bugun Qo'qonda bo'lgan imtihon menga umuman yoqmadi, xafa bo'ldim.",negative
6452,"o'tgan oy Andijonga bordim, hamma narsa yoqib qoldi.",positive
6453,bekor ekan 🤦‍♀️,negative
6454,"🤬 🤬 Samarqandga borish rejam buzildi, chiptalar bilan muammo bo'ldi, noroziman.",negative
6455,otliii 😊,positive
6456,"kecha Samarqandda imtihon bo'lib o'tdi, men faqat qatnashdim, oddatdagidek. 🤔",neutral
6457,"Samarqand haqida yangilik o'qidim, oddiy bo'ldi. 😐",neutral
6458,"😢 😢 Farg'onaga borish rejam buzildi, chiptalar bilan muammo bo'ldi, hafsalam pir bo'ldi.",negative
6459,"bugun Buxoroga bordim, hamma narsa zo'r bo'ldi.",positive
6460,"Farg'ona haqida yangilik o'qidim, shunchaki ma'lumot uchun. 📌 ℹ️",neutral
6461,"sayt sifati yana tushib ketgan, hech nima tushunmadim",negative
6462,😁 😊,positive
6463,"iPhone 15 sotib oldim, narxi arzon emas, lekin sifati uchun juda xursand bo'ldim. 🤩 😄",positive
6464,"🤩 noutbuk sotib oldim, narxi arzon emas, lekin sifati uchun zo'r bo'ldi.",positive
6465,"Farg'onadagi sayohatim ajoyib o'tdi, xizmatlar hammasi darajasida, zo'r bo'ldi.",positive
6466,"😍 ✨ YouTubeda yangi Redmi Note 13 haqida post ko'rdim, menga juda yoqdi, mamnunman.",positive
6467,"aviachiptalar sotib oldim, narxi arzon emas, lekin sifati uchun kayfiyatim ko'tarildi. 😄 🥰",positive
6468,"ertaga Qo'qonda bo'lgan seminar menga umuman yoqmadi, umuman yoqmadi. 😠",negative
6469,"bugun dekan bilan qisqa suhbatlashdim, hech qanday o'zgarish sezilmadi.",neutral
6470,"telefon operatori bo'yicha yangilanish chiqdi, lekin hozircha oddatdagidek. 😐 🙄",neutral
6471,"😐 🙄 ertaga Qo'qonda imtihon bo'lib o'tdi, men faqat qatnashdim, oddatdagidek.",neutral
6472,"📌 😶 Andijon haqida yangilik o'qidim, shunchaki ma'lumot uchun.",neutral
6473,"Redmi Note 13 sotib oldim, narxi arzon emas, lekin sifati uchun hayratda qoldim. 😊",positive
6474,kontent yoqdi 😁,positive
6475,aldashdi 😠,negative
6476,"kitob sotib oldim, narxi arzon emas, lekin sifati uchun juda xursand bo'ldim. ✨ 😊",positive
6477,"aka umuman tushuntira olmadi, aldashdi =/",negative
6478,"😁 uchrashuv juda samarali o'tdi, rahbar tushuntirgan mavzu juda foydali bo'ldi, yoqib qoldi.",positive
6479,"😭 😡 dekan va'da qilgan ishini bajarmadi, natijadan juda jahlim chiqdi.",negative
6480,"dastur bo'yicha yangilanish chiqdi, lekin hozircha shunchaki ma'lumot uchun. 🤔 😐",neutral
6481,"✨ ✨ Buxorodagi sayohatim ajoyib o'tdi, xizmatlar hammasi darajasida, juda xursand bo'ldim.",positive
6482,"🤩 kelasi oy Xivaga bordim, hamma narsa kayfiyatim ko'tarildi.",positive
6483,"😡 😢 professor va'da qilgan ishini bajarmadi, natijadan noroziman.",negative
6484,"👍 bugun Namanganga bordim, hamma narsa mamnunman.",positive
6485,"😎 kitob sotib oldim, narxi arzon emas, lekin sifati uchun juda xursand bo'ldim.",positive
6486,"Toshkentdagi sayohatim ajoyib o'tdi, xizmatlar hammasi darajasida, zo'r bo'ldi. 😁",positive
6487,"💔 😡 ilova bilan muammo chiqdi, qo'llab-quvvatlash xizmati javob bermadi, juda jahlim chiqdi.",negative
6488,"instagram sahifa bo'yicha futbol mavzusi zo'r chiqibdi, chiqqan joyi yoqdi 😎",positive
6489,"bugun Qo'qonga bordim, hamma narsa hayratda qoldim.",positive
6490,"noutbuk haqida fikrlar turlicha, hozircha hech qanday o'zgarish sezilmadi. 🤔",neutral
6491,"😢 😠 kecha Xivada bo'lgan seminar menga umuman yoqmadi, xafa bo'ldim.",negative
6492,"kommentlarni o'qidim, norm 🤔",neutral
6493,kommentlarni o'qib rostdan ham yaxshi ishlayapti 👍,positive
6494,"internet bo'yicha talim mavzusi zo'r chiqibdi, zo'r 😎",positive
6495,"majlis juda samarali o'tdi, professor tushuntirgan mavzu juda foydali bo'ldi, zo'r bo'ldi.",positive
6496,"kofe sotib oldim, narxi arzon emas, lekin sifati uchun juda xursand bo'ldim. 🥰",positive
6497,"😶 planshet haqida fikrlar turlicha, hozircha hech qanday o'zgarish sezilmadi.",neutral
6498,"bugungi internet haqidagi kommentlar videolari yoqdi, zo'r :D",positive
6499,🤬 😔 😡 :'(,negative
6500,👍 :) :) ;),positive
6501,"kommentlarda hammasi urush, juda yomon 😭",negative
6502,"ℹ️ 😐 bugun hamkasbim bilan qisqa suhbatlashdim, oddatdagidek.",neutral
6503,"🤔 Instagramda kitob haqida e'lon ko'rdim, hozircha faqat ma'lumot yig'ayapman, hech qanday o'zgarish sezilmadi.",neutral
6504,"🥰 majlis juda samarali o'tdi, hamkasbim tushuntirgan mavzu juda foydali bo'ldi, hayratda qoldim.",positive
6505,"telegram kanal bo'yicha siyosat mavzusi zo'r chiqibdi, kontent yoqdi",positive
6506,"telegram kanal sifati yana tushib ketgan, servis noldan ham past 😔",negative
6507,"🤔 kelasi oy Samarqandda majlis bo'lib o'tdi, men faqat qatnashdim, hech qanday o'zgarish sezilmadi.",neutral
6508,"😄 konferensiya juda samarali o'tdi, hamkasbim tushuntirgan mavzu juda foydali bo'ldi, juda xursand bo'ldim.",positive
6509,"opa juda chiroyli tushuntiribdi, gap yo'q ❤️",positive
6510,"bugun yangiliklar bo'yicha faqat kuzatib turdim, fikir yo'q 📌",neutral
6511,"Samsung A55 haqida fikrlar turlicha, hozircha neytral qarayman. 🤔",neutral
6512,"rahmat, zo'r ekan 😎",positive
6513,"Qo'qon haqida yangilik o'qidim, oddatdagidek. 🤔 📌",neutral
6514,"rahbar va'da qilgan ishini bajarmadi, natijadan hafsalam pir bo'ldi.",negative
6515,"😭 dekan va'da qilgan ishini bajarmadi, natijadan juda jahlim chiqdi.",negative
6516,"bugungi telegram kanal haqidagi futbol videolari yoqdi, top 👍",positive
6517,"😄 Yangi kuryer xizmati ishga tushdi, hozircha hammasi yaxshi ishlayapti, juda xursand bo'ldim.",positive
6518,"kommentlarni o'qidim, neytralman 😶",neutral
6519,"shu hafta rahbar bilan qisqa suhbatlashdim, oddiy bo'ldi.",neutral
6520,"Twitterda yangi iPhone 15 haqida post ko'rdim, menga juda yoqdi, kayfiyatim ko'tarildi.",positive
6521,"imtihon juda samarali o'tdi, hamkasbim tushuntirgan mavzu juda foydali bo'ldi, hayratda qoldim.",positive
6522,"🙄 kecha professor bilan qisqa suhbatlashdim, neytral qarayman.",neutral
6523,"video bo'yicha yangiliklar postini ko'rdim, bilmayman ✍️",neutral
6524,"Yangi bank xizmati ishga tushdi, hozircha hammasi yaxshi ishlayapti, juda xursand bo'ldim. 😁",positive
6525,😐 😶 :|,neutral
6526,"Twitterda noutbuk haqida e'lon ko'rdim, hozircha faqat ma'lumot yig'ayapman, shunchaki ma'lumot uchun.",neutral
6527,"internet bo'yicha texnika postini ko'rdim, shunchaki ✍️",neutral
6528,"bugun musiqa bo'yicha faqat kuzatib turdim, ko'rdim xolos 😶",neutral
6529,"internet bo'yicha kino mavzusi zo'r chiqibdi, rahmat, zo'r ekan 🤩",positive
6530,"bugungi siyosat mavzusi zerikarli bo'ldi, tavsiya etmayman 🤬",negative
6531,"bugun Toshkentda uchrashuv bo'lib o'tdi, men faqat qatnashdim, neytral qarayman.",neutral
6532,"bugungi sayt haqidagi yangiliklar videolari yoqdi, menga yoqdi 🔥",positive
6533,"bugungi video haqidagi talim videolari yoqdi, top 👍",positive
6534,"✨ Redmi Note 13 sotib oldim, narxi arzon emas, lekin sifati uchun kayfiyatim ko'tarildi.",positive
6535,"😶 iPhone 15 haqida fikrlar turlicha, hozircha neytral qarayman.",neutral
6536,"ertaga o'qituvchi bilan qisqa suhbatlashdim, hech qanday o'zgarish sezilmadi.",neutral
6537,"ℹ️ Qo'qon haqida yangilik o'qidim, shunchaki ma'lumot uchun.",neutral
6538,"Yangi internet xizmati ishga tushdi, hozircha hammasi yaxshi ishlayapti, hayratda qoldim. 🤩",positive
6539,"planshet sotib oldim, narxi arzon emas, lekin sifati uchun zo'r bo'ldi. 😄 ✨",positive
6540,"Twitterda yangi kofe haqida post ko'rdim, menga juda yoqdi, hayratda qoldim. 😎",positive
6541,"o'qib qo'ydim xolos, prosta savol 😐",neutral
6542,"😶 shu hafta Namanganda seminar bo'lib o'tdi, men faqat qatnashdim, oddiy bo'ldi.",neutral
6543,"dastur bo'yicha yangilanish chiqdi, lekin hozircha neytral qarayman. 🤔 😐",neutral
6544,"kofe sotib oldim, narxi arzon emas, lekin sifati uchun hayratda qoldim. 😄",positive
6545,"😁 Yangi bank xizmati ishga tushdi, hozircha hammasi yaxshi ishlayapti, zo'r bo'ldi.",positive
6546,"telefon operatori bilan muammo chiqdi, qo'llab-quvvatlash xizmati javob bermadi, xafa bo'ldim.",negative
6547,"bugungi yangiliklar mavzusi zerikarli bo'ldi, servis noldan ham past 🤦‍♂️",negative
6548,"Twitterda yangi Redmi Note 13 haqida post ko'rdim, menga juda yoqdi, hayratda qoldim.",positive
6549,"😊 planshet sotib oldim, narxi arzon emas, lekin sifati uchun yoqib qoldi.",positive
6550,💔 :(,negative
6551,"imtihon juda samarali o'tdi, hamkasbim tushuntirgan mavzu juda foydali bo'ldi, zo'r bo'ldi. ✨",positive
6552,"servis bo'yicha musiqa postini ko'rdim, neytralman 😐",neutral
6553,"video sifati yana tushib ketgan, servis noldan ham past 💔",negative
6554,"admin juda chiroyli tushuntiribdi, menga yoqdi 😄",positive
6555,"oyin bo'yicha siyosat postini ko'rdim, hech narsa o'zgarmadi 🤔",neutral
6556,"direktor va'da qilgan ishini bajarmadi, natijadan noroziman. 🤬 💔",negative
6557,😡 :( 🤦‍♂️,negative
6558,"hamma juda chiroyli tushuntiribdi, klass 👍",positive
6559,🤦‍♀️ 🤬 =/ 🤬,negative
6560,"hamma juda chiroyli tushuntiribdi, zo'r 😁",positive
6561,"😔 kecha Farg'onada bo'lgan majlis menga umuman yoqmadi, hafsalam pir bo'ldi.",negative
6562,"✨ 😎 o'tgan oy Andijonga bordim, hamma narsa juda xursand bo'ldim.",positive
6563,"Redmi Note 13 sotib oldim, narxi arzon emas, lekin sifati uchun juda xursand bo'ldim. 😁 😎",positive
6564,"🤩 Andijondagi sayohatim ajoyib o'tdi, xizmatlar hammasi darajasida, yoqib qoldi.",positive
6565,"dastur bo'yicha talim postini ko'rdim, prosta savol ✍️",neutral
6566,"😐 🙄 Instagramda noutbuk haqida e'lon ko'rdim, hozircha faqat ma'lumot yig'ayapman, shunchaki ma'lumot uchun.",neutral
6567,"Xivaga borish rejam buzildi, chiptalar bilan muammo bo'ldi, juda jahlim chiqdi. 😡",negative
6568,"Yangi mijozlarga xizmat ko'rsatish ishga tushdi, hozircha hammasi yaxshi ishlayapti, yoqib qoldi. 🤩",positive
6569,"sayt bo'yicha futbol postini ko'rdim, info uchun 😶",neutral
6570,"Instagramda yangi Redmi Note 13 haqida post ko'rdim, menga juda yoqdi, hayratda qoldim.",positive
6571,"video bo'yicha kommentlar postini ko'rdim, prosta savol 📌",neutral
6572,"noutbuk sotib oldim, narxi arzon emas, lekin sifati uchun mamnunman. 😁 😎",positive
6573,"aka juda chiroyli tushuntiribdi, chiqqan joyi yoqdi 😁",positive
6574,"Yangi telefon operatori ishga tushdi, hozircha hammasi yaxshi ishlayapti, kayfiyatim ko'tarildi. 😎",positive
6575,"kelasi oy do'stim bilan qisqa suhbatlashdim, shunchaki ma'lumot uchun. 😶 😶",neutral
6576,"Redmi Note 13 sotib oldim, narxi arzon emas, lekin sifati uchun zo'r bo'ldi. 🥰",positive
6577,"YouTubedagi reklamalar juda asabga tegayapti, afsuslandim. 😔 💔",negative
6578,"ℹ️ o'tgan oy Qo'qonda konferensiya bo'lib o'tdi, men faqat qatnashdim, neytral qarayman.",neutral
6579,"YouTubeda kofe haqida e'lon ko'rdim, hozircha faqat ma'lumot yig'ayapman, shunchaki ma'lumot uchun. 📌 📌",neutral
6580,😠 😠 😞,negative
6581,"😡 professor va'da qilgan ishini bajarmadi, natijadan juda jahlim chiqdi.",negative
6582,"✨ konferensiya juda samarali o'tdi, hamkasbim tushuntirgan mavzu juda foydali bo'ldi, zo'r bo'ldi.",positive
6583,,
6584,"🤩 planshet sotib oldim, narxi arzon emas, lekin sifati uchun zo'r bo'ldi.",positive
6585,"shu hafta do'stim bilan qisqa suhbatlashdim, shunchaki ma'lumot uchun. 😐",neutral
6586,🤦‍♂️ 🤦‍♀️ 😔 😡,negative
6587,neytralman 😶,neutral
6588,"kommentlarni o'qidim, prosta savol 🤔",neutral
6589,🥰 😎 😄,positive
6590,"aviachiptalar sotib oldim, narxi arzon emas, lekin sifati uchun hayratda qoldim. 👍",positive
6591,"📌 Instagramda kofe haqida e'lon ko'rdim, hozircha faqat ma'lumot yig'ayapman, neytral qarayman.",neutral
6592,"planshet sotib oldim, narxi arzon emas, lekin sifati uchun zo'r bo'ldi. 😊 🥰",positive
6593,"ertaga Buxoroga bordim, hamma narsa zo'r bo'ldi.",positive
6594,bunaqa kontent ko'proq bo'lsa zo'r bo'lardi 😊,positive
6595,kommentlarni o'qib rostdan ham zo'r 😍,positive
6596,"Qo'qonga borish rejam buzildi, chiptalar bilan muammo bo'ldi, umuman yoqmadi. 😢 👎",negative
6597,"o'qib qo'ydim xolos, hech narsa o'zgarmadi :|",neutral
6598,"Yangi ilova ishga tushdi, hozircha hammasi yaxshi ishlayapti, mamnunman. 😄",positive
6599,😭 😡 🤬,negative
6600,"ertaga Samarqandda bo'lgan imtihon menga umuman yoqmadi, xafa bo'ldim.",negative
6601,"Yangi telefon operatori ishga tushdi, hozircha hammasi yaxshi ishlayapti, mamnunman. 😎",positive
6602,"Buxorodagi sayohatim ajoyib o'tdi, xizmatlar hammasi darajasida, kayfiyatim ko'tarildi.",positive
6603,"💔 👎 Instagramdagi reklamalar juda asabga tegayapti, umuman yoqmadi.",negative
6604,"👍 😊 Instagramda yangi kitob haqida post ko'rdim, menga juda yoqdi, hayratda qoldim.",positive
6605,"😁 👍 seminar juda samarali o'tdi, hamkasbim tushuntirgan mavzu juda foydali bo'ldi, yoqib qoldi.",positive
6606,"shu hafta Andijonda bo'lgan seminar menga umuman yoqmadi, xafa bo'ldim.",negative
6607,"YouTubeda yangi iPhone 15 haqida post ko'rdim, menga juda yoqdi, kayfiyatim ko'tarildi.",positive
6608,"uchrashuv juda samarali o'tdi, o'qituvchi tushuntirgan mavzu juda foydali bo'ldi, yoqib qoldi. 🥰",positive
6609,"Qo'qon haqida yangilik o'qidim, oddiy bo'ldi. 😶",neutral
6610,"Toshkent haqida yangilik o'qidim, oddatdagidek.",neutral
6611,"admin umuman tushuntira olmadi, servis noldan ham past 👎",negative
6612,"😡 😢 Namanganga borish rejam buzildi, chiptalar bilan muammo bo'ldi, noroziman.",negative
6613,"💔 😭 Facebookdagi reklamalar juda asabga tegayapti, xafa bo'ldim.",negative
6614,❤️ 😁,positive
6615,"bugun hamkasbim bilan qisqa suhbatlashdim, oddatdagidek.",neutral
6616,"uchrashuv juda samarali o'tdi, rahbar tushuntirgan mavzu juda foydali bo'ldi, mamnunman.",positive
6617,"folloverlar juda chiroyli tushuntiribdi, chiqqan joyi yoqdi",positive
6618,"rahbar va'da qilgan ishini bajarmadi, natijadan afsuslandim. 😠",negative
6619,"shu hafta rahbar bilan qisqa suhbatlashdim, shunchaki ma'lumot uchun. 🤔",neutral
6620,"✨ Telegramda yangi Redmi Note 13 haqida post ko'rdim, menga juda yoqdi, mamnunman.",positive
6621,hech nima tushunmadim 👎,negative
6622,"bugun do'stim bilan qisqa suhbatlashdim, hech qanday o'zgarish sezilmadi. ℹ️",neutral
6623,"odamlar juda chiroyli tushuntiribdi, chiqqan joyi yoqdi",positive
6624,"Instagramda yangi noutbuk haqida post ko'rdim, menga juda yoqdi, juda xursand bo'ldim. 👍 ✨",positive
6625,"😎 aviachiptalar sotib oldim, narxi arzon emas, lekin sifati uchun zo'r bo'ldi.",positive
6626,"Facebookdagi reklamalar juda asabga tegayapti, juda jahlim chiqdi. 😞",negative
6627,"professor va'da qilgan ishini bajarmadi, natijadan hafsalam pir bo'ldi. 😢",negative
6628,😢 😔 :'(,negative
6629,"odamlar umuman tushuntira olmadi, bunday bo'lmasligi kerak edi :(",negative
6630,"😐 aviachiptalar haqida fikrlar turlicha, hozircha neytral qarayman.",neutral
6631,"kelasi oy Samarqandga bordim, hamma narsa hayratda qoldim.",positive
6632,"dastur bilan muammo chiqdi, qo'llab-quvvatlash xizmati javob bermadi, noroziman. 😔",negative
6633,"bugun kino bo'yicha faqat kuzatib turdim, kulib qo'ydim xolos 📌",neutral
6634,😍 ❤️ 😍,positive
6635,"Toshkentdagi sayohatim ajoyib o'tdi, xizmatlar hammasi darajasida, kayfiyatim ko'tarildi.",positive
6636,"Yangi internet xizmati ishga tushdi, hozircha hammasi yaxshi ishlayapti, zo'r bo'ldi. 🥰",positive
6637,"😊 😎 Instagramda yangi Samsung A55 haqida post ko'rdim, menga juda yoqdi, hayratda qoldim.",positive
6638,"😶 📌 ertaga professor bilan qisqa suhbatlashdim, neytral qarayman.",neutral
6639,"😄 😁 aviachiptalar sotib oldim, narxi arzon emas, lekin sifati uchun yoqib qoldi.",positive
6640,"Qo'qondagi sayohatim ajoyib o'tdi, xizmatlar hammasi darajasida, yoqib qoldi. 🤩",positive
6641,"hamkasbim va'da qilgan ishini bajarmadi, natijadan hafsalam pir bo'ldi. 😡 😞",negative
6642,"😊 Instagramda yangi aviachiptalar haqida post ko'rdim, menga juda yoqdi, hayratda qoldim.",positive
6643,"😠 😔 kuryer xizmati bilan muammo chiqdi, qo'llab-quvvatlash xizmati javob bermadi, hafsalam pir bo'ldi.",negative
6644,"😊 dars juda samarali o'tdi, direktor tushuntirgan mavzu juda foydali bo'ldi, zo'r bo'ldi.",positive
6645,"✨ 😍 majlis juda samarali o'tdi, rahbar tushuntirgan mavzu juda foydali bo'ldi, yoqib qoldi.",positive
6646,"odamlar juda chiroyli tushuntiribdi, super",positive
6647,"🙄 kecha Buxoroda dars bo'lib o'tdi, men faqat qatnashdim, neytral qarayman.",neutral
6648,📌 :| !?,neutral
6649,"🙄 bank xizmati bo'yicha yangilanish chiqdi, lekin hozircha oddiy bo'ldi.",neutral
6650,"Toshkentdagi sayohatim ajoyib o'tdi, xizmatlar hammasi darajasida, zo'r bo'ldi. ✨",positive
6651,... ✍️,neutral
6652,"😐 Samarqand haqida yangilik o'qidim, hech qanday o'zgarish sezilmadi.",neutral
6653,"Yangi mijozlarga xizmat ko'rsatish ishga tushdi, hozircha hammasi yaxshi ishlayapti, kayfiyatim ko'tarildi. 👍",positive
6654,"kecha professor bilan qisqa suhbatlashdim, oddatdagidek.",neutral
6655,kommentlarni o'qib rostdan ham rosa yoqdi 😊,positive
6656,"bugungi sayt haqidagi musiqa videolari yoqdi, klass ✨",positive
6657,"o'qib qo'ydim xolos, ok 😶",neutral
6658,"bugun yangiliklar bo'yicha faqat kuzatib turdim, fikir yo'q 🤔",neutral
6659,"Twitterda yangi Samsung A55 haqida post ko'rdim, menga juda yoqdi, zo'r bo'ldi. 😎",positive
6660,"uchrashuv juda samarali o'tdi, professor tushuntirgan mavzu juda foydali bo'ldi, juda xursand bo'ldim.",positive
6661,"o'qib qo'ydim xolos, fikir yo'q",neutral
6662,"kecha Qo'qonga bordim, hamma narsa kayfiyatim ko'tarildi.",positive
6663,"bugun Andijonga bordim, hamma narsa hayratda qoldim. 😄",positive
6664,"🤩 😄 o'tgan oy Samarqandga bordim, hamma narsa kayfiyatim ko'tarildi.",positive
6665,"konferensiya juda samarali o'tdi, rahbar tushuntirgan mavzu juda foydali bo'ldi, yoqib qoldi. 😎",positive
6666,"😶 bank xizmati bo'yicha yangilanish chiqdi, lekin hozircha neytral qarayman.",neutral
6667,"😔 🤬 Samarqandga borish rejam buzildi, chiptalar bilan muammo bo'ldi, afsuslandim.",negative
6668,"😍 😊 aviachiptalar sotib oldim, narxi arzon emas, lekin sifati uchun yoqib qoldi.",positive
6669,"planshet sotib oldim, narxi arzon emas, lekin sifati uchun mamnunman. 😊",positive
6670,"dastur bilan muammo chiqdi, qo'llab-quvvatlash xizmati javob bermadi, afsuslandim. 🤬 👎",negative
6671,"😁 Andijondagi sayohatim ajoyib o'tdi, xizmatlar hammasi darajasida, mamnunman.",positive
6672,"😢 😢 Namanganga borish rejam buzildi, chiptalar bilan muammo bo'ldi, juda jahlim chiqdi.",negative
6673,🥰 😍 😊 🥰,positive
6674,"Yangi mijozlarga xizmat ko'rsatish ishga tushdi, hozircha hammasi yaxshi ishlayapti, mamnunman.",positive
6675,"servis bo'yicha musiqa postini ko'rdim, ko'rdim xolos 🤔",neutral
6676,"ertaga Xivaga bordim, hamma narsa yoqib qoldi. 🥰 ✨",positive
6677,"😍 Telegramda yangi noutbuk haqida post ko'rdim, menga juda yoqdi, yoqib qoldi.",positive
6678,"😍 Telegramda yangi noutbuk haqida post ko'rdim, menga juda yoqdi, zo'r bo'ldi.",positive
6679,:) 😍,positive
6680,"yana shunaqa reklama chiqdi, charchatdi =/",negative
6681,"shu hafta Farg'onada imtihon bo'lib o'tdi, men faqat qatnashdim, hech qanday o'zgarish sezilmadi.",neutral
6682,😔,negative
6683,"imtihon juda samarali o'tdi, professor tushuntirgan mavzu juda foydali bo'ldi, hayratda qoldim.",positive
6684,"✨ noutbuk sotib oldim, narxi arzon emas, lekin sifati uchun zo'r bo'ldi.",positive
6685,"noutbuk sifati kutilganidek emas, juda sust ishlayapti, noroziman.",negative
6686,"Samarqanddagi sayohatim ajoyib o'tdi, xizmatlar hammasi darajasida, kayfiyatim ko'tarildi. ✨ 😊",positive
6687,"o'tgan oy Samarqandda dars bo'lib o'tdi, men faqat qatnashdim, oddiy bo'ldi.",neutral
6688,"✨ 😁 Instagramda yangi kofe haqida post ko'rdim, menga juda yoqdi, kayfiyatim ko'tarildi.",positive
6689,top 🥰,positive
6690,"😢 😔 o'qituvchi va'da qilgan ishini bajarmadi, natijadan juda jahlim chiqdi.",negative
6691,"Samsung A55 sifati kutilganidek emas, juda sust ishlayapti, juda jahlim chiqdi.",negative
6692,"😭 💔 Andijonga borish rejam buzildi, chiptalar bilan muammo bo'ldi, afsuslandim.",negative
6693,"😍 Yangi bank xizmati ishga tushdi, hozircha hammasi yaxshi ishlayapti, zo'r bo'ldi.",positive
6694,"😁 Telegramda yangi iPhone 15 haqida post ko'rdim, menga juda yoqdi, juda xursand bo'ldim.",positive
6695,"majlis juda samarali o'tdi, do'stim tushuntirgan mavzu juda foydali bo'ldi, juda xursand bo'ldim.",positive
6696,pulga achindim 😔,negative
6697,"Andijon haqida yangilik o'qidim, hech qanday o'zgarish sezilmadi.",neutral
6698,"admin nimadir yozibdi, lekin men uchun hech narsa o'zgarmadi 📌",neutral
6699,"🥰 konferensiya juda samarali o'tdi, direktor tushuntirgan mavzu juda foydali bo'ldi, yoqib qoldi.",positive
6700,"noutbuk sifati kutilganidek emas, juda sust ishlayapti, noroziman. 😢 😠",negative
6701,"😶 bugun Andijonda dars bo'lib o'tdi, men faqat qatnashdim, hech qanday o'zgarish sezilmadi.",neutral
6702,"rahbar va'da qilgan ishini bajarmadi, natijadan xafa bo'ldim. 😠",negative
6703,"internet bo'yicha kino mavzusi zo'r chiqibdi, yaxshi ishlayapti",positive
6704,info uchun,neutral
6705,"🤔 kelasi oy professor bilan qisqa suhbatlashdim, oddatdagidek.",neutral
6706,"bugun futbol bo'yicha faqat kuzatib turdim, info uchun ✍️",neutral
6707,"😄 😁 bugun Namanganga bordim, hamma narsa juda xursand bo'ldim.",positive
6708,"o'tgan oy Samarqandga bordim, hamma narsa juda xursand bo'ldim. ✨",positive
6709,"folloverlar juda chiroyli tushuntiribdi, zor 😄",positive
6710,"kommentlarda hammasi urush, servis noldan ham past 😠",negative
6711,"bugungi dastur haqidagi kino videolari yoqdi, menga yoqdi 😍",positive
6712,"rahbar va'da qilgan ishini bajarmadi, natijadan umuman yoqmadi. 😢",negative
6713,kommentlarni o'qib rostdan ham kontent yoqdi ;),positive
6714,:| 🙄,neutral
6715,"bloger juda chiroyli tushuntiribdi, rosa yoqdi ✨",positive
6716,"bugungi video haqidagi pul videolari yoqdi, menga yoqdi 🤩",positive
6717,"kuryer xizmati bilan muammo chiqdi, qo'llab-quvvatlash xizmati javob bermadi, hafsalam pir bo'ldi. 😔",negative
6718,"Samarqandga borish rejam buzildi, chiptalar bilan muammo bo'ldi, umuman yoqmadi. 😠 😡",negative
6719,😶 🙄 ℹ️,neutral
6720,"😍 Redmi Note 13 sotib oldim, narxi arzon emas, lekin sifati uchun zo'r bo'ldi.",positive
6721,"hamma juda chiroyli tushuntiribdi, klass 😍",positive
6722,"🤩 kecha Toshkentga bordim, hamma narsa hayratda qoldim.",positive
6723,"kelasi oy Qo'qonda bo'lgan konferensiya menga umuman yoqmadi, afsuslandim.",negative
6724,"bugungi kino mavzusi zerikarli bo'ldi, bekor ekan 😔",negative
6725,"uchrashuv juda samarali o'tdi, o'qituvchi tushuntirgan mavzu juda foydali bo'ldi, yoqib qoldi. 😊",positive
6726,"dastur bilan muammo chiqdi, qo'llab-quvvatlash xizmati javob bermadi, xafa bo'ldim. 😡 👎",negative
6727,❤️ 😊 🔥,positive
6728,"Yangi bank xizmati ishga tushdi, hozircha hammasi yaxshi ishlayapti, mamnunman. 😄",positive
6729,"majlis juda samarali o'tdi, o'qituvchi tushuntirgan mavzu juda foydali bo'ldi, mamnunman. 😎",positive
6730,"o'tgan oy o'qituvchi bilan qisqa suhbatlashdim, oddiy bo'ldi. 🙄 😶",neutral
6731,"Namangandagi sayohatim ajoyib o'tdi, xizmatlar hammasi darajasida, zo'r bo'ldi. 👍",positive
6732,"kecha Qo'qonga bordim, hamma narsa yoqib qoldi.",positive
6733,🙄 !? 📌,neutral
6734,"Twitterda yangi kofe haqida post ko'rdim, menga juda yoqdi, zo'r bo'ldi. 👍",positive
6735,"post sifati yana tushib ketgan, bekor ekan",negative
6736,"Facebookda yangi planshet haqida post ko'rdim, menga juda yoqdi, hayratda qoldim. 🥰",positive
6737,"Instagramda yangi noutbuk haqida post ko'rdim, menga juda yoqdi, juda xursand bo'ldim.",positive
6738,"internet sifati yana tushib ketgan, bekor ketdi hamma narsasi 🤦‍♀️",negative
6739,"Facebookdagi reklamalar juda asabga tegayapti, xafa bo'ldim. 😭 😠",negative
6740,"Xivadagi sayohatim ajoyib o'tdi, xizmatlar hammasi darajasida, kayfiyatim ko'tarildi. 😍",positive
6741,"post sifati yana tushib ketgan, pulga achindim 😭",negative
6742,otliii 😎,positive
6743,"shu hafta Toshkentga bordim, hamma narsa kayfiyatim ko'tarildi. 😍 😁",positive
6744,"video bo'yicha pul mavzusi zo'r chiqibdi, super 😍",positive
6745,"😊 imtihon juda samarali o'tdi, direktor tushuntirgan mavzu juda foydali bo'ldi, hayratda qoldim.",positive
6746,"dekan va'da qilgan ishini bajarmadi, natijadan xafa bo'ldim.",negative
6747,"o'tgan oy Buxoroga bordim, hamma narsa zo'r bo'ldi.",positive
6748,bekor ketdi hamma narsasi 😡,negative
6749,"Facebookda yangi aviachiptalar haqida post ko'rdim, menga juda yoqdi, juda xursand bo'ldim.",positive
6750,"bugun Samarqandda bo'lgan uchrashuv menga umuman yoqmadi, afsuslandim. 😔",negative
6751,"😭 kelasi oy Farg'onada bo'lgan uchrashuv menga umuman yoqmadi, hafsalam pir bo'ldi.",negative
6752,"kommentlarda hammasi urush, pulga achindim 😔",negative
6753,"ilova bo'yicha futbol postini ko'rdim, hech narsa o'zgarmadi 😶",neutral
6754,"bugun Andijonga bordim, hamma narsa juda xursand bo'ldim.",positive
6755,"planshet sotib oldim, narxi arzon emas, lekin sifati uchun zo'r bo'ldi. 😍 🥰",positive
6756,"dastur bo'yicha blog postini ko'rdim, hech narsa o'zgarmadi",neutral
6757,"😁 o'tgan oy Namanganga bordim, hamma narsa hayratda qoldim.",positive
6758,"Facebookda yangi Samsung A55 haqida post ko'rdim, menga juda yoqdi, hayratda qoldim. 😍",positive
6759,😎 :),positive
6760,"bugungi musiqa mavzusi zerikarli bo'ldi, bekor ketdi hamma narsasi 😢",negative
6761,"kuryer xizmati bo'yicha yangilanish chiqdi, lekin hozircha shunchaki ma'lumot uchun. 🙄 😶",neutral
6762,"odamlar nimadir yozibdi, lekin men uchun bilmayman :|",neutral
6763,"rahmat, zo'r ekan",positive
6764,"😐 o'tgan oy Buxoroda dars bo'lib o'tdi, men faqat qatnashdim, hech qanday o'zgarish sezilmadi.",neutral
6765,"bugungi servis haqidagi futbol videolari yoqdi, rahmat, zo'r ekan 😁",positive
6766,✨ 🥰 🔥,positive
6767,"📌 🙄 Samarqand haqida yangilik o'qidim, oddatdagidek.",neutral
6768,"kommentlarda hammasi urush, qattiq hafsalam pir bo'ldi 🤦‍♀️",negative
6769,"bugun musiqa bo'yicha faqat kuzatib turdim, hech narsa o'zgarmadi 📌",neutral
6770,"bloger juda chiroyli tushuntiribdi, otliii 😁",positive
6771,"😁 YouTubeda yangi noutbuk haqida post ko'rdim, menga juda yoqdi, mamnunman.",positive
6772,"🙄 😐 kofe haqida fikrlar turlicha, hozircha hech qanday o'zgarish sezilmadi.",neutral
6773,"majlis juda samarali o'tdi, do'stim tushuntirgan mavzu juda foydali bo'ldi, yoqib qoldi. 😍",positive
6774,"kelasi oy Andijonda bo'lgan konferensiya menga umuman yoqmadi, xafa bo'ldim.",negative
6775,🤦‍♂️ 🤦‍♂️ :(,negative
6776,"Twitterda yangi Samsung A55 haqida post ko'rdim, menga juda yoqdi, kayfiyatim ko'tarildi.",positive
6777,nogiron qilindi :-/,negative
6778,"😔 hamkasbim va'da qilgan ishini bajarmadi, natijadan noroziman.",negative
6779,"iPhone 15 haqida fikrlar turlicha, hozircha neytral qarayman. ℹ️",neutral
6780,"👍 😎 Yangi internet xizmati ishga tushdi, hozircha hammasi yaxshi ishlayapti, yoqib qoldi.",positive
6781,"😁 ✨ Yangi dastur ishga tushdi, hozircha hammasi yaxshi ishlayapti, yoqib qoldi.",positive
6782,"konferensiya juda samarali o'tdi, direktor tushuntirgan mavzu juda foydali bo'ldi, kayfiyatim ko'tarildi. 😄",positive
6783,"Facebookda yangi Redmi Note 13 haqida post ko'rdim, menga juda yoqdi, juda xursand bo'ldim. 😍",positive
6784,"odamlar umuman tushuntira olmadi, juda yomon 🤦‍♂️",negative
6785,"bugun futbol bo'yicha faqat kuzatib turdim, norm 🤔",neutral
6786,"Toshkent haqida yangilik o'qidim, oddiy bo'ldi. ℹ️ 😶",neutral
6787,"konferensiya juda samarali o'tdi, do'stim tushuntirgan mavzu juda foydali bo'ldi, juda xursand bo'ldim. 😄",positive
6788,"folloverlar umuman tushuntira olmadi, umidsizlik >:(",negative
6789,"😶 Telegramda Samsung A55 haqida e'lon ko'rdim, hozircha faqat ma'lumot yig'ayapman, oddatdagidek.",neutral
6790,bilmayman ??,neutral
6791,"uchrashuv juda samarali o'tdi, direktor tushuntirgan mavzu juda foydali bo'ldi, zo'r bo'ldi.",positive
6792,"Andijondagi sayohatim ajoyib o'tdi, xizmatlar hammasi darajasida, kayfiyatim ko'tarildi. 😄",positive
6793,"kommentlarda hammasi urush, aldashdi",negative
6794,"ertaga Qo'qonda uchrashuv bo'lib o'tdi, men faqat qatnashdim, oddatdagidek.",neutral
6795,:D 👍 😎 <3,positive
6796,"Telegramda Redmi Note 13 haqida e'lon ko'rdim, hozircha faqat ma'lumot yig'ayapman, oddiy bo'ldi. ℹ️ 📌",neutral
6797,"kommentlarni o'qidim, bilmayman 🤔",neutral
6798,"majlis juda samarali o'tdi, do'stim tushuntirgan mavzu juda foydali bo'ldi, kayfiyatim ko'tarildi. ✨",positive
6799,"bugun kommentlar bo'yicha faqat kuzatib turdim, prosta savol ...",neutral
6800,"😭 noutbuk sifati kutilganidek emas, juda sust ishlayapti, afsuslandim.",negative
6801,"Namanganga borish rejam buzildi, chiptalar bilan muammo bo'ldi, xafa bo'ldim. 😭",negative
6802,"Yangi dastur ishga tushdi, hozircha hammasi yaxshi ishlayapti, hayratda qoldim. 🤩 😄",positive
6803,"internet bo'yicha pul mavzusi zo'r chiqibdi, otliii 🥰",positive
6804,"😊 Telegramda yangi Samsung A55 haqida post ko'rdim, menga juda yoqdi, yoqib qoldi.",positive
6805,"💔 🤬 Redmi Note 13 sifati kutilganidek emas, juda sust ishlayapti, noroziman.",negative
6806,"👍 o'tgan oy Xivaga bordim, hamma narsa mamnunman.",positive
6807,"admin juda chiroyli tushuntiribdi, menga yoqdi ❤️",positive
6808,"🤩 Qo'qondagi sayohatim ajoyib o'tdi, xizmatlar hammasi darajasida, yoqib qoldi.",positive
6809,"Namangandagi sayohatim ajoyib o'tdi, xizmatlar hammasi darajasida, kayfiyatim ko'tarildi.",positive
6810,"Qo'qonga borish rejam buzildi, chiptalar bilan muammo bo'ldi, noroziman.",negative
6811,"😎 😍 konferensiya juda samarali o'tdi, rahbar tushuntirgan mavzu juda foydali bo'ldi, kayfiyatim ko'tarildi.",positive
6812,"🤩 Samsung A55 sotib oldim, narxi arzon emas, lekin sifati uchun juda xursand bo'ldim.",positive
6813,😡 😠,negative
6814,"kecha Buxoroga bordim, hamma narsa kayfiyatim ko'tarildi. 😎",positive
6815,"😢 ertaga Namanganda bo'lgan uchrashuv menga umuman yoqmadi, xafa bo'ldim.",negative
6816,"😶 🤔 kelasi oy Buxoroda dars bo'lib o'tdi, men faqat qatnashdim, neytral qarayman.",neutral
6817,"ertaga Andijonda konferensiya bo'lib o'tdi, men faqat qatnashdim, oddiy bo'ldi.",neutral
6818,"Samarqand haqida yangilik o'qidim, hech qanday o'zgarish sezilmadi. 📌",neutral
6819,"😡 😠 bank xizmati bilan muammo chiqdi, qo'llab-quvvatlash xizmati javob bermadi, xafa bo'ldim.",negative
6820,"bugun Xivada konferensiya bo'lib o'tdi, men faqat qatnashdim, oddatdagidek. 📌",neutral
6821,"Facebookda yangi noutbuk haqida post ko'rdim, menga juda yoqdi, hayratda qoldim. ✨",positive
6822,"YouTubeda yangi noutbuk haqida post ko'rdim, menga juda yoqdi, kayfiyatim ko'tarildi. 🤩",positive
6823,"Redmi Note 13 sotib oldim, narxi arzon emas, lekin sifati uchun mamnunman. 😁 🥰",positive
6824,"opa umuman tushuntira olmadi, yoqmadi 🤦‍♂️",negative
6825,"😊 Andijondagi sayohatim ajoyib o'tdi, xizmatlar hammasi darajasida, mamnunman.",positive
6826,kommentlarni o'qib rostdan ham gap yo'q ❤️,positive
6827,:'( 😭,negative
6828,"ertaga Andijonda imtihon bo'lib o'tdi, men faqat qatnashdim, neytral qarayman.",neutral
6829,😔 😔,negative
6830,"Yangi kuryer xizmati ishga tushdi, hozircha hammasi yaxshi ishlayapti, zo'r bo'ldi. 😍",positive
6831,"professor va'da qilgan ishini bajarmadi, natijadan noroziman. 💔",negative
6832,"oyin bo'yicha siyosat mavzusi zo'r chiqibdi, kontent yoqdi 😊",positive
6833,"bugun Toshkentda seminar bo'lib o'tdi, men faqat qatnashdim, neytral qarayman. 🙄 📌",neutral
6834,"😍 planshet sotib oldim, narxi arzon emas, lekin sifati uchun juda xursand bo'ldim.",positive
6835,"Qo'qonga borish rejam buzildi, chiptalar bilan muammo bo'ldi, xafa bo'ldim.",negative
6836,"😄 😍 Telegramda yangi aviachiptalar haqida post ko'rdim, menga juda yoqdi, mamnunman.",positive
6837,"Namangandagi sayohatim ajoyib o'tdi, xizmatlar hammasi darajasida, zo'r bo'ldi. ✨",positive
6838,"kelasi oy Farg'onaga bordim, hamma narsa mamnunman.",positive
6839,"😶 kuryer xizmati bo'yicha yangilanish chiqdi, lekin hozircha oddiy bo'ldi.",neutral
6840,"📌 kelasi oy Xivada majlis bo'lib o'tdi, men faqat qatnashdim, oddiy bo'ldi.",neutral
6841,>:( 💔,negative
6842,"o'qib qo'ydim xolos, fikir yo'q 😐",neutral
6843,"opa juda chiroyli tushuntiribdi, klass ✨",positive
6844,"bugun kommentlar bo'yicha faqat kuzatib turdim, ko'rdim xolos ✍️",neutral
6845,"😄 Instagramda yangi Redmi Note 13 haqida post ko'rdim, menga juda yoqdi, juda xursand bo'ldim.",positive
6846,"kecha Farg'onaga bordim, hamma narsa juda xursand bo'ldim.",positive
6847,"👎 👎 mijozlarga xizmat ko'rsatish bilan muammo chiqdi, qo'llab-quvvatlash xizmati javob bermadi, xafa bo'ldim.",negative
6848,"kelasi oy Qo'qonda imtihon bo'lib o'tdi, men faqat qatnashdim, neytral qarayman.",neutral
6849,"telegram kanal sifati yana tushib ketgan, bekor ketdi hamma narsasi 👎",negative
6850,"📌 ℹ️ shu hafta direktor bilan qisqa suhbatlashdim, oddatdagidek.",neutral
6851,"💔 professor va'da qilgan ishini bajarmadi, natijadan hafsalam pir bo'ldi.",negative
6852,"Farg'onadagi sayohatim ajoyib o'tdi, xizmatlar hammasi darajasida, hayratda qoldim. 😊 🥰",positive
6853,"Instagramda kofe haqida e'lon ko'rdim, hozircha faqat ma'lumot yig'ayapman, oddiy bo'ldi.",neutral
6854,"seminar juda samarali o'tdi, professor tushuntirgan mavzu juda foydali bo'ldi, zo'r bo'ldi. 😄 🥰",positive
6855,"o'tgan oy Qo'qonga bordim, hamma narsa yoqib qoldi. 😍",positive
6856,"🙄 Andijon haqida yangilik o'qidim, oddatdagidek.",neutral
6857,🔥 😎 🔥,positive
6858,"odamlar nimadir yozibdi, lekin men uchun info uchun ℹ️",neutral
6859,"bugungi blog mavzusi zerikarli bo'ldi, servis noldan ham past",negative
6860,"dars juda samarali o'tdi, do'stim tushuntirgan mavzu juda foydali bo'ldi, zo'r bo'ldi. 👍",positive
6861,"😍 😁 konferensiya juda samarali o'tdi, o'qituvchi tushuntirgan mavzu juda foydali bo'ldi, zo'r bo'ldi.",positive
6862,❤️ <3,positive
6863,"o'qib qo'ydim xolos, prosta savol",neutral
6864,"kecha Samarqandda bo'lgan dars menga umuman yoqmadi, umuman yoqmadi. 😭 👎",negative
6865,"😄 ertaga Andijonga bordim, hamma narsa yoqib qoldi.",positive
6866,"folloverlar juda chiroyli tushuntiribdi, bombaaa ✨",positive
6867,"uchrashuv juda samarali o'tdi, hamkasbim tushuntirgan mavzu juda foydali bo'ldi, juda xursand bo'ldim. ✨ 😎",positive
6868,"Facebookda yangi planshet haqida post ko'rdim, menga juda yoqdi, hayratda qoldim.",positive
6869,"😄 kofe sotib oldim, narxi arzon emas, lekin sifati uchun zo'r bo'ldi.",positive
6870,"sayt bo'yicha musiqa mavzusi zo'r chiqibdi, zo'r 🔥",positive
6871,"Namanganga borish rejam buzildi, chiptalar bilan muammo bo'ldi, noroziman.",negative
6872,"konferensiya juda samarali o'tdi, hamkasbim tushuntirgan mavzu juda foydali bo'ldi, yoqib qoldi.",positive
6873,"bugungi video haqidagi kommentlar videolari yoqdi, super ✨",positive
6874,"😶 😶 kecha professor bilan qisqa suhbatlashdim, hech qanday o'zgarish sezilmadi.",neutral
6875,"😍 uchrashuv juda samarali o'tdi, o'qituvchi tushuntirgan mavzu juda foydali bo'ldi, yoqib qoldi.",positive
6876,"bloger juda chiroyli tushuntiribdi, bombaaa ✨",positive
6877,"💔 YouTubedagi reklamalar juda asabga tegayapti, juda jahlim chiqdi.",negative
6878,😎 🥰 😎,positive
6879,"Twitterda yangi kitob haqida post ko'rdim, menga juda yoqdi, mamnunman.",positive
6880,"bloger umuman tushuntira olmadi, pulga achindim 😡",negative
6881,"o'tgan oy Buxoroga bordim, hamma narsa mamnunman. 🥰",positive
6882,"Instagramda yangi aviachiptalar haqida post ko'rdim, menga juda yoqdi, zo'r bo'ldi. 🥰 🥰",positive
6883,"kommentlarni o'qidim, prosta savol 😐",neutral
6884,"Instagramda yangi Redmi Note 13 haqida post ko'rdim, menga juda yoqdi, hayratda qoldim. 😍 ✨",positive
6885,qattiq hafsalam pir bo'ldi :-/,negative
6886,"internet bo'yicha musiqa mavzusi zo'r chiqibdi, menga yoqdi 🥰",positive
6887,"kecha Buxoroga bordim, hamma narsa zo'r bo'ldi. 😊 😄",positive
6888,"😁 bugun Samarqandga bordim, hamma narsa kayfiyatim ko'tarildi.",positive
6889,"😎 😊 YouTubeda yangi planshet haqida post ko'rdim, menga juda yoqdi, juda xursand bo'ldim.",positive
6890,"aka nimadir yozibdi, lekin men uchun shunchaki",neutral
6891,"🤔 YouTubeda Samsung A55 haqida e'lon ko'rdim, hozircha faqat ma'lumot yig'ayapman, hech qanday o'zgarish sezilmadi.",neutral
6892,"YouTubedagi reklamalar juda asabga tegayapti, juda jahlim chiqdi. 👎 😠",negative
6893,"bugun siyosat bo'yicha faqat kuzatib turdim, shunchaki ✍️",neutral
6894,"💔 😡 rahbar va'da qilgan ishini bajarmadi, natijadan afsuslandim.",negative
6895,"shu hafta Farg'onada bo'lgan imtihon menga umuman yoqmadi, umuman yoqmadi. 😭 😭",negative
6896,"ertaga Namanganga bordim, hamma narsa yoqib qoldi.",positive
6897,"ertaga professor bilan qisqa suhbatlashdim, shunchaki ma'lumot uchun.",neutral
6898,"bugun Qo'qonga bordim, hamma narsa mamnunman. 🥰",positive
6899,"kelasi oy Toshkentda majlis bo'lib o'tdi, men faqat qatnashdim, shunchaki ma'lumot uchun. 😶",neutral
6900,"🤔 🙄 aviachiptalar haqida fikrlar turlicha, hozircha shunchaki ma'lumot uchun.",neutral
6901,"odamlar umuman tushuntira olmadi, bekor ekan",negative
6902,"kecha Namanganga bordim, hamma narsa mamnunman.",positive
6903,kommentlarni o'qib rostdan ham chiqqan joyi yoqdi <3,positive
6904,"kommentlarda hammasi urush, servis noldan ham past 💔",negative
6905,"Facebookda yangi aviachiptalar haqida post ko'rdim, menga juda yoqdi, mamnunman. 🤩",positive
6906,"📌 kecha professor bilan qisqa suhbatlashdim, shunchaki ma'lumot uchun.",neutral
6907,😍 :D,positive
6908,😔 😡 :-/ 😢,negative
6909,"yana shunaqa reklama chiqdi, charchatdi 💔",negative
6910,"Farg'ona haqida yangilik o'qidim, neytral qarayman. 😶",neutral
6911,"kecha Andijonda bo'lgan seminar menga umuman yoqmadi, noroziman.",negative
6912,"o'tgan oy Buxoroda konferensiya bo'lib o'tdi, men faqat qatnashdim, oddatdagidek.",neutral
6913,"✨ imtihon juda samarali o'tdi, rahbar tushuntirgan mavzu juda foydali bo'ldi, zo'r bo'ldi.",positive
6914,"opa nimadir yozibdi, lekin men uchun bilmayman ??",neutral
6915,"Instagramda yangi Samsung A55 haqida post ko'rdim, menga juda yoqdi, kayfiyatim ko'tarildi. 😁",positive
6916,"🙄 aviachiptalar haqida fikrlar turlicha, hozircha shunchaki ma'lumot uchun.",neutral
6917,"bugun kino bo'yicha faqat kuzatib turdim, ko'rdim xolos 🤔",neutral
6918,"😐 bugun Samarqandda konferensiya bo'lib o'tdi, men faqat qatnashdim, oddiy bo'ldi.",neutral
6919,"seminar juda samarali o'tdi, o'qituvchi tushuntirgan mavzu juda foydali bo'ldi, mamnunman.",positive
6920,"📌 telefon operatori bo'yicha yangilanish chiqdi, lekin hozircha hech qanday o'zgarish sezilmadi.",neutral
6921,"opa juda chiroyli tushuntiribdi, super 👍",positive
6922,"😐 planshet haqida fikrlar turlicha, hozircha oddatdagidek.",neutral
6923,"servis sifati yana tushib ketgan, hech nima tushunmadim 🤦‍♂️",negative
6924,"o'tgan oy Toshkentda uchrashuv bo'lib o'tdi, men faqat qatnashdim, neytral qarayman.",neutral
6925,"Twitterda yangi kitob haqida post ko'rdim, menga juda yoqdi, yoqib qoldi.",positive
6926,,
6927,"😐 ℹ️ bank xizmati bo'yicha yangilanish chiqdi, lekin hozircha shunchaki ma'lumot uchun.",neutral
6928,"😎 shu hafta Farg'onaga bordim, hamma narsa yoqib qoldi.",positive
6929,"🥰 Yangi bank xizmati ishga tushdi, hozircha hammasi yaxshi ishlayapti, zo'r bo'ldi.",positive
6930,🙄 :| :|,neutral
6931,"Instagramda noutbuk haqida e'lon ko'rdim, hozircha faqat ma'lumot yig'ayapman, oddatdagidek. 🙄 🙄",neutral
6932,"Yangi mijozlarga xizmat ko'rsatish ishga tushdi, hozircha hammasi yaxshi ishlayapti, yoqib qoldi. 🥰",positive
6933,servis noldan ham past 🤦‍♀️,negative
6934,"😊 Farg'onadagi sayohatim ajoyib o'tdi, xizmatlar hammasi darajasida, hayratda qoldim.",positive
6935,"do'stlar nimadir yozibdi, lekin men uchun bilmayman 📌",neutral
6936,"👎 kuryer xizmati bilan muammo chiqdi, qo'llab-quvvatlash xizmati javob bermadi, afsuslandim.",negative
6937,"ℹ️ 🤔 YouTubeda Samsung A55 haqida e'lon ko'rdim, hozircha faqat ma'lumot yig'ayapman, shunchaki ma'lumot uchun.",neutral
6938,"shu hafta do'stim bilan qisqa suhbatlashdim, neytral qarayman.",neutral
6939,"bloger umuman tushuntira olmadi, qattiq hafsalam pir bo'ldi 🤦‍♀️",negative
6940,"kuryer xizmati bo'yicha yangilanish chiqdi, lekin hozircha neytral qarayman. 🤔 😐",neutral
6941,"ertaga Namanganda bo'lgan majlis menga umuman yoqmadi, umuman yoqmadi.",negative
6942,klass ❤️,positive
6943,"ℹ️ ertaga Namanganda majlis bo'lib o'tdi, men faqat qatnashdim, hech qanday o'zgarish sezilmadi.",neutral
6944,"kitob haqida fikrlar turlicha, hozircha oddatdagidek. ℹ️",neutral
6945,🤦‍♂️ :-/ 😢 😠,negative
6946,🤦‍♂️ 🤦‍♀️ 😭 👎,negative
6947,"kecha rahbar bilan qisqa suhbatlashdim, neytral qarayman.",neutral
6948,"noutbuk sotib oldim, narxi arzon emas, lekin sifati uchun zo'r bo'ldi. 😁 🤩",positive
6949,"😁 bugun Namanganga bordim, hamma narsa juda xursand bo'ldim.",positive
6950,"telefon operatori bo'yicha yangilanish chiqdi, lekin hozircha oddatdagidek.",neutral
6951,"😎 Twitterda yangi Samsung A55 haqida post ko'rdim, menga juda yoqdi, kayfiyatim ko'tarildi.",positive
6952,"iPhone 15 sotib oldim, narxi arzon emas, lekin sifati uchun hayratda qoldim. 🤩",positive
6953,"o'tgan oy Namanganga bordim, hamma narsa yoqib qoldi.",positive
6954,"Samarqand haqida yangilik o'qidim, shunchaki ma'lumot uchun. ℹ️",neutral
6955,"o'tgan oy Samarqandda uchrashuv bo'lib o'tdi, men faqat qatnashdim, neytral qarayman. 😶 🤔",neutral
6956,"😊 imtihon juda samarali o'tdi, rahbar tushuntirgan mavzu juda foydali bo'ldi, yoqib qoldi.",positive
6957,"internet xizmati bo'yicha yangilanish chiqdi, lekin hozircha neytral qarayman. 📌",neutral
6958,"Yangi ilova ishga tushdi, hozircha hammasi yaxshi ishlayapti, hayratda qoldim.",positive
6959,"instagram sahifa sifati yana tushib ketgan, yoqmadi 😡",negative
6960,"kecha do'stim bilan qisqa suhbatlashdim, hech qanday o'zgarish sezilmadi. 😶",neutral
6961,"📌 dastur bo'yicha yangilanish chiqdi, lekin hozircha oddatdagidek.",neutral
6962,"shu hafta Andijonga bordim, hamma narsa zo'r bo'ldi. 👍",positive
6963,"aviachiptalar sotib oldim, narxi arzon emas, lekin sifati uchun juda xursand bo'ldim. 👍",positive
6964,"bugungi futbol mavzusi zerikarli bo'ldi, aldashdi",negative
6965,<3 ❤️ 😊 ✨,positive
6966,"😡 😡 Instagramdagi reklamalar juda asabga tegayapti, noroziman.",negative
6967,"😊 Facebookda yangi aviachiptalar haqida post ko'rdim, menga juda yoqdi, kayfiyatim ko'tarildi.",positive
6968,"dars juda samarali o'tdi, dekan tushuntirgan mavzu juda foydali bo'ldi, juda xursand bo'ldim. 😍",positive
6969,"🤔 bugun dekan bilan qisqa suhbatlashdim, hech qanday o'zgarish sezilmadi.",neutral
6970,🙄 😐 ✍️,neutral
6971,"Andijon haqida yangilik o'qidim, neytral qarayman. 😶",neutral
6972,"Toshkent haqida yangilik o'qidim, shunchaki ma'lumot uchun.",neutral
6973,"bugun o'qituvchi bilan qisqa suhbatlashdim, oddiy bo'ldi.",neutral
6974,"ℹ️ 🙄 bugun hamkasbim bilan qisqa suhbatlashdim, hech qanday o'zgarish sezilmadi.",neutral
6975,"rahbar va'da qilgan ishini bajarmadi, natijadan xafa bo'ldim. 🤬 👎",negative
6976,"bugun blog bo'yicha faqat kuzatib turdim, bilmayman ✍️",neutral
6977,"😶 internet xizmati bo'yicha yangilanish chiqdi, lekin hozircha hech qanday o'zgarish sezilmadi.",neutral
6978,"😡 💔 Facebookdagi reklamalar juda asabga tegayapti, juda jahlim chiqdi.",negative
6979,"kelasi oy Andijonda majlis bo'lib o'tdi, men faqat qatnashdim, neytral qarayman. 😶",neutral
6980,"telefon operatori bo'yicha yangilanish chiqdi, lekin hozircha oddiy bo'ldi. ℹ️",neutral
6981,"instagram sahifa sifati yana tushib ketgan, bekor ekan",negative
6982,"👍 😁 konferensiya juda samarali o'tdi, rahbar tushuntirgan mavzu juda foydali bo'ldi, hayratda qoldim.",positive
6983,"😞 Instagramdagi reklamalar juda asabga tegayapti, hafsalam pir bo'ldi.",negative
6984,"Twitterda yangi noutbuk haqida post ko'rdim, menga juda yoqdi, juda xursand bo'ldim.",positive
6985,"bugun dekan bilan qisqa suhbatlashdim, neytral qarayman.",neutral
6986,"Buxorodagi sayohatim ajoyib o'tdi, xizmatlar hammasi darajasida, kayfiyatim ko'tarildi. 😎",positive
6987,bunaqa kontent ko'proq bo'lsa zo'r bo'lardi :),positive
6988,"Redmi Note 13 sotib oldim, narxi arzon emas, lekin sifati uchun yoqib qoldi. 😎",positive
6989,"uchrashuv juda samarali o'tdi, dekan tushuntirgan mavzu juda foydali bo'ldi, hayratda qoldim.",positive
6990,"kuryer xizmati bo'yicha yangilanish chiqdi, lekin hozircha shunchaki ma'lumot uchun. 🙄",neutral
6991,"📌 mijozlarga xizmat ko'rsatish bo'yicha yangilanish chiqdi, lekin hozircha oddatdagidek.",neutral
6992,"Qo'qondagi sayohatim ajoyib o'tdi, xizmatlar hammasi darajasida, hayratda qoldim. 🤩 😄",positive
6993,"bugungi sayt haqidagi talim videolari yoqdi, bombaaa 😄",positive
6994,"Facebookda yangi aviachiptalar haqida post ko'rdim, menga juda yoqdi, yoqib qoldi. 🤩",positive
6995,"YouTubeda kofe haqida e'lon ko'rdim, hozircha faqat ma'lumot yig'ayapman, shunchaki ma'lumot uchun.",neutral
6996,"folloverlar umuman tushuntira olmadi, bekor ketdi hamma narsasi 💔",negative
6997,"hamma nimadir yozibdi, lekin men uchun bilmayman ℹ️",neutral
6998,"Qo'qondagi sayohatim ajoyib o'tdi, xizmatlar hammasi darajasida, zo'r bo'ldi. 😊",positive
6999,"😠 kecha Buxoroda bo'lgan seminar menga umuman yoqmadi, afsuslandim.",negative
7000,"🥰 iPhone 15 sotib oldim, narxi arzon emas, lekin sifati uchun kayfiyatim ko'tarildi.",positive
7001,menga yoqdi 😎,positive
7002,"do'stlar umuman tushuntira olmadi, hech nima tushunmadim 👎",negative
7003,"kecha Qo'qonga bordim, hamma narsa juda xursand bo'ldim. 👍 ✨",positive
7004,"kecha professor bilan qisqa suhbatlashdim, oddiy bo'ldi.",neutral
7005,"Telegramda yangi kofe haqida post ko'rdim, menga juda yoqdi, hayratda qoldim.",positive
7006,"folloverlar nimadir yozibdi, lekin men uchun neytralman 😐",neutral
7007,"bugun Toshkentga bordim, hamma narsa juda xursand bo'ldim.",positive
7008,"Twitterda aviachiptalar haqida e'lon ko'rdim, hozircha faqat ma'lumot yig'ayapman, shunchaki ma'lumot uchun. 🙄 🤔",neutral
7009,"ertaga Xivada bo'lgan majlis menga umuman yoqmadi, xafa bo'ldim.",negative
7010,"😁 Yangi mijozlarga xizmat ko'rsatish ishga tushdi, hozircha hammasi yaxshi ishlayapti, kayfiyatim ko'tarildi.",positive
7011,"post bo'yicha musiqa mavzusi zo'r chiqibdi, zo'r",positive
7012,"🤩 😍 Instagramda yangi Redmi Note 13 haqida post ko'rdim, menga juda yoqdi, zo'r bo'ldi.",positive
7013,"📌 😶 YouTubeda kofe haqida e'lon ko'rdim, hozircha faqat ma'lumot yig'ayapman, oddiy bo'ldi.",neutral
7014,"Facebookda yangi kitob haqida post ko'rdim, menga juda yoqdi, mamnunman.",positive
7015,"😁 😍 Qo'qondagi sayohatim ajoyib o'tdi, xizmatlar hammasi darajasida, zo'r bo'ldi.",positive
7016,"kitob sifati kutilganidek emas, juda sust ishlayapti, hafsalam pir bo'ldi. 😞 😭",negative
7017,"yana shunaqa reklama chiqdi, charchatdi 😔",negative
7018,"Namangan haqida yangilik o'qidim, oddiy bo'ldi.",neutral
7019,"😐 kecha Qo'qonda majlis bo'lib o'tdi, men faqat qatnashdim, neytral qarayman.",neutral
7020,"kommentlarni o'qidim, shunchaki 🙄",neutral
7021,:( 👎,negative
7022,"iPhone 15 haqida fikrlar turlicha, hozircha oddatdagidek. 🙄 📌",neutral
7023,"Twitterda yangi kitob haqida post ko'rdim, menga juda yoqdi, zo'r bo'ldi. 😊",positive
7024,"😊 seminar juda samarali o'tdi, hamkasbim tushuntirgan mavzu juda foydali bo'ldi, zo'r bo'ldi.",positive
7025,"kommentlarda hammasi urush, zerikarli 😠",negative
7026,"😍 ertaga Toshkentga bordim, hamma narsa zo'r bo'ldi.",positive
7027,"bugungi texnika mavzusi zerikarli bo'ldi, tavsiya etmayman 🤬",negative
7028,"Samarqand haqida yangilik o'qidim, oddiy bo'ldi. 😶",neutral
7029,"😶 kitob haqida fikrlar turlicha, hozircha oddatdagidek.",neutral
7030,"kecha Andijonga bordim, hamma narsa juda xursand bo'ldim.",positive
7031,kommentlarni o'qib rostdan ham gap yo'q 😄,positive
7032,"shu hafta Toshkentga bordim, hamma narsa kayfiyatim ko'tarildi. 😄",positive
7033,"bugungi texnika mavzusi zerikarli bo'ldi, tavsiya etmayman 😠",negative
7034,"admin umuman tushuntira olmadi, servis noldan ham past 🤦‍♂️",negative
7035,"Facebookda yangi kofe haqida post ko'rdim, menga juda yoqdi, kayfiyatim ko'tarildi.",positive
7036,"Farg'ona haqida yangilik o'qidim, shunchaki ma'lumot uchun. ℹ️",neutral
7037,"bugun Toshkentda bo'lgan konferensiya menga umuman yoqmadi, hafsalam pir bo'ldi. 😞",negative
7038,"Facebookda kitob haqida e'lon ko'rdim, hozircha faqat ma'lumot yig'ayapman, shunchaki ma'lumot uchun. 🤔",neutral
7039,"👍 konferensiya juda samarali o'tdi, hamkasbim tushuntirgan mavzu juda foydali bo'ldi, juda xursand bo'ldim.",positive
7040,"shu hafta Buxoroga bordim, hamma narsa kayfiyatim ko'tarildi.",positive
7041,"😭 😞 kofe sifati kutilganidek emas, juda sust ishlayapti, xafa bo'ldim.",negative
7042,🔥 🥰 ❤️,positive
7043,"Andijondagi sayohatim ajoyib o'tdi, xizmatlar hammasi darajasida, juda xursand bo'ldim. 🤩 😄",positive
7044,🤩 😁 😍,positive
7045,"dastur bo'yicha pul mavzusi zo'r chiqibdi, yaxshi ishlayapti",positive
7046,"😞 👎 YouTubedagi reklamalar juda asabga tegayapti, juda jahlim chiqdi.",negative
7047,😐 ?? !?,neutral
7048,"telefon operatori bo'yicha yangilanish chiqdi, lekin hozircha oddiy bo'ldi. 📌",neutral
7049,"✨ Qo'qondagi sayohatim ajoyib o'tdi, xizmatlar hammasi darajasida, yoqib qoldi.",positive
7050,"YouTubeda yangi kitob haqida post ko'rdim, menga juda yoqdi, zo'r bo'ldi.",positive
7051,"👍 Samarqanddagi sayohatim ajoyib o'tdi, xizmatlar hammasi darajasida, kayfiyatim ko'tarildi.",positive
7052,"rahmat, zo'r ekan 🔥",positive
7053,"🤬 💔 bugun Qo'qonda bo'lgan imtihon menga umuman yoqmadi, juda jahlim chiqdi.",negative
7054,"Yangi ilova ishga tushdi, hozircha hammasi yaxshi ishlayapti, kayfiyatim ko'tarildi. ✨",positive
7055,"mijozlarga xizmat ko'rsatish bo'yicha yangilanish chiqdi, lekin hozircha neytral qarayman. 🤔 📌",neutral
7056,"o'tgan oy Farg'onaga bordim, hamma narsa juda xursand bo'ldim.",positive
7057,"✨ kecha Toshkentga bordim, hamma narsa juda xursand bo'ldim.",positive
7058,"Telegramdagi reklamalar juda asabga tegayapti, umuman yoqmadi. 😞",negative
7059,"🥰 Instagramda yangi planshet haqida post ko'rdim, menga juda yoqdi, hayratda qoldim.",positive
7060,?? 📌 ✍️,neutral
7061,"bugun siyosat bo'yicha faqat kuzatib turdim, bilmayman 🤔",neutral
7062,"🥰 Redmi Note 13 sotib oldim, narxi arzon emas, lekin sifati uchun mamnunman.",positive
7063,"uchrashuv juda samarali o'tdi, o'qituvchi tushuntirgan mavzu juda foydali bo'ldi, zo'r bo'ldi. 😊",positive
7064,"😄 kelasi oy Andijonga bordim, hamma narsa hayratda qoldim.",positive
7065,"ertaga Andijonga bordim, hamma narsa juda xursand bo'ldim.",positive
7066,"kofe haqida fikrlar turlicha, hozircha neytral qarayman.",neutral
7067,"kecha Xivaga bordim, hamma narsa kayfiyatim ko'tarildi. 😄",positive
7068,"Xivaga borish rejam buzildi, chiptalar bilan muammo bo'ldi, hafsalam pir bo'ldi. 😡",negative
7069,"😡 😡 kuryer xizmati bilan muammo chiqdi, qo'llab-quvvatlash xizmati javob bermadi, xafa bo'ldim.",negative
7070,"😁 Yangi ilova ishga tushdi, hozircha hammasi yaxshi ishlayapti, kayfiyatim ko'tarildi.",positive
7071,"o'tgan oy Xivada uchrashuv bo'lib o'tdi, men faqat qatnashdim, hech qanday o'zgarish sezilmadi. ℹ️",neutral
7072,"bugun talim bo'yicha faqat kuzatib turdim, norm 🙄",neutral
7073,kulib qo'ydim xolos 🙄,neutral
7074,"o'qituvchi va'da qilgan ishini bajarmadi, natijadan xafa bo'ldim. 😔 💔",negative
7075,"bugungi ilova haqidagi musiqa videolari yoqdi, super",positive
7076,"👍 😁 Yangi mijozlarga xizmat ko'rsatish ishga tushdi, hozircha hammasi yaxshi ishlayapti, juda xursand bo'ldim.",positive
7077,"iPhone 15 sifati kutilganidek emas, juda sust ishlayapti, umuman yoqmadi.",negative
7078,zo'r,positive
7079,😞 👎 💔 =/,negative
7080,"hamma nimadir yozibdi, lekin men uchun prosta savol ✍️",neutral
7081,"aviachiptalar haqida fikrlar turlicha, hozircha hech qanday o'zgarish sezilmadi.",neutral
7082,"Twitterdagi reklamalar juda asabga tegayapti, hafsalam pir bo'ldi. 😡",negative
7083,"kelasi oy Xivada bo'lgan dars menga umuman yoqmadi, hafsalam pir bo'ldi.",negative
7084,"ertaga Namanganda konferensiya bo'lib o'tdi, men faqat qatnashdim, oddatdagidek.",neutral
7085,"bugungi pul mavzusi zerikarli bo'ldi, umuman yoqmaydi 👎",negative
7086,"do'stlar nimadir yozibdi, lekin men uchun shunchaki 🤔",neutral
7087,"😁 Yangi ilova ishga tushdi, hozircha hammasi yaxshi ishlayapti, zo'r bo'ldi.",positive
7088,"YouTubeda kitob haqida e'lon ko'rdim, hozircha faqat ma'lumot yig'ayapman, oddatdagidek.",neutral
7089,"Samsung A55 haqida fikrlar turlicha, hozircha oddiy bo'ldi. ℹ️",neutral
7090,"📌 kelasi oy do'stim bilan qisqa suhbatlashdim, oddiy bo'ldi.",neutral
7091,"😡 Twitterdagi reklamalar juda asabga tegayapti, afsuslandim.",negative
7092,"Facebookda yangi kitob haqida post ko'rdim, menga juda yoqdi, mamnunman. 😊",positive
7093,>:( 🤦‍♀️ 🤬,negative
7094,"sayt bo'yicha texnika mavzusi zo'r chiqibdi, top",positive
7095,zerikarli :'(,negative
7096,"👍 kecha Buxoroga bordim, hamma narsa kayfiyatim ko'tarildi.",positive
7097,"kommentlarda hammasi urush, servis noldan ham past :-/",negative
7098,"aviachiptalar sifati kutilganidek emas, juda sust ishlayapti, afsuslandim. 😡",negative
7099,"noutbuk sifati kutilganidek emas, juda sust ishlayapti, afsuslandim. 😞",negative
7100,bunday bo'lmasligi kerak edi 😔,negative
7101,"Telegramdagi reklamalar juda asabga tegayapti, umuman yoqmadi. 😠 😭",negative
7102,"dastur bilan muammo chiqdi, qo'llab-quvvatlash xizmati javob bermadi, noroziman. 😭 😠",negative
7103,;) <3 =),positive
7104,"Redmi Note 13 sotib oldim, narxi arzon emas, lekin sifati uchun yoqib qoldi.",positive
7105,hech narsa o'zgarmadi ??,neutral
7106,"Namanganga borish rejam buzildi, chiptalar bilan muammo bo'ldi, afsuslandim. 😡",negative
7107,"bugungi musiqa mavzusi zerikarli bo'ldi, umuman yoqmaydi 🤦‍♀️",negative
7108,"kommentlarni o'qidim, neytralman",neutral
7109,"🙄 🙄 kelasi oy Qo'qonda uchrashuv bo'lib o'tdi, men faqat qatnashdim, oddatdagidek.",neutral
7110,"bugungi post haqidagi musiqa videolari yoqdi, menga yoqdi <3",positive
7111,"internet xizmati bo'yicha yangilanish chiqdi, lekin hozircha oddatdagidek. 🤔 📌",neutral
7112,"uchrashuv juda samarali o'tdi, hamkasbim tushuntirgan mavzu juda foydali bo'ldi, yoqib qoldi. 🥰 😊",positive
7113,"kofe haqida fikrlar turlicha, hozircha shunchaki ma'lumot uchun. 😐 📌",neutral
7114,top 😍,positive
7115,kommentlarni o'qib rostdan ham top 😁,positive
7116,"😊 😎 Facebookda yangi aviachiptalar haqida post ko'rdim, menga juda yoqdi, mamnunman.",positive
7117,"kelasi oy professor bilan qisqa suhbatlashdim, oddatdagidek.",neutral
7118,😐 ... ℹ️,neutral
7119,"bugungi ilova haqidagi musiqa videolari yoqdi, rosa yoqdi 🥰",positive
7120,"Facebookda iPhone 15 haqida e'lon ko'rdim, hozircha faqat ma'lumot yig'ayapman, hech qanday o'zgarish sezilmadi. 📌 🤔",neutral
7121,"opa juda chiroyli tushuntiribdi, gap yo'q 🥰",positive
7122,🥰 ;) 😁 👍,positive
7123,"📌 Samsung A55 haqida fikrlar turlicha, hozircha oddatdagidek.",neutral
7124,"telegram kanal bo'yicha kino postini ko'rdim, fikir yo'q",neutral
7125,"Samsung A55 sotib oldim, narxi arzon emas, lekin sifati uchun hayratda qoldim. 😁",positive
7126,"seminar juda samarali o'tdi, dekan tushuntirgan mavzu juda foydali bo'ldi, hayratda qoldim.",positive
7127,"Twitterdagi reklamalar juda asabga tegayapti, hafsalam pir bo'ldi. 😔",negative
7128,😶 !?,neutral
7129,"😊 Namangandagi sayohatim ajoyib o'tdi, xizmatlar hammasi darajasida, yoqib qoldi.",positive
7130,"Buxorodagi sayohatim ajoyib o'tdi, xizmatlar hammasi darajasida, kayfiyatim ko'tarildi. 😍 😁",positive
7131,aldashdi 🤬,negative
7132,"aviachiptalar sifati kutilganidek emas, juda sust ishlayapti, noroziman. 😞",negative
7133,bunday bo'lmasligi kerak edi :(,negative
7134,:) 🔥,positive
7135,"💔 kuryer xizmati bilan muammo chiqdi, qo'llab-quvvatlash xizmati javob bermadi, umuman yoqmadi.",negative
7136,"😎 ertaga Samarqandga bordim, hamma narsa kayfiyatim ko'tarildi.",positive
7137,"😄 Yangi internet xizmati ishga tushdi, hozircha hammasi yaxshi ishlayapti, yoqib qoldi.",positive
7138,"Twitterda yangi aviachiptalar haqida post ko'rdim, menga juda yoqdi, juda xursand bo'ldim. 😊",positive
7139,"😶 ilova bo'yicha yangilanish chiqdi, lekin hozircha oddiy bo'ldi.",neutral
7140,"noutbuk sotib oldim, narxi arzon emas, lekin sifati uchun zo'r bo'ldi. 😊",positive
7141,"👍 Redmi Note 13 sotib oldim, narxi arzon emas, lekin sifati uchun hayratda qoldim.",positive
7142,"Xivaga borish rejam buzildi, chiptalar bilan muammo bo'ldi, hafsalam pir bo'ldi. 😢 😭",negative
7143,"😊 Yangi bank xizmati ishga tushdi, hozircha hammasi yaxshi ishlayapti, hayratda qoldim.",positive
7144,😎 🤩 🥰,positive
7145,"Yangi telefon operatori ishga tushdi, hozircha hammasi yaxshi ishlayapti, kayfiyatim ko'tarildi. 😄",positive
7146,"Facebookdagi reklamalar juda asabga tegayapti, noroziman. 😠",negative
7147,"ℹ️ kitob haqida fikrlar turlicha, hozircha neytral qarayman.",neutral
7148,"😐 Qo'qon haqida yangilik o'qidim, hech qanday o'zgarish sezilmadi.",neutral
7149,"mijozlarga xizmat ko'rsatish bilan muammo chiqdi, qo'llab-quvvatlash xizmati javob bermadi, afsuslandim. 😡 😠",negative
7150,"Yangi mijozlarga xizmat ko'rsatish ishga tushdi, hozircha hammasi yaxshi ishlayapti, kayfiyatim ko'tarildi. 😄",positive
7151,"bugungi ilova haqidagi talim videolari yoqdi, super 👍",positive
7152,"shu hafta professor bilan qisqa suhbatlashdim, oddatdagidek. 🤔",neutral
7153,"Redmi Note 13 sotib oldim, narxi arzon emas, lekin sifati uchun zo'r bo'ldi. 😁",positive
7154,"😭 Redmi Note 13 sifati kutilganidek emas, juda sust ishlayapti, juda jahlim chiqdi.",negative
7155,"o'tgan oy Xivada majlis bo'lib o'tdi, men faqat qatnashdim, shunchaki ma'lumot uchun. 📌 🙄",neutral
7156,"Telegramda yangi Samsung A55 haqida post ko'rdim, menga juda yoqdi, yoqib qoldi.",positive
7157,"😶 ℹ️ ertaga professor bilan qisqa suhbatlashdim, hech qanday o'zgarish sezilmadi.",neutral
7158,"kecha Farg'onaga bordim, hamma narsa hayratda qoldim.",positive
7159,"oyin bo'yicha talim mavzusi zo'r chiqibdi, bombaaa 👍",positive
7160,"konferensiya juda samarali o'tdi, do'stim tushuntirgan mavzu juda foydali bo'ldi, yoqib qoldi. 😎",positive
7161,"ilova sifati yana tushib ketgan, pulga achindim 🤦‍♀️",negative
7162,"bloger nimadir yozibdi, lekin men uchun ok !?",neutral
7163,rosa yoqdi 😍,positive
7164,"😡 Namanganga borish rejam buzildi, chiptalar bilan muammo bo'ldi, afsuslandim.",negative
7165,"o'tgan oy hamkasbim bilan qisqa suhbatlashdim, hech qanday o'zgarish sezilmadi. 😐",neutral
7166,"✨ 😍 seminar juda samarali o'tdi, direktor tushuntirgan mavzu juda foydali bo'ldi, yoqib qoldi.",positive
7167,:( 🤦‍♀️ 😠 😞,negative
7168,"bugungi kommentlar mavzusi zerikarli bo'ldi, zerikarli 🤦‍♀️",negative
7169,"mijozlarga xizmat ko'rsatish bilan muammo chiqdi, qo'llab-quvvatlash xizmati javob bermadi, afsuslandim. 😭",negative
7170,"planshet haqida fikrlar turlicha, hozircha neytral qarayman. 🙄",neutral
7171,"Telegramda yangi aviachiptalar haqida post ko'rdim, menga juda yoqdi, juda xursand bo'ldim. 😊",positive
7172,"bugun Farg'onada bo'lgan imtihon menga umuman yoqmadi, juda jahlim chiqdi. 😠 🤬",negative
7173,"Yangi ilova ishga tushdi, hozircha hammasi yaxshi ishlayapti, juda xursand bo'ldim. 🥰 👍",positive
7174,"😄 😊 YouTubeda yangi iPhone 15 haqida post ko'rdim, menga juda yoqdi, kayfiyatim ko'tarildi.",positive
7175,"Telegramda yangi Samsung A55 haqida post ko'rdim, menga juda yoqdi, kayfiyatim ko'tarildi.",positive
7176,"post sifati yana tushib ketgan, bekor ketdi hamma narsasi 😞",negative
7177,"Toshkentga borish rejam buzildi, chiptalar bilan muammo bo'ldi, umuman yoqmadi. 😢",negative
7178,"hamma umuman tushuntira olmadi, umidsizlik 👎",negative
7179,"professor va'da qilgan ishini bajarmadi, natijadan umuman yoqmadi. 🤬",negative
7180,"bugungi sayt haqidagi kommentlar videolari yoqdi, super 😄",positive
7181,"kommentlarda hammasi urush, hech nima tushunmadim 😢",negative
7182,"o'qib qo'ydim xolos, bilmayman",neutral
7183,"instagram sahifa bo'yicha blog mavzusi zo'r chiqibdi, otliii",positive
7184,"YouTubeda yangi noutbuk haqida post ko'rdim, menga juda yoqdi, kayfiyatim ko'tarildi. 👍",positive
7185,"✨ Yangi dastur ishga tushdi, hozircha hammasi yaxshi ishlayapti, mamnunman.",positive
7186,"🥰 😎 Qo'qondagi sayohatim ajoyib o'tdi, xizmatlar hammasi darajasida, juda xursand bo'ldim.",positive
7187,"🤔 🙄 Telegramda planshet haqida e'lon ko'rdim, hozircha faqat ma'lumot yig'ayapman, oddiy bo'ldi.",neutral
7188,"bugungi kino mavzusi zerikarli bo'ldi, juda yomon >:(",negative
7189,"😄 imtihon juda samarali o'tdi, dekan tushuntirgan mavzu juda foydali bo'ldi, juda xursand bo'ldim.",positive
7190,"✨ 🤩 iPhone 15 sotib oldim, narxi arzon emas, lekin sifati uchun zo'r bo'ldi.",positive
7191,"kecha Farg'onada uchrashuv bo'lib o'tdi, men faqat qatnashdim, neytral qarayman.",neutral
7192,"bugun dekan bilan qisqa suhbatlashdim, oddiy bo'ldi.",neutral
7193,"Twitterda yangi kofe haqida post ko'rdim, menga juda yoqdi, zo'r bo'ldi. 😎",positive
7194,"konferensiya juda samarali o'tdi, dekan tushuntirgan mavzu juda foydali bo'ldi, kayfiyatim ko'tarildi. 😍",positive
7195,"🙄 🤔 Farg'ona haqida yangilik o'qidim, oddatdagidek.",neutral
7196,"internet sifati yana tushib ketgan, bekor ketdi hamma narsasi 🤬",negative
7197,"ertaga Namanganda bo'lgan majlis menga umuman yoqmadi, hafsalam pir bo'ldi.",negative
7198,,
7199,😞 😢,negative
7200,"Facebookda yangi iPhone 15 haqida post ko'rdim, menga juda yoqdi, yoqib qoldi. 😍",positive
7201,"😍 kofe sotib oldim, narxi arzon emas, lekin sifati uchun kayfiyatim ko'tarildi.",positive
7202,"📌 shu hafta hamkasbim bilan qisqa suhbatlashdim, oddatdagidek.",neutral
7203,"😍 Andijondagi sayohatim ajoyib o'tdi, xizmatlar hammasi darajasida, hayratda qoldim.",positive
7204,"internet xizmati bo'yicha yangilanish chiqdi, lekin hozircha shunchaki ma'lumot uchun. 📌 📌",neutral
7205,"🤩 😊 iPhone 15 sotib oldim, narxi arzon emas, lekin sifati uchun hayratda qoldim.",positive
7206,"Yangi telefon operatori ishga tushdi, hozircha hammasi yaxshi ishlayapti, hayratda qoldim. ✨ 😎",positive
7207,"🤩 Telegramda yangi kofe haqida post ko'rdim, menga juda yoqdi, juda xursand bo'ldim.",positive
7208,"o'tgan oy professor bilan qisqa suhbatlashdim, oddiy bo'ldi.",neutral
7209,"bank xizmati bilan muammo chiqdi, qo'llab-quvvatlash xizmati javob bermadi, noroziman.",negative
7210,"YouTubeda yangi kitob haqida post ko'rdim, menga juda yoqdi, mamnunman. 😄",positive
7211,"🙄 🙄 ertaga Toshkentda dars bo'lib o'tdi, men faqat qatnashdim, oddatdagidek.",neutral
7212,😁 :D 😁 =),positive
7213,"dastur bilan muammo chiqdi, qo'llab-quvvatlash xizmati javob bermadi, xafa bo'ldim. 😭",negative
7214,"bugun Samarqandda seminar bo'lib o'tdi, men faqat qatnashdim, hech qanday o'zgarish sezilmadi. 😐 😶",neutral
7215,"😊 Twitterda yangi kofe haqida post ko'rdim, menga juda yoqdi, juda xursand bo'ldim.",positive
7216,"mijozlarga xizmat ko'rsatish bo'yicha yangilanish chiqdi, lekin hozircha hech qanday o'zgarish sezilmadi. 📌",neutral
7217,"o'tgan oy Farg'onada seminar bo'lib o'tdi, men faqat qatnashdim, neytral qarayman.",neutral
7218,"Redmi Note 13 sotib oldim, narxi arzon emas, lekin sifati uchun mamnunman. 😍",positive
7219,bilmayman !?,neutral
7220,"🥰 Yangi kuryer xizmati ishga tushdi, hozircha hammasi yaxshi ishlayapti, mamnunman.",positive
7221,"😡 Samsung A55 sifati kutilganidek emas, juda sust ishlayapti, juda jahlim chiqdi.",negative
7222,"do'stlar umuman tushuntira olmadi, hech nima tushunmadim 💔",negative
7223,"uchrashuv juda samarali o'tdi, direktor tushuntirgan mavzu juda foydali bo'ldi, juda xursand bo'ldim.",positive
7224,"Namanganga borish rejam buzildi, chiptalar bilan muammo bo'ldi, noroziman. 🤬",negative
7225,"🤩 🤩 shu hafta Toshkentga bordim, hamma narsa juda xursand bo'ldim.",positive
7226,"hamkasbim va'da qilgan ishini bajarmadi, natijadan umuman yoqmadi. 😠",negative
7227,"😠 Facebookdagi reklamalar juda asabga tegayapti, umuman yoqmadi.",negative
7228,"Facebookda planshet haqida e'lon ko'rdim, hozircha faqat ma'lumot yig'ayapman, neytral qarayman.",neutral
7229,bilmayman ℹ️,neutral
7230,"aviachiptalar sotib oldim, narxi arzon emas, lekin sifati uchun juda xursand bo'ldim. 😊",positive
7231,"😐 Namangan haqida yangilik o'qidim, shunchaki ma'lumot uchun.",neutral
7232,"aka umuman tushuntira olmadi, nogiron qilindi 😠",negative
7233,"bugun professor bilan qisqa suhbatlashdim, oddatdagidek.",neutral
7234,"YouTubeda planshet haqida e'lon ko'rdim, hozircha faqat ma'lumot yig'ayapman, hech qanday o'zgarish sezilmadi.",neutral
7235,"👎 😡 Andijonga borish rejam buzildi, chiptalar bilan muammo bo'ldi, noroziman.",negative
7236,"telegram kanal bo'yicha futbol mavzusi zo'r chiqibdi, yaxshi ishlayapti 😎",positive
7237,"😠 telefon operatori bilan muammo chiqdi, qo'llab-quvvatlash xizmati javob bermadi, juda jahlim chiqdi.",negative
7238,"kecha Namanganda imtihon bo'lib o'tdi, men faqat qatnashdim, shunchaki ma'lumot uchun. 🤔",neutral
7239,"YouTubeda yangi iPhone 15 haqida post ko'rdim, menga juda yoqdi, hayratda qoldim. 🤩",positive
7240,"bugungi kino mavzusi zerikarli bo'ldi, bekor ketdi hamma narsasi 😞",negative
7241,kommentlarni o'qib rostdan ham yaxshi ishlayapti 😎,positive
7242,"kommentlarda hammasi urush, nogiron qilindi 😠",negative
7243,"Samsung A55 haqida fikrlar turlicha, hozircha oddatdagidek. 📌 😶",neutral
7244,📌 :| ...,neutral
7245,"😍 Instagramda yangi planshet haqida post ko'rdim, menga juda yoqdi, juda xursand bo'ldim.",positive
7246,"sayt bo'yicha musiqa mavzusi zo'r chiqibdi, top 🥰",positive
7247,"Instagramda yangi Samsung A55 haqida post ko'rdim, menga juda yoqdi, juda xursand bo'ldim.",positive
7248,!? 🙄,neutral
7249,"📌 o'tgan oy Namanganda konferensiya bo'lib o'tdi, men faqat qatnashdim, hech qanday o'zgarish sezilmadi.",neutral
7250,info uchun ℹ️,neutral
7251,✍️ 😶 ℹ️,neutral
7252,"kommentlarda hammasi urush, zerikarli 💔",negative
7253,"kecha Qo'qonda imtihon bo'lib o'tdi, men faqat qatnashdim, shunchaki ma'lumot uchun.",neutral
7254,"Telegramda aviachiptalar haqida e'lon ko'rdim, hozircha faqat ma'lumot yig'ayapman, oddatdagidek. 🙄",neutral
7255,"shu hafta Buxoroga bordim, hamma narsa zo'r bo'ldi.",positive
7256,"😭 🤬 professor va'da qilgan ishini bajarmadi, natijadan umuman yoqmadi.",negative
7257,"noutbuk sifati kutilganidek emas, juda sust ishlayapti, juda jahlim chiqdi. 😠",negative
7258,"bugungi dastur haqidagi kommentlar videolari yoqdi, yaxshi ishlayapti",positive
7259,"kecha professor bilan qisqa suhbatlashdim, hech qanday o'zgarish sezilmadi.",neutral
7260,"professor va'da qilgan ishini bajarmadi, natijadan juda jahlim chiqdi. 👎",negative
7261,"✨ Twitterda yangi kofe haqida post ko'rdim, menga juda yoqdi, yoqib qoldi.",positive
7262,"ℹ️ Samsung A55 haqida fikrlar turlicha, hozircha hech qanday o'zgarish sezilmadi.",neutral
7263,🤔 ... 🙄,neutral
7264,"Telegramda iPhone 15 haqida e'lon ko'rdim, hozircha faqat ma'lumot yig'ayapman, neytral qarayman. 😶 🤔",neutral
7265,"Facebookdagi reklamalar juda asabga tegayapti, noroziman.",negative
7266,"😠 🤬 Namanganga borish rejam buzildi, chiptalar bilan muammo bo'ldi, hafsalam pir bo'ldi.",negative
7267,"Samarqand haqida yangilik o'qidim, neytral qarayman. 😶 😶",neutral
7268,"ilova bo'yicha kommentlar mavzusi zo'r chiqibdi, zo'r 😍",positive
7269,"✨ Samsung A55 sotib oldim, narxi arzon emas, lekin sifati uchun mamnunman.",positive
7270,"shu hafta Buxoroga bordim, hamma narsa juda xursand bo'ldim. 😄 🥰",positive
7271,"😍 👍 Facebookda yangi noutbuk haqida post ko'rdim, menga juda yoqdi, hayratda qoldim.",positive
7272,"noutbuk sotib oldim, narxi arzon emas, lekin sifati uchun mamnunman. ✨",positive
7273,"Samsung A55 sotib oldim, narxi arzon emas, lekin sifati uchun mamnunman. ✨",positive
7274,"Yangi kuryer xizmati ishga tushdi, hozircha hammasi yaxshi ishlayapti, mamnunman.",positive
7275,"Farg'onaga borish rejam buzildi, chiptalar bilan muammo bo'ldi, afsuslandim. 💔 😔",negative
7276,"😊 Toshkentdagi sayohatim ajoyib o'tdi, xizmatlar hammasi darajasida, juda xursand bo'ldim.",positive
7277,"shu hafta Namanganga bordim, hamma narsa juda xursand bo'ldim. 😎 😎",positive
7278,"shu hafta Buxoroga bordim, hamma narsa mamnunman.",positive
7279,"Instagramda yangi kofe haqida post ko'rdim, menga juda yoqdi, yoqib qoldi.",positive
7280,"dars juda samarali o'tdi, rahbar tushuntirgan mavzu juda foydali bo'ldi, kayfiyatim ko'tarildi.",positive
7281,"kecha Namanganda seminar bo'lib o'tdi, men faqat qatnashdim, shunchaki ma'lumot uchun.",neutral
7282,"👍 konferensiya juda samarali o'tdi, dekan tushuntirgan mavzu juda foydali bo'ldi, hayratda qoldim.",positive
7283,"bugun Samarqandga bordim, hamma narsa hayratda qoldim.",positive
7284,"kelasi oy Qo'qonga bordim, hamma narsa kayfiyatim ko'tarildi. 😍",positive
7285,"🤬 Instagramdagi reklamalar juda asabga tegayapti, xafa bo'ldim.",negative
7286,"Telegramda Samsung A55 haqida e'lon ko'rdim, hozircha faqat ma'lumot yig'ayapman, neytral qarayman. 😶 😶",neutral
7287,"Yangi kuryer xizmati ishga tushdi, hozircha hammasi yaxshi ishlayapti, yoqib qoldi. 🤩 😎",positive
7288,"opa umuman tushuntira olmadi, bekor ketdi hamma narsasi",negative
7289,"Instagramda yangi Redmi Note 13 haqida post ko'rdim, menga juda yoqdi, juda xursand bo'ldim.",positive
7290,"😊 majlis juda samarali o'tdi, hamkasbim tushuntirgan mavzu juda foydali bo'ldi, juda xursand bo'ldim.",positive
7291,"😎 kecha Andijonga bordim, hamma narsa yoqib qoldi.",positive
7292,"😶 kecha hamkasbim bilan qisqa suhbatlashdim, hech qanday o'zgarish sezilmadi.",neutral
7293,"😭 bank xizmati bilan muammo chiqdi, qo'llab-quvvatlash xizmati javob bermadi, juda jahlim chiqdi.",negative
7294,"😠 kelasi oy Namanganda bo'lgan konferensiya menga umuman yoqmadi, noroziman.",negative
7295,"noutbuk sifati kutilganidek emas, juda sust ishlayapti, xafa bo'ldim. 😞",negative
7296,"bugun rahbar bilan qisqa suhbatlashdim, oddiy bo'ldi. 🤔 📌",neutral
7297,"kommentlarni o'qib rostdan ham rahmat, zo'r ekan 😎",positive
7298,😊 😁 ✨ 😁,positive
7299,"Redmi Note 13 sifati kutilganidek emas, juda sust ishlayapti, noroziman. 😢 😞",negative
7300,"Qo'qondagi sayohatim ajoyib o'tdi, xizmatlar hammasi darajasida, kayfiyatim ko'tarildi.",positive
7301,"noutbuk sifati kutilganidek emas, juda sust ishlayapti, umuman yoqmadi. 😭",negative
7302,zor ❤️,positive
7303,"dars juda samarali o'tdi, do'stim tushuntirgan mavzu juda foydali bo'ldi, yoqib qoldi. ✨",positive
7304,"planshet sifati kutilganidek emas, juda sust ishlayapti, xafa bo'ldim. 💔",negative
7305,"instagram sahifa bo'yicha musiqa postini ko'rdim, info uchun",neutral
7306,😎 :D =) 😎,positive
7307,"professor va'da qilgan ishini bajarmadi, natijadan xafa bo'ldim. 😢",negative
7308,"majlis juda samarali o'tdi, o'qituvchi tushuntirgan mavzu juda foydali bo'ldi, mamnunman.",positive
7309,"👍 konferensiya juda samarali o'tdi, professor tushuntirgan mavzu juda foydali bo'ldi, yoqib qoldi.",positive
7310,"odamlar juda chiroyli tushuntiribdi, menga yoqdi",positive
7311,"Facebookda yangi kitob haqida post ko'rdim, menga juda yoqdi, mamnunman. 😁",positive
7312,"🙄 😶 ertaga dekan bilan qisqa suhbatlashdim, oddatdagidek.",neutral
7313,"😁 😎 bugun Xivaga bordim, hamma narsa yoqib qoldi.",positive
7314,"🥰 Redmi Note 13 sotib oldim, narxi arzon emas, lekin sifati uchun hayratda qoldim.",positive
7315,"bugun texnika bo'yicha faqat kuzatib turdim, ko'rdim xolos 🙄",neutral
7316,✍️ 📌 🙄,neutral
7317,"ertaga Buxoroda bo'lgan konferensiya menga umuman yoqmadi, xafa bo'ldim. 💔",negative
7318,"kecha Farg'onaga bordim, hamma narsa hayratda qoldim. 😎 😎",positive
7319,"Twitterda yangi aviachiptalar haqida post ko'rdim, menga juda yoqdi, kayfiyatim ko'tarildi. 🥰 ✨",positive
7320,"dastur bo'yicha musiqa mavzusi zo'r chiqibdi, gap yo'q 👍",positive
7321,"kecha Buxoroga bordim, hamma narsa hayratda qoldim. 👍",positive
7322,otliii 😄,positive
7323,😁 😄 😊 <3,positive
7324,"😄 planshet sotib oldim, narxi arzon emas, lekin sifati uchun mamnunman.",positive
7325,"bugun futbol bo'yicha faqat kuzatib turdim, norm",neutral
7326,"Instagramda Samsung A55 haqida e'lon ko'rdim, hozircha faqat ma'lumot yig'ayapman, neytral qarayman. 🤔",neutral
7327,"Samsung A55 haqida fikrlar turlicha, hozircha shunchaki ma'lumot uchun. 📌",neutral
7328,"😶 😶 Twitterda planshet haqida e'lon ko'rdim, hozircha faqat ma'lumot yig'ayapman, neytral qarayman.",neutral
7329,"YouTubeda aviachiptalar haqida e'lon ko'rdim, hozircha faqat ma'lumot yig'ayapman, oddiy bo'ldi.",neutral
7330,"📌 ertaga Buxoroda majlis bo'lib o'tdi, men faqat qatnashdim, shunchaki ma'lumot uchun.",neutral
7331,"Toshkentdagi sayohatim ajoyib o'tdi, xizmatlar hammasi darajasida, yoqib qoldi. 😎",positive
7332,"Andijondagi sayohatim ajoyib o'tdi, xizmatlar hammasi darajasida, zo'r bo'ldi. 🥰",positive
7333,"kommentlarda hammasi urush, umidsizlik :-/",negative
7334,"🤔 Telegramda iPhone 15 haqida e'lon ko'rdim, hozircha faqat ma'lumot yig'ayapman, oddatdagidek.",neutral
7335,"🤔 ertaga do'stim bilan qisqa suhbatlashdim, oddatdagidek.",neutral
7336,"👍 Samsung A55 sotib oldim, narxi arzon emas, lekin sifati uchun kayfiyatim ko'tarildi.",positive
7337,😔 😠 🤦‍♀️ =/,negative
7338,"bugungi kino mavzusi zerikarli bo'ldi, nogiron qilindi 💔",negative
7339,😎 ❤️,positive
7340,🥰 🤩,positive
7341,"😁 😊 kofe sotib oldim, narxi arzon emas, lekin sifati uchun zo'r bo'ldi.",positive
7342,"😍 seminar juda samarali o'tdi, professor tushuntirgan mavzu juda foydali bo'ldi, kayfiyatim ko'tarildi.",positive
7343,"Samarqand haqida yangilik o'qidim, shunchaki ma'lumot uchun.",neutral
7344,"opa umuman tushuntira olmadi, tavsiya etmayman 👎",negative
7345,"telegram kanal bo'yicha pul mavzusi zo'r chiqibdi, otliii",positive
7346,"kelasi oy Xivaga bordim, hamma narsa mamnunman.",positive
7347,"Twitterda yangi kofe haqida post ko'rdim, menga juda yoqdi, hayratda qoldim. 😎 😊",positive
7348,"Namangandagi sayohatim ajoyib o'tdi, xizmatlar hammasi darajasida, mamnunman.",positive
7349,"shu hafta Samarqandga bordim, hamma narsa yoqib qoldi. 👍 👍",positive
7350,"😐 🙄 bank xizmati bo'yicha yangilanish chiqdi, lekin hozircha shunchaki ma'lumot uchun.",neutral
7351,"🤔 ertaga Samarqandda dars bo'lib o'tdi, men faqat qatnashdim, neytral qarayman.",neutral
7352,"Instagramdagi reklamalar juda asabga tegayapti, xafa bo'ldim. 😞",negative
7353,"😊 👍 imtihon juda samarali o'tdi, professor tushuntirgan mavzu juda foydali bo'ldi, mamnunman.",positive
7354,"📌 Twitterda aviachiptalar haqida e'lon ko'rdim, hozircha faqat ma'lumot yig'ayapman, neytral qarayman.",neutral
7355,"🥰 Yangi internet xizmati ishga tushdi, hozircha hammasi yaxshi ishlayapti, kayfiyatim ko'tarildi.",positive
7356,"😠 👎 Redmi Note 13 sifati kutilganidek emas, juda sust ishlayapti, xafa bo'ldim.",negative
7357,"🤩 😁 Yangi mijozlarga xizmat ko'rsatish ishga tushdi, hozircha hammasi yaxshi ishlayapti, zo'r bo'ldi.",positive
7358,"Yangi internet xizmati ishga tushdi, hozircha hammasi yaxshi ishlayapti, kayfiyatim ko'tarildi. 😁",positive
7359,"bugun Buxoroga bordim, hamma narsa yoqib qoldi. 😁",positive
7360,"😎 majlis juda samarali o'tdi, hamkasbim tushuntirgan mavzu juda foydali bo'ldi, zo'r bo'ldi.",positive
7361,"📌 ℹ️ noutbuk haqida fikrlar turlicha, hozircha oddiy bo'ldi.",neutral
7362,"😔 👎 kofe sifati kutilganidek emas, juda sust ishlayapti, afsuslandim.",negative
7363,"ertaga Qo'qonga bordim, hamma narsa zo'r bo'ldi. 😍 😊",positive
7364,"YouTubedagi reklamalar juda asabga tegayapti, hafsalam pir bo'ldi.",negative
7365,,
7366,"🤩 Toshkentdagi sayohatim ajoyib o'tdi, xizmatlar hammasi darajasida, hayratda qoldim.",positive
7367,"📌 Redmi Note 13 haqida fikrlar turlicha, hozircha oddiy bo'ldi.",neutral
7368,"YouTubeda yangi noutbuk haqida post ko'rdim, menga juda yoqdi, mamnunman. 🥰 🥰",positive
7369,zerikarli 💔,negative
7370,"folloverlar juda chiroyli tushuntiribdi, yaxshi ishlayapti 😍",positive
7371,"Twitterda noutbuk haqida e'lon ko'rdim, hozircha faqat ma'lumot yig'ayapman, shunchaki ma'lumot uchun. 🤔",neutral
7372,"😊 Yangi kuryer xizmati ishga tushdi, hozircha hammasi yaxshi ishlayapti, zo'r bo'ldi.",positive
7373,"Buxorodagi sayohatim ajoyib o'tdi, xizmatlar hammasi darajasida, zo'r bo'ldi.",positive
7374,!? 🙄 ...,neutral
7375,"YouTubeda aviachiptalar haqida e'lon ko'rdim, hozircha faqat ma'lumot yig'ayapman, neytral qarayman. 📌",neutral
7376,"📌 o'tgan oy Farg'onada uchrashuv bo'lib o'tdi, men faqat qatnashdim, shunchaki ma'lumot uchun.",neutral
7377,"dars juda samarali o'tdi, rahbar tushuntirgan mavzu juda foydali bo'ldi, hayratda qoldim. 🥰",positive
7378,"opa juda chiroyli tushuntiribdi, yaxshi ishlayapti 🔥",positive
7379,menga yoqdi,positive
7380,"kitob sifati kutilganidek emas, juda sust ishlayapti, hafsalam pir bo'ldi. 😢",negative
7381,"YouTubedagi reklamalar juda asabga tegayapti, noroziman. 😡",negative
7382,👍 :) <3 🔥,positive
7383,"ℹ️ kitob haqida fikrlar turlicha, hozircha hech qanday o'zgarish sezilmadi.",neutral
7384,"ilova bo'yicha talim mavzusi zo'r chiqibdi, rahmat, zo'r ekan 😁",positive
7385,"👍 Twitterda yangi kitob haqida post ko'rdim, menga juda yoqdi, kayfiyatim ko'tarildi.",positive
7386,"📌 🙄 internet xizmati bo'yicha yangilanish chiqdi, lekin hozircha shunchaki ma'lumot uchun.",neutral
7387,"😄 kofe sotib oldim, narxi arzon emas, lekin sifati uchun hayratda qoldim.",positive
7388,otliii ✨,positive
7389,"🙄 📌 Telegramda Samsung A55 haqida e'lon ko'rdim, hozircha faqat ma'lumot yig'ayapman, neytral qarayman.",neutral
7390,bunday bo'lmasligi kerak edi 😢,negative
7391,qattiq hafsalam pir bo'ldi 💔,negative
7392,"kelasi oy Namanganda bo'lgan dars menga umuman yoqmadi, juda jahlim chiqdi. 😢",negative
7393,"🥰 😍 Qo'qondagi sayohatim ajoyib o'tdi, xizmatlar hammasi darajasida, kayfiyatim ko'tarildi.",positive
7394,"bank xizmati bo'yicha yangilanish chiqdi, lekin hozircha oddiy bo'ldi. 🙄",neutral
7395,"aka juda chiroyli tushuntiribdi, kontent yoqdi 👍",positive
7396,"😄 planshet sotib oldim, narxi arzon emas, lekin sifati uchun kayfiyatim ko'tarildi.",positive
7397,gap yo'q ❤️,positive
7398,"😄 konferensiya juda samarali o'tdi, direktor tushuntirgan mavzu juda foydali bo'ldi, zo'r bo'ldi.",positive
7399,"aviachiptalar haqida fikrlar turlicha, hozircha oddatdagidek. 😐 😶",neutral
7400,"bugungi post haqidagi siyosat videolari yoqdi, zo'r 😎",positive
7401,"Yangi kuryer xizmati ishga tushdi, hozircha hammasi yaxshi ishlayapti, juda xursand bo'ldim. 🤩 😁",positive
7402,🤩 ;),positive
7403,"kecha Toshkentda konferensiya bo'lib o'tdi, men faqat qatnashdim, oddiy bo'ldi. ℹ️",neutral
7404,"kecha Andijonda imtihon bo'lib o'tdi, men faqat qatnashdim, oddiy bo'ldi.",neutral
7405,"kecha dekan bilan qisqa suhbatlashdim, oddatdagidek. 😐 🤔",neutral
7406,"kofe sotib oldim, narxi arzon emas, lekin sifati uchun juda xursand bo'ldim. 😎 😎",positive
7407,"dastur bo'yicha kommentlar postini ko'rdim, kulib qo'ydim xolos 😶",neutral
7408,"telefon operatori bo'yicha yangilanish chiqdi, lekin hozircha oddatdagidek. ℹ️",neutral
7409,;) 🤩,positive
7410,"telefon operatori bilan muammo chiqdi, qo'llab-quvvatlash xizmati javob bermadi, xafa bo'ldim. 🤬 🤬",negative
7411,"o'tgan oy Toshkentda bo'lgan majlis menga umuman yoqmadi, afsuslandim. 👎",negative
7412,gap yo'q 😄,positive
7413,"😢 Telegramdagi reklamalar juda asabga tegayapti, hafsalam pir bo'ldi.",negative
7414,"😄 😄 o'tgan oy Qo'qonga bordim, hamma narsa yoqib qoldi.",positive
7415,"😎 😁 noutbuk sotib oldim, narxi arzon emas, lekin sifati uchun mamnunman.",positive
7416,"kecha Samarqandga bordim, hamma narsa mamnunman. 😎 ✨",positive
7417,"ilova bilan muammo chiqdi, qo'llab-quvvatlash xizmati javob bermadi, afsuslandim. 💔",negative
7418,"😍 😄 uchrashuv juda samarali o'tdi, professor tushuntirgan mavzu juda foydali bo'ldi, zo'r bo'ldi.",positive
7419,"Instagramda yangi Samsung A55 haqida post ko'rdim, menga juda yoqdi, juda xursand bo'ldim. 😍",positive
7420,"😐 🤔 kecha do'stim bilan qisqa suhbatlashdim, oddatdagidek.",neutral
7421,😎 ✨ ✨,positive
7422,"dars juda samarali o'tdi, dekan tushuntirgan mavzu juda foydali bo'ldi, yoqib qoldi. ✨ 😎",positive
7423,"ℹ️ bugun do'stim bilan qisqa suhbatlashdim, oddatdagidek.",neutral
7424,"ertaga Samarqandga bordim, hamma narsa hayratda qoldim. 😍",positive
7425,"kommentlarni o'qib rostdan ham rahmat, zo'r ekan 😄",positive
7426,"kelasi oy Andijonga bordim, hamma narsa mamnunman. 😎",positive
7427,"😍 o'tgan oy Toshkentga bordim, hamma narsa yoqib qoldi.",positive
7428,"kuryer xizmati bo'yicha yangilanish chiqdi, lekin hozircha neytral qarayman. 😶 😐",neutral
7429,"💔 kitob sifati kutilganidek emas, juda sust ishlayapti, hafsalam pir bo'ldi.",negative
7430,"😎 uchrashuv juda samarali o'tdi, hamkasbim tushuntirgan mavzu juda foydali bo'ldi, hayratda qoldim.",positive
7431,"kofe sotib oldim, narxi arzon emas, lekin sifati uchun zo'r bo'ldi. 😁 😄",positive
7432,"kelasi oy do'stim bilan qisqa suhbatlashdim, shunchaki ma'lumot uchun.",neutral
7433,"o'tgan oy Andijonda konferensiya bo'lib o'tdi, men faqat qatnashdim, oddiy bo'ldi.",neutral
7434,kommentlarni o'qib rostdan ham bombaaa 😄,positive
7435,"😄 noutbuk sotib oldim, narxi arzon emas, lekin sifati uchun mamnunman.",positive
7436,"bugun Toshkentda uchrashuv bo'lib o'tdi, men faqat qatnashdim, shunchaki ma'lumot uchun.",neutral
7437,"kofe haqida fikrlar turlicha, hozircha hech qanday o'zgarish sezilmadi.",neutral
7438,"Qo'qonga borish rejam buzildi, chiptalar bilan muammo bo'ldi, noroziman. 👎 😞",negative
7439,"Instagramda aviachiptalar haqida e'lon ko'rdim, hozircha faqat ma'lumot yig'ayapman, oddiy bo'ldi. 😶 🙄",neutral
7440,"noutbuk haqida fikrlar turlicha, hozircha shunchaki ma'lumot uchun. ℹ️",neutral
7441,"bugungi texnika mavzusi zerikarli bo'ldi, juda yomon 😠",negative
7442,"Telegramda yangi kofe haqida post ko'rdim, menga juda yoqdi, juda xursand bo'ldim. 👍",positive
7443,"Instagramda yangi kofe haqida post ko'rdim, menga juda yoqdi, hayratda qoldim.",positive
7444,"telegram kanal sifati yana tushib ketgan, qattiq hafsalam pir bo'ldi 😭",negative
7445,"yana shunaqa reklama chiqdi, charchatdi 👎",negative
7446,"kecha do'stim bilan qisqa suhbatlashdim, shunchaki ma'lumot uchun. 🙄",neutral
7447,"kuryer xizmati bo'yicha yangilanish chiqdi, lekin hozircha neytral qarayman.",neutral
7448,"😁 Twitterda yangi Redmi Note 13 haqida post ko'rdim, menga juda yoqdi, yoqib qoldi.",positive
7449,"😔 Redmi Note 13 sifati kutilganidek emas, juda sust ishlayapti, hafsalam pir bo'ldi.",negative
7450,"😁 imtihon juda samarali o'tdi, hamkasbim tushuntirgan mavzu juda foydali bo'ldi, zo'r bo'ldi.",positive
7451,😐 😐 😐,neutral
7452,"bugun Farg'onada bo'lgan konferensiya menga umuman yoqmadi, noroziman. 👎",negative
7453,"o'qib qo'ydim xolos, ko'rdim xolos !?",neutral
7454,"admin umuman tushuntira olmadi, nogiron qilindi 😠",negative
7455,"😭 kecha Toshkentda bo'lgan dars menga umuman yoqmadi, xafa bo'ldim.",negative
7456,"shu hafta Samarqandga bordim, hamma narsa mamnunman. 😄",positive
7457,"Telegramdagi reklamalar juda asabga tegayapti, noroziman.",negative
7458,"Twitterda yangi noutbuk haqida post ko'rdim, menga juda yoqdi, zo'r bo'ldi. 😍 🤩",positive
7459,"Namanganga borish rejam buzildi, chiptalar bilan muammo bo'ldi, xafa bo'ldim.",negative
7460,"shu hafta Namanganda bo'lgan imtihon menga umuman yoqmadi, afsuslandim. 😢",negative
7461,"🙄 😶 planshet haqida fikrlar turlicha, hozircha shunchaki ma'lumot uchun.",neutral
7462,"bloger umuman tushuntira olmadi, bekor ekan 🤦‍♀️",negative
7463,📌 ℹ️,neutral
7464,"o'qituvchi va'da qilgan ishini bajarmadi, natijadan hafsalam pir bo'ldi. 😢 🤬",negative
7465,"o'qituvchi va'da qilgan ishini bajarmadi, natijadan hafsalam pir bo'ldi. 👎",negative
7466,"kelasi oy Samarqandga bordim, hamma narsa mamnunman.",positive
7467,"ℹ️ telefon operatori bo'yicha yangilanish chiqdi, lekin hozircha shunchaki ma'lumot uchun.",neutral
7468,"do'stlar juda chiroyli tushuntiribdi, kontent yoqdi 😁",positive
7469,:) :D,positive
7470,"admin nimadir yozibdi, lekin men uchun kulib qo'ydim xolos 📌",neutral
7471,"kommentlarni o'qib rostdan ham rahmat, zo'r ekan ❤️",positive
7472,"😎 Yangi bank xizmati ishga tushdi, hozircha hammasi yaxshi ishlayapti, juda xursand bo'ldim.",positive
7473,"🙄 Farg'ona haqida yangilik o'qidim, shunchaki ma'lumot uchun.",neutral
7474,"Facebookda yangi iPhone 15 haqida post ko'rdim, menga juda yoqdi, yoqib qoldi. 😄 😊",positive
7475,"Xivadagi sayohatim ajoyib o'tdi, xizmatlar hammasi darajasida, mamnunman. ✨",positive
7476,"ℹ️ Redmi Note 13 haqida fikrlar turlicha, hozircha oddiy bo'ldi.",neutral
7477,"Andijon haqida yangilik o'qidim, oddiy bo'ldi. 📌 🙄",neutral
7478,"majlis juda samarali o'tdi, do'stim tushuntirgan mavzu juda foydali bo'ldi, yoqib qoldi. 🤩",positive
7479,"😊 Facebookda yangi aviachiptalar haqida post ko'rdim, menga juda yoqdi, yoqib qoldi.",positive
7480,"post bo'yicha talim postini ko'rdim, ko'rdim xolos 😶",neutral
7481,"sayt bo'yicha futbol mavzusi zo'r chiqibdi, menga yoqdi ❤️",positive
7482,"bugungi oyin haqidagi kommentlar videolari yoqdi, chiqqan joyi yoqdi",positive
7483,"kommentlarda hammasi urush, hech nima tushunmadim 😞",negative
7484,"mijozlarga xizmat ko'rsatish bilan muammo chiqdi, qo'llab-quvvatlash xizmati javob bermadi, umuman yoqmadi. 😡",negative
7485,"kelasi oy Buxoroda dars bo'lib o'tdi, men faqat qatnashdim, hech qanday o'zgarish sezilmadi.",neutral
7486,"📌 🤔 Xiva haqida yangilik o'qidim, shunchaki ma'lumot uchun.",neutral
7487,"shu hafta professor bilan qisqa suhbatlashdim, neytral qarayman.",neutral
7488,"bugungi post haqidagi futbol videolari yoqdi, super 🔥",positive
7489,"o'tgan oy rahbar bilan qisqa suhbatlashdim, oddiy bo'ldi. 🤔",neutral
7490,"hamkasbim va'da qilgan ishini bajarmadi, natijadan xafa bo'ldim.",negative
7491,"Namangandagi sayohatim ajoyib o'tdi, xizmatlar hammasi darajasida, zo'r bo'ldi.",positive
7492,"😶 Facebookda planshet haqida e'lon ko'rdim, hozircha faqat ma'lumot yig'ayapman, hech qanday o'zgarish sezilmadi.",neutral
7493,"✨ Facebookda yangi iPhone 15 haqida post ko'rdim, menga juda yoqdi, yoqib qoldi.",positive
7494,"Telegramda kofe haqida e'lon ko'rdim, hozircha faqat ma'lumot yig'ayapman, oddiy bo'ldi.",neutral
7495,"aka juda chiroyli tushuntiribdi, rahmat, zo'r ekan 🤩",positive
7496,"Telegramda yangi iPhone 15 haqida post ko'rdim, menga juda yoqdi, mamnunman. 🤩 😍",positive
7497,"dekan va'da qilgan ishini bajarmadi, natijadan umuman yoqmadi. 😠",negative
7498,"🙄 kelasi oy direktor bilan qisqa suhbatlashdim, hech qanday o'zgarish sezilmadi.",neutral
7499,"telefon operatori bo'yicha yangilanish chiqdi, lekin hozircha shunchaki ma'lumot uchun.",neutral
7500,"bloger juda chiroyli tushuntiribdi, gap yo'q 😎",positive
7501,:( 💔 >:( 🤬,negative
7502,"kecha Toshkentga bordim, hamma narsa yoqib qoldi.",positive
7503,"instagram sahifa bo'yicha blog mavzusi zo'r chiqibdi, top 🤩",positive
7504,"bugungi oyin haqidagi yangiliklar videolari yoqdi, zor :D",positive
7505,"😁 iPhone 15 sotib oldim, narxi arzon emas, lekin sifati uchun mamnunman.",positive
7506,"aka juda chiroyli tushuntiribdi, klass 😎",positive
7507,"😶 😐 planshet haqida fikrlar turlicha, hozircha hech qanday o'zgarish sezilmadi.",neutral
7508,"hamma umuman tushuntira olmadi, nogiron qilindi",negative
7509,"bugungi servis haqidagi kino videolari yoqdi, klass 🤩",positive
7510,"dastur bo'yicha yangilanish chiqdi, lekin hozircha oddatdagidek. 📌",neutral
7511,"imtihon juda samarali o'tdi, o'qituvchi tushuntirgan mavzu juda foydali bo'ldi, hayratda qoldim. ✨",positive
7512,"kecha Samarqandda imtihon bo'lib o'tdi, men faqat qatnashdim, oddatdagidek.",neutral
7513,"🤩 planshet sotib oldim, narxi arzon emas, lekin sifati uchun juda xursand bo'ldim.",positive
7514,<3 ❤️ 🔥 🤩,positive
7515,"kommentlarni o'qidim, fikir yo'q ℹ️",neutral
7516,"😄 kecha Farg'onaga bordim, hamma narsa yoqib qoldi.",positive
7517,"🥰 dars juda samarali o'tdi, rahbar tushuntirgan mavzu juda foydali bo'ldi, hayratda qoldim.",positive
7518,"📌 o'tgan oy Toshkentda imtihon bo'lib o'tdi, men faqat qatnashdim, neytral qarayman.",neutral
7519,"kecha Farg'onada imtihon bo'lib o'tdi, men faqat qatnashdim, hech qanday o'zgarish sezilmadi.",neutral
7520,"😄 😎 Yangi ilova ishga tushdi, hozircha hammasi yaxshi ishlayapti, kayfiyatim ko'tarildi.",positive
7521,bekor ekan 🤬,negative
7522,"ertaga Samarqandga bordim, hamma narsa kayfiyatim ko'tarildi. 😍",positive
7523,"kelasi oy Buxoroda konferensiya bo'lib o'tdi, men faqat qatnashdim, shunchaki ma'lumot uchun.",neutral
7524,"😐 ertaga Toshkentda seminar bo'lib o'tdi, men faqat qatnashdim, neytral qarayman.",neutral
7525,"Andijondagi sayohatim ajoyib o'tdi, xizmatlar hammasi darajasida, zo'r bo'ldi. 😊",positive
7526,"folloverlar juda chiroyli tushuntiribdi, yaxshi ishlayapti ✨",positive
7527,"😞 😞 Instagramdagi reklamalar juda asabga tegayapti, xafa bo'ldim.",negative
7528,"ertaga Xivada majlis bo'lib o'tdi, men faqat qatnashdim, oddiy bo'ldi.",neutral
7529,"Samsung A55 sotib oldim, narxi arzon emas, lekin sifati uchun zo'r bo'ldi. 😊",positive
7530,💔 =/ 🤦‍♂️,negative
7531,"mijozlarga xizmat ko'rsatish bo'yicha yangilanish chiqdi, lekin hozircha oddatdagidek. 🤔",neutral
7532,"YouTubedagi reklamalar juda asabga tegayapti, hafsalam pir bo'ldi. 😞 🤬",negative
7533,👍 😁,positive
7534,"imtihon juda samarali o'tdi, direktor tushuntirgan mavzu juda foydali bo'ldi, mamnunman. 😊",positive
7535,"Samarqand haqida yangilik o'qidim, oddatdagidek. ℹ️ ℹ️",neutral
7536,"o'tgan oy Farg'onaga bordim, hamma narsa yoqib qoldi. 👍",positive
7537,kommentlarni o'qib rostdan ham top 🤩,positive
7538,"planshet sotib oldim, narxi arzon emas, lekin sifati uchun mamnunman. 😊 🥰",positive
7539,"kofe sifati kutilganidek emas, juda sust ishlayapti, juda jahlim chiqdi. 💔",negative
7540,👎 :'( 😢,negative
7541,"internet xizmati bo'yicha yangilanish chiqdi, lekin hozircha shunchaki ma'lumot uchun. 😶 📌",neutral
7542,"kofe sotib oldim, narxi arzon emas, lekin sifati uchun mamnunman. 🤩 🤩",positive
7543,"kecha Xivada bo'lgan konferensiya menga umuman yoqmadi, xafa bo'ldim. 🤬",negative
7544,"o'tgan oy hamkasbim bilan qisqa suhbatlashdim, oddiy bo'ldi. 😐",neutral
7545,"do'stim va'da qilgan ishini bajarmadi, natijadan hafsalam pir bo'ldi. 😡",negative
7546,"bugungi musiqa mavzusi zerikarli bo'ldi, bekor ekan",negative
7547,ok 🤔,neutral
7548,"😎 👍 Yangi ilova ishga tushdi, hozircha hammasi yaxshi ishlayapti, zo'r bo'ldi.",positive
7549,"bugun Buxoroga bordim, hamma narsa juda xursand bo'ldim.",positive
7550,"bugun Andijonda bo'lgan majlis menga umuman yoqmadi, afsuslandim.",negative
7551,"kecha Xivaga bordim, hamma narsa zo'r bo'ldi.",positive
7552,💔 😢 😢 😔,negative
7553,"ertaga Buxoroda bo'lgan majlis menga umuman yoqmadi, noroziman.",negative
7554,kontent yoqdi =),positive
7555,umidsizlik,negative
7556,"telegram kanal sifati yana tushib ketgan, qattiq hafsalam pir bo'ldi 😡",negative
7557,"professor va'da qilgan ishini bajarmadi, natijadan hafsalam pir bo'ldi. 💔",negative
7558,"kecha Farg'onada konferensiya bo'lib o'tdi, men faqat qatnashdim, oddatdagidek.",neutral
7559,"ℹ️ Andijon haqida yangilik o'qidim, neytral qarayman.",neutral
7560,"😍 imtihon juda samarali o'tdi, hamkasbim tushuntirgan mavzu juda foydali bo'ldi, zo'r bo'ldi.",positive
7561,"rahbar va'da qilgan ishini bajarmadi, natijadan afsuslandim. 👎",negative
7562,"odamlar umuman tushuntira olmadi, umuman yoqmaydi :-/",negative
7563,"kofe sotib oldim, narxi arzon emas, lekin sifati uchun juda xursand bo'ldim. 😍 😄",positive
7564,"Yangi telefon operatori ishga tushdi, hozircha hammasi yaxshi ishlayapti, kayfiyatim ko'tarildi. 😁 🤩",positive
7565,"o'tgan oy Namanganda bo'lgan seminar menga umuman yoqmadi, hafsalam pir bo'ldi. 👎 🤬",negative
7566,"😶 bank xizmati bo'yicha yangilanish chiqdi, lekin hozircha hech qanday o'zgarish sezilmadi.",neutral
7567,"bank xizmati bo'yicha yangilanish chiqdi, lekin hozircha shunchaki ma'lumot uchun. 🙄",neutral
7568,"kelasi oy rahbar bilan qisqa suhbatlashdim, hech qanday o'zgarish sezilmadi.",neutral
7569,"ℹ️ noutbuk haqida fikrlar turlicha, hozircha shunchaki ma'lumot uchun.",neutral
7570,"ℹ️ 🙄 shu hafta Xivada dars bo'lib o'tdi, men faqat qatnashdim, shunchaki ma'lumot uchun.",neutral
7571,"Andijonga borish rejam buzildi, chiptalar bilan muammo bo'ldi, afsuslandim.",negative
7572,"o'qib qo'ydim xolos, norm ℹ️",neutral
7573,"😎 Farg'onadagi sayohatim ajoyib o'tdi, xizmatlar hammasi darajasida, juda xursand bo'ldim.",positive
7574,"ℹ️ 🙄 noutbuk haqida fikrlar turlicha, hozircha hech qanday o'zgarish sezilmadi.",neutral
7575,"😢 bank xizmati bilan muammo chiqdi, qo'llab-quvvatlash xizmati javob bermadi, hafsalam pir bo'ldi.",negative
7576,😎 😊 😄,positive
7577,"Telegramda yangi noutbuk haqida post ko'rdim, menga juda yoqdi, mamnunman.",positive
7578,"Facebookda aviachiptalar haqida e'lon ko'rdim, hozircha faqat ma'lumot yig'ayapman, hech qanday o'zgarish sezilmadi. 😐",neutral
7579,"YouTubeda yangi iPhone 15 haqida post ko'rdim, menga juda yoqdi, kayfiyatim ko'tarildi. 👍",positive
7580,"😁 Yangi mijozlarga xizmat ko'rsatish ishga tushdi, hozircha hammasi yaxshi ishlayapti, mamnunman.",positive
7581,"🤬 Farg'onaga borish rejam buzildi, chiptalar bilan muammo bo'ldi, umuman yoqmadi.",negative
7582,"kofe haqida fikrlar turlicha, hozircha oddiy bo'ldi.",neutral
7583,"kommentlarni o'qidim, neytralman 😐",neutral
7584,"bugungi talim mavzusi zerikarli bo'ldi, yoqmadi 🤦‍♀️",negative
7585,"😁 seminar juda samarali o'tdi, direktor tushuntirgan mavzu juda foydali bo'ldi, mamnunman.",positive
7586,"kelasi oy Buxoroga bordim, hamma narsa kayfiyatim ko'tarildi.",positive
7587,norm,neutral
7588,"😁 Samsung A55 sotib oldim, narxi arzon emas, lekin sifati uchun hayratda qoldim.",positive
7589,"💔 do'stim va'da qilgan ishini bajarmadi, natijadan noroziman.",negative
7590,"planshet sifati kutilganidek emas, juda sust ishlayapti, xafa bo'ldim.",negative
7591,"😔 💔 planshet sifati kutilganidek emas, juda sust ishlayapti, noroziman.",negative
7592,"bugun professor bilan qisqa suhbatlashdim, oddiy bo'ldi. 😶 ℹ️",neutral
7593,"YouTubeda kitob haqida e'lon ko'rdim, hozircha faqat ma'lumot yig'ayapman, oddiy bo'ldi.",neutral
7594,"YouTubeda yangi kitob haqida post ko'rdim, menga juda yoqdi, kayfiyatim ko'tarildi. 🤩 😄",positive
7595,"odamlar juda chiroyli tushuntiribdi, bombaaa 🤩",positive
7596,"📌 Telegramda kofe haqida e'lon ko'rdim, hozircha faqat ma'lumot yig'ayapman, neytral qarayman.",neutral
7597,"instagram sahifa sifati yana tushib ketgan, nogiron qilindi 😞",negative
7598,"rahmat, zo'r ekan ❤️",positive
7599,"odamlar juda chiroyli tushuntiribdi, bombaaa",positive
7600,"😎 😎 aviachiptalar sotib oldim, narxi arzon emas, lekin sifati uchun mamnunman.",positive
7601,"ilova bo'yicha kommentlar postini ko'rdim, kulib qo'ydim xolos ✍️",neutral
7602,kommentlarni o'qib rostdan ham zor 😁,positive
7603,"seminar juda samarali o'tdi, dekan tushuntirgan mavzu juda foydali bo'ldi, juda xursand bo'ldim. 🤩",positive
7604,"🤩 Samarqanddagi sayohatim ajoyib o'tdi, xizmatlar hammasi darajasida, mamnunman.",positive
7605,"Yangi internet xizmati ishga tushdi, hozircha hammasi yaxshi ishlayapti, juda xursand bo'ldim. 😎",positive
7606,"aka umuman tushuntira olmadi, hech nima tushunmadim 😢",negative
7607,:| 😶 ✍️,neutral
7608,"ilova bo'yicha yangiliklar mavzusi zo'r chiqibdi, zor 😊",positive
7609,"seminar juda samarali o'tdi, do'stim tushuntirgan mavzu juda foydali bo'ldi, mamnunman. 🤩",positive
7610,"YouTubeda yangi kofe haqida post ko'rdim, menga juda yoqdi, juda xursand bo'ldim.",positive
7611,"Samarqand haqida yangilik o'qidim, shunchaki ma'lumot uchun. 😶",neutral
7612,hech nima tushunmadim 😢,negative
7613,"o'qib qo'ydim xolos, neytralman 📌",neutral
7614,"kuryer xizmati bo'yicha yangilanish chiqdi, lekin hozircha oddiy bo'ldi. ℹ️",neutral
7615,"Samsung A55 sotib oldim, narxi arzon emas, lekin sifati uchun juda xursand bo'ldim.",positive
7616,"Farg'onadagi sayohatim ajoyib o'tdi, xizmatlar hammasi darajasida, kayfiyatim ko'tarildi. 🤩",positive
7617,"😭 Facebookdagi reklamalar juda asabga tegayapti, juda jahlim chiqdi.",negative
7618,"servis bo'yicha kommentlar postini ko'rdim, norm 🤔",neutral
7619,"kommentlarni o'qidim, bilmayman ✍️",neutral
7620,kommentlarni o'qib rostdan ham yaxshi ishlayapti 🔥,positive
7621,"instagram sahifa bo'yicha siyosat postini ko'rdim, norm 🤔",neutral
7622,"odamlar juda chiroyli tushuntiribdi, otliii 😄",positive
7623,"telefon operatori bilan muammo chiqdi, qo'llab-quvvatlash xizmati javob bermadi, juda jahlim chiqdi. 👎",negative
7624,"Toshkentga borish rejam buzildi, chiptalar bilan muammo bo'ldi, afsuslandim. 😢",negative
7625,"😄 kitob sotib oldim, narxi arzon emas, lekin sifati uchun zo'r bo'ldi.",positive
7626,"ertaga Namanganga bordim, hamma narsa hayratda qoldim.",positive
7627,"dastur bo'yicha texnika postini ko'rdim, fikir yo'q :|",neutral
7628,"post sifati yana tushib ketgan, bekor ekan 🤦‍♂️",negative
7629,"📌 Andijon haqida yangilik o'qidim, oddiy bo'ldi.",neutral
7630,"ℹ️ iPhone 15 haqida fikrlar turlicha, hozircha shunchaki ma'lumot uchun.",neutral
7631,"Twitterda yangi aviachiptalar haqida post ko'rdim, menga juda yoqdi, kayfiyatim ko'tarildi.",positive
7632,"😎 Samsung A55 sotib oldim, narxi arzon emas, lekin sifati uchun hayratda qoldim.",positive
7633,"Facebookda planshet haqida e'lon ko'rdim, hozircha faqat ma'lumot yig'ayapman, shunchaki ma'lumot uchun. 📌",neutral
7634,,
7635,"kitob sotib oldim, narxi arzon emas, lekin sifati uchun juda xursand bo'ldim.",positive
7636,"🤔 aviachiptalar haqida fikrlar turlicha, hozircha shunchaki ma'lumot uchun.",neutral
7637,bekor ketdi hamma narsasi 💔,negative
7638,"seminar juda samarali o'tdi, rahbar tushuntirgan mavzu juda foydali bo'ldi, yoqib qoldi.",positive
7639,"Telegramda yangi noutbuk haqida post ko'rdim, menga juda yoqdi, hayratda qoldim. 🤩",positive
7640,"hamma umuman tushuntira olmadi, hech nima tushunmadim 🤬",negative
7641,"ertaga Andijonda bo'lgan dars menga umuman yoqmadi, umuman yoqmadi. 😢",negative
7642,"😎 👍 noutbuk sotib oldim, narxi arzon emas, lekin sifati uchun juda xursand bo'ldim.",positive
7643,"iPhone 15 haqida fikrlar turlicha, hozircha neytral qarayman. 🙄",neutral
7644,"😡 Samarqandga borish rejam buzildi, chiptalar bilan muammo bo'ldi, umuman yoqmadi.",negative
7645,"ertaga Qo'qonga bordim, hamma narsa juda xursand bo'ldim. 😊 🤩",positive
7646,"🥰 Qo'qondagi sayohatim ajoyib o'tdi, xizmatlar hammasi darajasida, hayratda qoldim.",positive
7647,"🤩 Yangi internet xizmati ishga tushdi, hozircha hammasi yaxshi ishlayapti, mamnunman.",positive
7648,"📌 dastur bo'yicha yangilanish chiqdi, lekin hozircha neytral qarayman.",neutral
7649,"📌 o'tgan oy hamkasbim bilan qisqa suhbatlashdim, hech qanday o'zgarish sezilmadi.",neutral
7650,"😊 🥰 Twitterda yangi planshet haqida post ko'rdim, menga juda yoqdi, yoqib qoldi.",positive
7651,"😍 Telegramda yangi aviachiptalar haqida post ko'rdim, menga juda yoqdi, mamnunman.",positive
7652,"odamlar juda chiroyli tushuntiribdi, chiqqan joyi yoqdi 👍",positive
7653,"Telegramdagi reklamalar juda asabga tegayapti, hafsalam pir bo'ldi.",negative
7654,"kecha professor bilan qisqa suhbatlashdim, shunchaki ma'lumot uchun.",neutral
7655,"bugun hamkasbim bilan qisqa suhbatlashdim, oddatdagidek. 📌",neutral
7656,"konferensiya juda samarali o'tdi, hamkasbim tushuntirgan mavzu juda foydali bo'ldi, mamnunman. 🤩 😊",positive
7657,"Buxoroga borish rejam buzildi, chiptalar bilan muammo bo'ldi, noroziman. 😭 💔",negative
7658,aldashdi :'(,negative
7659,"admin juda chiroyli tushuntiribdi, chiqqan joyi yoqdi 😄",positive
7660,"hamma juda chiroyli tushuntiribdi, gap yo'q :D",positive
7661,"🤩 ✨ bugun Xivaga bordim, hamma narsa zo'r bo'ldi.",positive
7662,"ℹ️ ℹ️ YouTubeda planshet haqida e'lon ko'rdim, hozircha faqat ma'lumot yig'ayapman, oddiy bo'ldi.",neutral
7663,"😍 🥰 Telegramda yangi iPhone 15 haqida post ko'rdim, menga juda yoqdi, mamnunman.",positive
7664,"ℹ️ 😶 YouTubeda Redmi Note 13 haqida e'lon ko'rdim, hozircha faqat ma'lumot yig'ayapman, hech qanday o'zgarish sezilmadi.",neutral
7665,"Toshkentga borish rejam buzildi, chiptalar bilan muammo bo'ldi, umuman yoqmadi. 😭 💔",negative
7666,"😔 Redmi Note 13 sifati kutilganidek emas, juda sust ishlayapti, noroziman.",negative
7667,"👎 ertaga Xivada bo'lgan imtihon menga umuman yoqmadi, noroziman.",negative
7668,"kitob sotib oldim, narxi arzon emas, lekin sifati uchun kayfiyatim ko'tarildi.",positive
7669,"Yangi bank xizmati ishga tushdi, hozircha hammasi yaxshi ishlayapti, juda xursand bo'ldim. 👍",positive
7670,"bugun Buxoroda seminar bo'lib o'tdi, men faqat qatnashdim, shunchaki ma'lumot uchun.",neutral
7671,"internet bo'yicha musiqa mavzusi zo'r chiqibdi, rosa yoqdi 😊",positive
7672,hech nima tushunmadim >:(,negative
7673,:| 😐 🙄,neutral
7674,"Qo'qondagi sayohatim ajoyib o'tdi, xizmatlar hammasi darajasida, yoqib qoldi. 😁 😍",positive
7675,"🥰 kelasi oy Samarqandga bordim, hamma narsa juda xursand bo'ldim.",positive
7676,"Qo'qondagi sayohatim ajoyib o'tdi, xizmatlar hammasi darajasida, mamnunman.",positive
7677,🤬 👎 👎,negative
7678,"bugungi ilova haqidagi texnika videolari yoqdi, kontent yoqdi 😄",positive
7679,"😁 Telegramda yangi iPhone 15 haqida post ko'rdim, menga juda yoqdi, hayratda qoldim.",positive
7680,"bugungi dastur haqidagi yangiliklar videolari yoqdi, zo'r 😍",positive
7681,"bugun futbol bo'yicha faqat kuzatib turdim, bilmayman ✍️",neutral
7682,"kommentlarda hammasi urush, hech nima tushunmadim 😭",negative
7683,"mijozlarga xizmat ko'rsatish bo'yicha yangilanish chiqdi, lekin hozircha neytral qarayman.",neutral
7684,"ertaga Toshkentda bo'lgan uchrashuv menga umuman yoqmadi, noroziman. 😔 😭",negative
7685,"kommentlarda hammasi urush, yoqmadi 🤬",negative
7686,"🤬 planshet sifati kutilganidek emas, juda sust ishlayapti, hafsalam pir bo'ldi.",negative
7687,"internet xizmati bilan muammo chiqdi, qo'llab-quvvatlash xizmati javob bermadi, noroziman. 😢",negative
7688,"Buxorodagi sayohatim ajoyib o'tdi, xizmatlar hammasi darajasida, juda xursand bo'ldim.",positive
7689,umuman yoqmaydi :(,negative
7690,"kecha Toshkentda bo'lgan majlis menga umuman yoqmadi, afsuslandim. 💔",negative
7691,"do'stlar umuman tushuntira olmadi, umidsizlik 🤦‍♂️",negative
7692,"👎 🤬 Facebookdagi reklamalar juda asabga tegayapti, noroziman.",negative
7693,"kitob sotib oldim, narxi arzon emas, lekin sifati uchun yoqib qoldi. 😊 🥰",positive
7694,"kelasi oy Toshkentda bo'lgan dars menga umuman yoqmadi, juda jahlim chiqdi. 😡",negative
7695,"instagram sahifa bo'yicha blog mavzusi zo'r chiqibdi, rahmat, zo'r ekan 😎",positive
7696,"🙄 ertaga professor bilan qisqa suhbatlashdim, hech qanday o'zgarish sezilmadi.",neutral
7697,"bugun do'stim bilan qisqa suhbatlashdim, oddatdagidek. 📌",neutral
7698,"😞 😠 mijozlarga xizmat ko'rsatish bilan muammo chiqdi, qo'llab-quvvatlash xizmati javob bermadi, hafsalam pir bo'ldi.",negative
7699,"o'tgan oy Farg'onada majlis bo'lib o'tdi, men faqat qatnashdim, hech qanday o'zgarish sezilmadi. 🤔",neutral
7700,"Yangi dastur ishga tushdi, hozircha hammasi yaxshi ishlayapti, mamnunman. ✨",positive
7701,"kelasi oy Namanganda konferensiya bo'lib o'tdi, men faqat qatnashdim, neytral qarayman. 📌",neutral
7702,bunaqa kontent ko'proq bo'lsa zo'r bo'lardi 🥰,positive
7703,"aka umuman tushuntira olmadi, aldashdi 😢",negative
7704,"🙄 😶 Toshkent haqida yangilik o'qidim, shunchaki ma'lumot uchun.",neutral
7705,"ilova bo'yicha yangilanish chiqdi, lekin hozircha oddiy bo'ldi.",neutral
7706,"😞 💔 ertaga Samarqandda bo'lgan imtihon menga umuman yoqmadi, hafsalam pir bo'ldi.",negative
7707,"ℹ️ shu hafta o'qituvchi bilan qisqa suhbatlashdim, oddiy bo'ldi.",neutral
7708,"iPhone 15 haqida fikrlar turlicha, hozircha shunchaki ma'lumot uchun. 🙄 🙄",neutral
7709,bekor ketdi hamma narsasi 🤦‍♀️,negative
7710,"bugun o'qituvchi bilan qisqa suhbatlashdim, oddiy bo'ldi. 😐",neutral
7711,hech narsa o'zgarmadi 😶,neutral
7712,"oyin bo'yicha pul mavzusi zo'r chiqibdi, bombaaa 🥰",positive
7713,🤦‍♂️ 😢 😡,negative
7714,"Samarqanddagi sayohatim ajoyib o'tdi, xizmatlar hammasi darajasida, hayratda qoldim. 😍 😄",positive
7715,"kelasi oy Farg'onada seminar bo'lib o'tdi, men faqat qatnashdim, hech qanday o'zgarish sezilmadi. 😐",neutral
7716,"do'stlar juda chiroyli tushuntiribdi, chiqqan joyi yoqdi 👍",positive
7717,"rahbar va'da qilgan ishini bajarmadi, natijadan xafa bo'ldim.",negative
7718,"😍 Instagramda yangi aviachiptalar haqida post ko'rdim, menga juda yoqdi, yoqib qoldi.",positive
7719,"bugun Samarqandda bo'lgan seminar menga umuman yoqmadi, afsuslandim.",negative
7720,"dastur sifati yana tushib ketgan, servis noldan ham past 😭",negative
7721,"video bo'yicha kommentlar mavzusi zo'r chiqibdi, kontent yoqdi 👍",positive
7722,"🙄 Samarqand haqida yangilik o'qidim, shunchaki ma'lumot uchun.",neutral
7723,"kitob sotib oldim, narxi arzon emas, lekin sifati uchun mamnunman. 🥰",positive
7724,"Yangi dastur ishga tushdi, hozircha hammasi yaxshi ishlayapti, hayratda qoldim. 😎",positive
7725,"Twitterda noutbuk haqida e'lon ko'rdim, hozircha faqat ma'lumot yig'ayapman, hech qanday o'zgarish sezilmadi. 😐 📌",neutral
7726,"ilova bo'yicha yangilanish chiqdi, lekin hozircha shunchaki ma'lumot uchun. 🤔 😶",neutral
7727,"😶 Instagramda iPhone 15 haqida e'lon ko'rdim, hozircha faqat ma'lumot yig'ayapman, hech qanday o'zgarish sezilmadi.",neutral
7728,"😡 o'tgan oy Qo'qonda bo'lgan uchrashuv menga umuman yoqmadi, juda jahlim chiqdi.",negative
7729,"bugun Toshkentga bordim, hamma narsa mamnunman.",positive
7730,"YouTubeda yangi Samsung A55 haqida post ko'rdim, menga juda yoqdi, mamnunman.",positive
7731,"🙄 Facebookda kofe haqida e'lon ko'rdim, hozircha faqat ma'lumot yig'ayapman, hech qanday o'zgarish sezilmadi.",neutral
7732,"YouTubeda kofe haqida e'lon ko'rdim, hozircha faqat ma'lumot yig'ayapman, neytral qarayman. 😐",neutral
7733,>:( 👎 :-/ 😭,negative
7734,"shu hafta Buxoroda bo'lgan konferensiya menga umuman yoqmadi, xafa bo'ldim.",negative
7735,"bugungi post haqidagi musiqa videolari yoqdi, klass",positive
7736,"internet xizmati bilan muammo chiqdi, qo'llab-quvvatlash xizmati javob bermadi, umuman yoqmadi. 💔 😢",negative
7737,"Namanganga borish rejam buzildi, chiptalar bilan muammo bo'ldi, juda jahlim chiqdi.",negative
7738,"Andijon haqida yangilik o'qidim, shunchaki ma'lumot uchun.",neutral
7739,"YouTubeda yangi Redmi Note 13 haqida post ko'rdim, menga juda yoqdi, yoqib qoldi. 😎",positive
7740,"Telegramda yangi iPhone 15 haqida post ko'rdim, menga juda yoqdi, hayratda qoldim. 😍",positive
7741,"🥰 Yangi ilova ishga tushdi, hozircha hammasi yaxshi ishlayapti, zo'r bo'ldi.",positive
7742,"internet xizmati bilan muammo chiqdi, qo'llab-quvvatlash xizmati javob bermadi, noroziman. 😠",negative
7743,"bugungi pul mavzusi zerikarli bo'ldi, tavsiya etmayman 😔",negative
7744,"internet bo'yicha kommentlar mavzusi zo'r chiqibdi, zo'r =)",positive
7745,"😍 Yangi mijozlarga xizmat ko'rsatish ishga tushdi, hozircha hammasi yaxshi ishlayapti, juda xursand bo'ldim.",positive
7746,"iPhone 15 sifati kutilganidek emas, juda sust ishlayapti, juda jahlim chiqdi.",negative
7747,"✨ kecha Andijonga bordim, hamma narsa mamnunman.",positive
7748,bekor ketdi hamma narsasi 👎,negative
7749,"✨ imtihon juda samarali o'tdi, direktor tushuntirgan mavzu juda foydali bo'ldi, kayfiyatim ko'tarildi.",positive
7750,🔥 =) :),positive
7751,👎 :'(,negative
7752,"kommentlarda hammasi urush, yoqmadi 🤦‍♀️",negative
7753,"😄 Facebookda yangi planshet haqida post ko'rdim, menga juda yoqdi, yoqib qoldi.",positive
7754,"dekan va'da qilgan ishini bajarmadi, natijadan umuman yoqmadi.",negative
7755,"😭 ilova bilan muammo chiqdi, qo'llab-quvvatlash xizmati javob bermadi, umuman yoqmadi.",negative
7756,"🥰 😊 uchrashuv juda samarali o'tdi, dekan tushuntirgan mavzu juda foydali bo'ldi, zo'r bo'ldi.",positive
7757,"bugun Samarqandga bordim, hamma narsa yoqib qoldi.",positive
7758,"😍 😍 iPhone 15 sotib oldim, narxi arzon emas, lekin sifati uchun yoqib qoldi.",positive
7759,🙄 ... 📌,neutral
7760,"aviachiptalar sotib oldim, narxi arzon emas, lekin sifati uchun juda xursand bo'ldim. ✨ 😍",positive
7761,"Redmi Note 13 haqida fikrlar turlicha, hozircha neytral qarayman. 📌 ℹ️",neutral
7762,"😄 😁 Facebookda yangi noutbuk haqida post ko'rdim, menga juda yoqdi, kayfiyatim ko'tarildi.",positive
7763,"Namangan haqida yangilik o'qidim, oddatdagidek. 😶 😶",neutral
7764,"Xiva haqida yangilik o'qidim, hech qanday o'zgarish sezilmadi. 📌",neutral
7765,"kelasi oy Farg'onada seminar bo'lib o'tdi, men faqat qatnashdim, oddatdagidek. 😶",neutral
7766,"😄 Instagramda yangi noutbuk haqida post ko'rdim, menga juda yoqdi, mamnunman.",positive
7767,"o'qib qo'ydim xolos, fikir yo'q 📌",neutral
7768,"✨ 😁 Qo'qondagi sayohatim ajoyib o'tdi, xizmatlar hammasi darajasida, juda xursand bo'ldim.",positive
7769,"bugungi blog mavzusi zerikarli bo'ldi, zerikarli 😡",negative
7770,pulga achindim 💔,negative
7771,"shu hafta Samarqandda majlis bo'lib o'tdi, men faqat qatnashdim, oddiy bo'ldi. 🤔",neutral
7772,"Instagramda yangi aviachiptalar haqida post ko'rdim, menga juda yoqdi, mamnunman. 😄",positive
7773,"bank xizmati bilan muammo chiqdi, qo'llab-quvvatlash xizmati javob bermadi, umuman yoqmadi. 👎",negative
7774,"Telegramda kitob haqida e'lon ko'rdim, hozircha faqat ma'lumot yig'ayapman, neytral qarayman.",neutral
7775,"😶 ℹ️ Farg'ona haqida yangilik o'qidim, neytral qarayman.",neutral
7776,"imtihon juda samarali o'tdi, hamkasbim tushuntirgan mavzu juda foydali bo'ldi, yoqib qoldi. 🤩 ✨",positive
7777,"aviachiptalar haqida fikrlar turlicha, hozircha oddatdagidek. 😶",neutral
7778,"YouTubeda yangi Redmi Note 13 haqida post ko'rdim, menga juda yoqdi, juda xursand bo'ldim. ✨ 😁",positive
7779,"Toshkentdagi sayohatim ajoyib o'tdi, xizmatlar hammasi darajasida, mamnunman. 😄 🥰",positive
7780,"👍 😎 aviachiptalar sotib oldim, narxi arzon emas, lekin sifati uchun kayfiyatim ko'tarildi.",positive
7781,"shu hafta Buxoroda bo'lgan imtihon menga umuman yoqmadi, juda jahlim chiqdi. 😢 😞",negative
7782,"aviachiptalar haqida fikrlar turlicha, hozircha neytral qarayman. 😐",neutral
7783,"👎 😞 mijozlarga xizmat ko'rsatish bilan muammo chiqdi, qo'llab-quvvatlash xizmati javob bermadi, afsuslandim.",negative
7784,"o'tgan oy Andijonda bo'lgan seminar menga umuman yoqmadi, afsuslandim. 😡",negative
7785,"😊 Telegramda yangi noutbuk haqida post ko'rdim, menga juda yoqdi, zo'r bo'ldi.",positive
7786,"opa juda chiroyli tushuntiribdi, zor 😄",positive
7787,"ilova bo'yicha kino postini ko'rdim, norm 😐",neutral
7788,"😔 🤬 bank xizmati bilan muammo chiqdi, qo'llab-quvvatlash xizmati javob bermadi, juda jahlim chiqdi.",negative
7789,"🤬 😠 direktor va'da qilgan ishini bajarmadi, natijadan xafa bo'ldim.",negative
7790,"😁 shu hafta Samarqandga bordim, hamma narsa hayratda qoldim.",positive
7791,"✨ bugun Buxoroga bordim, hamma narsa juda xursand bo'ldim.",positive
7792,"kecha Qo'qonga bordim, hamma narsa mamnunman.",positive
7793,prosta savol,neutral
7794,"👍 shu hafta Farg'onaga bordim, hamma narsa juda xursand bo'ldim.",positive
7795,"💔 professor va'da qilgan ishini bajarmadi, natijadan xafa bo'ldim.",negative
7796,"iPhone 15 haqida fikrlar turlicha, hozircha shunchaki ma'lumot uchun. ℹ️ ℹ️",neutral
7797,ok 🙄,neutral
7798,"😶 noutbuk haqida fikrlar turlicha, hozircha oddiy bo'ldi.",neutral
7799,"Facebookda yangi Redmi Note 13 haqida post ko'rdim, menga juda yoqdi, hayratda qoldim. 😎",positive
7800,"Instagramda Redmi Note 13 haqida e'lon ko'rdim, hozircha faqat ma'lumot yig'ayapman, shunchaki ma'lumot uchun.",neutral
7801,"uchrashuv juda samarali o'tdi, dekan tushuntirgan mavzu juda foydali bo'ldi, kayfiyatim ko'tarildi. 😊",positive
7802,"bugun blog bo'yicha faqat kuzatib turdim, prosta savol 📌",neutral
7803,"konferensiya juda samarali o'tdi, professor tushuntirgan mavzu juda foydali bo'ldi, kayfiyatim ko'tarildi. 😊 🤩",positive
7804,"😶 🤔 Farg'ona haqida yangilik o'qidim, shunchaki ma'lumot uchun.",neutral
7805,"majlis juda samarali o'tdi, o'qituvchi tushuntirgan mavzu juda foydali bo'ldi, yoqib qoldi. 🥰",positive
7806,"Instagramda yangi Samsung A55 haqida post ko'rdim, menga juda yoqdi, kayfiyatim ko'tarildi.",positive
7807,"planshet sifati kutilganidek emas, juda sust ishlayapti, xafa bo'ldim. 😞",negative
7808,"✨ ✨ Yangi telefon operatori ishga tushdi, hozircha hammasi yaxshi ishlayapti, hayratda qoldim.",positive
7809,"📌 bugun Andijonda imtihon bo'lib o'tdi, men faqat qatnashdim, oddatdagidek.",neutral
7810,"😎 🤩 Twitterda yangi noutbuk haqida post ko'rdim, menga juda yoqdi, kayfiyatim ko'tarildi.",positive
7811,"📌 Instagramda Redmi Note 13 haqida e'lon ko'rdim, hozircha faqat ma'lumot yig'ayapman, oddatdagidek.",neutral
7812,"Facebookda kofe haqida e'lon ko'rdim, hozircha faqat ma'lumot yig'ayapman, shunchaki ma'lumot uchun. 🙄",neutral
7813,"🤔 bugun Xivada imtihon bo'lib o'tdi, men faqat qatnashdim, neytral qarayman.",neutral
7814,"😢 Samarqandga borish rejam buzildi, chiptalar bilan muammo bo'ldi, hafsalam pir bo'ldi.",negative
7815,"ertaga Namanganga bordim, hamma narsa kayfiyatim ko'tarildi.",positive
7816,"Twitterdagi reklamalar juda asabga tegayapti, xafa bo'ldim. 😡 😔",negative
7817,"📌 planshet haqida fikrlar turlicha, hozircha shunchaki ma'lumot uchun.",neutral
7818,"kelasi oy dekan bilan qisqa suhbatlashdim, shunchaki ma'lumot uchun. 🙄",neutral
7819,"😎 kelasi oy Andijonga bordim, hamma narsa kayfiyatim ko'tarildi.",positive
7820,"😐 🤔 o'tgan oy Farg'onada uchrashuv bo'lib o'tdi, men faqat qatnashdim, oddatdagidek.",neutral
7821,"o'tgan oy Toshkentda majlis bo'lib o'tdi, men faqat qatnashdim, hech qanday o'zgarish sezilmadi.",neutral
7822,"o'qib qo'ydim xolos, neytralman 🤔",neutral
7823,"😞 💔 Qo'qonga borish rejam buzildi, chiptalar bilan muammo bo'ldi, noroziman.",negative
7824,"Yangi internet xizmati ishga tushdi, hozircha hammasi yaxshi ishlayapti, zo'r bo'ldi. 😊",positive
7825,?? 🤔,neutral
7826,"🤔 noutbuk haqida fikrlar turlicha, hozircha oddiy bo'ldi.",neutral
7827,"kofe sotib oldim, narxi arzon emas, lekin sifati uchun yoqib qoldi. 😄",positive
7828,"Toshkentga borish rejam buzildi, chiptalar bilan muammo bo'ldi, xafa bo'ldim. 👎",negative
7829,"🤔 ertaga Farg'onada seminar bo'lib o'tdi, men faqat qatnashdim, hech qanday o'zgarish sezilmadi.",neutral
7830,"Twitterda kofe haqida e'lon ko'rdim, hozircha faqat ma'lumot yig'ayapman, neytral qarayman.",neutral
7831,"🥰 shu hafta Qo'qonga bordim, hamma narsa mamnunman.",positive
7832,"bugungi video haqidagi talim videolari yoqdi, kontent yoqdi 👍",positive
7833,"📌 iPhone 15 haqida fikrlar turlicha, hozircha oddatdagidek.",neutral
7834,chiqqan joyi yoqdi,positive
7835,"majlis juda samarali o'tdi, hamkasbim tushuntirgan mavzu juda foydali bo'ldi, yoqib qoldi.",positive
7836,"📌 kecha professor bilan qisqa suhbatlashdim, oddiy bo'ldi.",neutral
7837,"aviachiptalar sifati kutilganidek emas, juda sust ishlayapti, afsuslandim. 😡 😞",negative
7838,"o'tgan oy Namanganga bordim, hamma narsa yoqib qoldi. 😎",positive
7839,"😎 majlis juda samarali o'tdi, direktor tushuntirgan mavzu juda foydali bo'ldi, hayratda qoldim.",positive
7840,"😍 😎 YouTubeda yangi noutbuk haqida post ko'rdim, menga juda yoqdi, hayratda qoldim.",positive
7841,"✨ ertaga Xivaga bordim, hamma narsa mamnunman.",positive
7842,"Samsung A55 sotib oldim, narxi arzon emas, lekin sifati uchun kayfiyatim ko'tarildi. 😁",positive
7843,"bugungi oyin haqidagi texnika videolari yoqdi, kontent yoqdi ❤️",positive
7844,🙄 ... ??,neutral
7845,"😄 Toshkentdagi sayohatim ajoyib o'tdi, xizmatlar hammasi darajasida, zo'r bo'ldi.",positive
7846,"kelasi oy do'stim bilan qisqa suhbatlashdim, oddiy bo'ldi.",neutral
7847,"dastur bo'yicha siyosat mavzusi zo'r chiqibdi, bombaaa 🔥",positive
7848,"Yangi mijozlarga xizmat ko'rsatish ishga tushdi, hozircha hammasi yaxshi ishlayapti, mamnunman. 😍",positive
7849,"ℹ️ 😐 Instagramda kofe haqida e'lon ko'rdim, hozircha faqat ma'lumot yig'ayapman, shunchaki ma'lumot uchun.",neutral
7850,"kecha Samarqandga bordim, hamma narsa kayfiyatim ko'tarildi. 😍",positive
7851,"Namangandagi sayohatim ajoyib o'tdi, xizmatlar hammasi darajasida, kayfiyatim ko'tarildi. 😍 😁",positive
7852,"YouTubeda Redmi Note 13 haqida e'lon ko'rdim, hozircha faqat ma'lumot yig'ayapman, hech qanday o'zgarish sezilmadi. ℹ️ 🙄",neutral
7853,"planshet sifati kutilganidek emas, juda sust ishlayapti, afsuslandim. 😡",negative
7854,"Xivadagi sayohatim ajoyib o'tdi, xizmatlar hammasi darajasida, hayratda qoldim. 😄 😍",positive
7855,"🤬 Farg'onaga borish rejam buzildi, chiptalar bilan muammo bo'ldi, xafa bo'ldim.",negative
7856,"Instagramda yangi noutbuk haqida post ko'rdim, menga juda yoqdi, hayratda qoldim. 😄",positive
7857,"Facebookda yangi Samsung A55 haqida post ko'rdim, menga juda yoqdi, yoqib qoldi. 😎",positive
7858,"imtihon juda samarali o'tdi, professor tushuntirgan mavzu juda foydali bo'ldi, kayfiyatim ko'tarildi.",positive
7859,"👎 professor va'da qilgan ishini bajarmadi, natijadan afsuslandim.",negative
7860,"😶 🤔 kitob haqida fikrlar turlicha, hozircha hech qanday o'zgarish sezilmadi.",neutral
7861,"😁 kelasi oy Farg'onaga bordim, hamma narsa kayfiyatim ko'tarildi.",positive
7862,"bugungi servis haqidagi blog videolari yoqdi, klass 👍",positive
7863,"Qo'qondagi sayohatim ajoyib o'tdi, xizmatlar hammasi darajasida, yoqib qoldi. 👍",positive
7864,,
7865,"Qo'qondagi sayohatim ajoyib o'tdi, xizmatlar hammasi darajasida, zo'r bo'ldi.",positive
7866,"📌 📌 o'tgan oy hamkasbim bilan qisqa suhbatlashdim, neytral qarayman.",neutral
7867,"Instagramda yangi kitob haqida post ko'rdim, menga juda yoqdi, juda xursand bo'ldim.",positive
7868,"kofe haqida fikrlar turlicha, hozircha neytral qarayman. 🙄",neutral
7869,"bank xizmati bilan muammo chiqdi, qo'llab-quvvatlash xizmati javob bermadi, hafsalam pir bo'ldi. 😡",negative
7870,"hamkasbim va'da qilgan ishini bajarmadi, natijadan hafsalam pir bo'ldi. 😠 😠",negative
7871,👍,positive
7872,"kofe sotib oldim, narxi arzon emas, lekin sifati uchun mamnunman.",positive
7873,"bloger umuman tushuntira olmadi, hech nima tushunmadim",negative
7874,"Facebookda yangi Samsung A55 haqida post ko'rdim, menga juda yoqdi, kayfiyatim ko'tarildi.",positive
7875,"🤩 Telegramda yangi aviachiptalar haqida post ko'rdim, menga juda yoqdi, juda xursand bo'ldim.",positive
7876,"Xivaga borish rejam buzildi, chiptalar bilan muammo bo'ldi, juda jahlim chiqdi.",negative
7877,"Buxorodagi sayohatim ajoyib o'tdi, xizmatlar hammasi darajasida, yoqib qoldi. 😎",positive
7878,"😄 ✨ Samsung A55 sotib oldim, narxi arzon emas, lekin sifati uchun juda xursand bo'ldim.",positive
7879,"sayt bo'yicha musiqa mavzusi zo'r chiqibdi, rahmat, zo'r ekan 😎",positive
7880,"servis bo'yicha texnika mavzusi zo'r chiqibdi, gap yo'q ❤️",positive
7881,"😎 Yangi kuryer xizmati ishga tushdi, hozircha hammasi yaxshi ishlayapti, kayfiyatim ko'tarildi.",positive
7882,"iPhone 15 haqida fikrlar turlicha, hozircha shunchaki ma'lumot uchun. 📌",neutral
7883,"🙄 mijozlarga xizmat ko'rsatish bo'yicha yangilanish chiqdi, lekin hozircha hech qanday o'zgarish sezilmadi.",neutral
7884,"Redmi Note 13 haqida fikrlar turlicha, hozircha shunchaki ma'lumot uchun. 📌",neutral
7885,"YouTubeda planshet haqida e'lon ko'rdim, hozircha faqat ma'lumot yig'ayapman, shunchaki ma'lumot uchun.",neutral
7886,"ertaga Namanganda uchrashuv bo'lib o'tdi, men faqat qatnashdim, shunchaki ma'lumot uchun.",neutral
7887,"✨ Instagramda yangi kitob haqida post ko'rdim, menga juda yoqdi, hayratda qoldim.",positive
7888,kommentlarni o'qib rostdan ham zo'r 🔥,positive
7889,"Facebookdagi reklamalar juda asabga tegayapti, juda jahlim chiqdi. 😠",negative
7890,"YouTubeda yangi Samsung A55 haqida post ko'rdim, menga juda yoqdi, kayfiyatim ko'tarildi.",positive
7891,"bugun Buxoroda dars bo'lib o'tdi, men faqat qatnashdim, oddatdagidek.",neutral
7892,"kelasi oy direktor bilan qisqa suhbatlashdim, neytral qarayman.",neutral
7893,"😢 aviachiptalar sifati kutilganidek emas, juda sust ishlayapti, hafsalam pir bo'ldi.",negative
7894,"bugun Toshkentga bordim, hamma narsa yoqib qoldi. 😎",positive
7895,"🤩 😎 seminar juda samarali o'tdi, hamkasbim tushuntirgan mavzu juda foydali bo'ldi, yoqib qoldi.",positive
7896,"kelasi oy hamkasbim bilan qisqa suhbatlashdim, hech qanday o'zgarish sezilmadi.",neutral
7897,"kecha Samarqandda bo'lgan uchrashuv menga umuman yoqmadi, xafa bo'ldim. 💔 👎",negative
7898,yaxshi ishlayapti ❤️,positive
7899,"Twitterdagi reklamalar juda asabga tegayapti, afsuslandim. 👎",negative
7900,"Samsung A55 sotib oldim, narxi arzon emas, lekin sifati uchun yoqib qoldi. 🥰",positive
7901,"internet bo'yicha siyosat postini ko'rdim, ko'rdim xolos ...",neutral
7902,"Telegramda yangi Redmi Note 13 haqida post ko'rdim, menga juda yoqdi, hayratda qoldim. 😁",positive
7903,😁 😄,positive
7904,"kuryer xizmati bilan muammo chiqdi, qo'llab-quvvatlash xizmati javob bermadi, hafsalam pir bo'ldi.",negative
7905,"planshet sifati kutilganidek emas, juda sust ishlayapti, afsuslandim. 💔",negative
7906,"🤩 😍 bugun Farg'onaga bordim, hamma narsa kayfiyatim ko'tarildi.",positive
7907,"🥰 👍 Yangi bank xizmati ishga tushdi, hozircha hammasi yaxshi ishlayapti, hayratda qoldim.",positive
7908,"Samsung A55 sifati kutilganidek emas, juda sust ishlayapti, juda jahlim chiqdi. 💔",negative
7909,"uchrashuv juda samarali o'tdi, professor tushuntirgan mavzu juda foydali bo'ldi, zo'r bo'ldi.",positive
7910,"bloger juda chiroyli tushuntiribdi, top ✨",positive
7911,"Namangandagi sayohatim ajoyib o'tdi, xizmatlar hammasi darajasida, zo'r bo'ldi. 🤩",positive
7912,"Facebookda kofe haqida e'lon ko'rdim, hozircha faqat ma'lumot yig'ayapman, shunchaki ma'lumot uchun.",neutral
7913,"YouTubeda yangi planshet haqida post ko'rdim, menga juda yoqdi, yoqib qoldi. 😎",positive
7914,"Telegramda yangi kofe haqida post ko'rdim, menga juda yoqdi, yoqib qoldi. 😍",positive
7915,"😄 kitob sotib oldim, narxi arzon emas, lekin sifati uchun kayfiyatim ko'tarildi.",positive
7916,"👎 😭 Instagramdagi reklamalar juda asabga tegayapti, noroziman.",negative
7917,"Yangi telefon operatori ishga tushdi, hozircha hammasi yaxshi ishlayapti, mamnunman. 😄",positive
7918,"shu hafta Samarqandda bo'lgan konferensiya menga umuman yoqmadi, hafsalam pir bo'ldi.",negative
7919,"bugungi yangiliklar mavzusi zerikarli bo'ldi, servis noldan ham past :-/",negative
7920,"😄 imtihon juda samarali o'tdi, professor tushuntirgan mavzu juda foydali bo'ldi, yoqib qoldi.",positive
7921,"video bo'yicha talim mavzusi zo'r chiqibdi, rahmat, zo'r ekan 😁",positive
7922,"✨ majlis juda samarali o'tdi, do'stim tushuntirgan mavzu juda foydali bo'ldi, juda xursand bo'ldim.",positive
7923,"😎 Yangi bank xizmati ishga tushdi, hozircha hammasi yaxshi ishlayapti, zo'r bo'ldi.",positive
7924,"Facebookdagi reklamalar juda asabga tegayapti, juda jahlim chiqdi. 😔",negative
7925,"bugun Farg'onaga bordim, hamma narsa mamnunman. 😄",positive
7926,"servis bo'yicha futbol mavzusi zo'r chiqibdi, klass",positive
7927,"ertaga Toshkentga bordim, hamma narsa hayratda qoldim.",positive
7928,"odamlar juda chiroyli tushuntiribdi, rahmat, zo'r ekan 😄",positive
7929,"Buxorodagi sayohatim ajoyib o'tdi, xizmatlar hammasi darajasida, mamnunman. 😊",positive
7930,"shu hafta hamkasbim bilan qisqa suhbatlashdim, neytral qarayman.",neutral
7931,"YouTubeda aviachiptalar haqida e'lon ko'rdim, hozircha faqat ma'lumot yig'ayapman, shunchaki ma'lumot uchun. 📌",neutral
7932,"Redmi Note 13 sotib oldim, narxi arzon emas, lekin sifati uchun hayratda qoldim.",positive
7933,"Xivadagi sayohatim ajoyib o'tdi, xizmatlar hammasi darajasida, kayfiyatim ko'tarildi. 😎",positive
7934,"Xivaga borish rejam buzildi, chiptalar bilan muammo bo'ldi, afsuslandim. 😢 💔",negative
7935,"iPhone 15 sotib oldim, narxi arzon emas, lekin sifati uchun mamnunman. 👍",positive
7936,"ertaga Namanganda bo'lgan konferensiya menga umuman yoqmadi, hafsalam pir bo'ldi.",negative
7937,"kecha Buxoroga bordim, hamma narsa hayratda qoldim.",positive
7938,"Andijon haqida yangilik o'qidim, neytral qarayman.",neutral
7939,"👍 noutbuk sotib oldim, narxi arzon emas, lekin sifati uchun hayratda qoldim.",positive
7940,"😎 😊 majlis juda samarali o'tdi, direktor tushuntirgan mavzu juda foydali bo'ldi, zo'r bo'ldi.",positive
7941,"Samsung A55 sifati kutilganidek emas, juda sust ishlayapti, afsuslandim. 👎",negative
7942,"bugungi video haqidagi texnika videolari yoqdi, top 😊",positive
7943,😎 😍 😁,positive
7944,"✨ 😍 Buxorodagi sayohatim ajoyib o'tdi, xizmatlar hammasi darajasida, juda xursand bo'ldim.",positive
7945,"😐 Qo'qon haqida yangilik o'qidim, neytral qarayman.",neutral
7946,"ilova bo'yicha kommentlar mavzusi zo'r chiqibdi, rosa yoqdi 😎",positive
7947,"YouTubedagi reklamalar juda asabga tegayapti, xafa bo'ldim. 😔 💔",negative
7948,"ℹ️ kelasi oy hamkasbim bilan qisqa suhbatlashdim, oddatdagidek.",neutral
7949,"🤬 dastur bilan muammo chiqdi, qo'llab-quvvatlash xizmati javob bermadi, noroziman.",negative
7950,"Facebookda yangi iPhone 15 haqida post ko'rdim, menga juda yoqdi, hayratda qoldim. 👍 😁",positive
7951,"kelasi oy Samarqandda imtihon bo'lib o'tdi, men faqat qatnashdim, neytral qarayman. 😐",neutral
7952,😔 🤬 =/,negative
7953,"😶 😐 o'tgan oy rahbar bilan qisqa suhbatlashdim, oddatdagidek.",neutral
7954,"Farg'onadagi sayohatim ajoyib o'tdi, xizmatlar hammasi darajasida, hayratda qoldim. 🤩",positive
7955,"bugun Samarqandga bordim, hamma narsa kayfiyatim ko'tarildi.",positive
7956,"Twitterda yangi Redmi Note 13 haqida post ko'rdim, menga juda yoqdi, zo'r bo'ldi.",positive
7957,"kecha direktor bilan qisqa suhbatlashdim, hech qanday o'zgarish sezilmadi.",neutral
7958,"😢 Telegramdagi reklamalar juda asabga tegayapti, noroziman.",negative
7959,"planshet haqida fikrlar turlicha, hozircha neytral qarayman. 😐",neutral
7960,"😶 Farg'ona haqida yangilik o'qidim, neytral qarayman.",neutral
7961,"😭 😡 Farg'onaga borish rejam buzildi, chiptalar bilan muammo bo'ldi, umuman yoqmadi.",negative
7962,"Yangi bank xizmati ishga tushdi, hozircha hammasi yaxshi ishlayapti, hayratda qoldim. 🤩",positive
7963,🥰 ✨ 😁 :),positive
7964,"Yangi internet xizmati ishga tushdi, hozircha hammasi yaxshi ishlayapti, kayfiyatim ko'tarildi. ✨ 😍",positive
7965,;) 😎 :) 🥰,positive
7966,"🤩 o'tgan oy Farg'onaga bordim, hamma narsa kayfiyatim ko'tarildi.",positive
7967,"😢 bugun Farg'onada bo'lgan seminar menga umuman yoqmadi, xafa bo'ldim.",negative
7968,"🥰 kelasi oy Xivaga bordim, hamma narsa hayratda qoldim.",positive
7969,"Farg'ona haqida yangilik o'qidim, oddiy bo'ldi. 🙄",neutral
7970,"Telegramda Samsung A55 haqida e'lon ko'rdim, hozircha faqat ma'lumot yig'ayapman, shunchaki ma'lumot uchun. 🤔",neutral
7971,"😭 bank xizmati bilan muammo chiqdi, qo'llab-quvvatlash xizmati javob bermadi, afsuslandim.",negative
7972,"Telegramda yangi planshet haqida post ko'rdim, menga juda yoqdi, yoqib qoldi. 🤩",positive
7973,kommentlarni o'qib rostdan ham super 🥰,positive
7974,"kitob sifati kutilganidek emas, juda sust ishlayapti, umuman yoqmadi.",negative
7975,"👍 🥰 iPhone 15 sotib oldim, narxi arzon emas, lekin sifati uchun mamnunman.",positive
7976,"kelasi oy direktor bilan qisqa suhbatlashdim, neytral qarayman. 🤔",neutral
7977,"kitob sotib oldim, narxi arzon emas, lekin sifati uchun hayratda qoldim. 🤩",positive
7978,"kommentlarni o'qidim, prosta savol :|",neutral
7979,"ilova bilan muammo chiqdi, qo'llab-quvvatlash xizmati javob bermadi, juda jahlim chiqdi.",negative
7980,"😁 o'tgan oy Buxoroga bordim, hamma narsa juda xursand bo'ldim.",positive
7981,"Instagramda planshet haqida e'lon ko'rdim, hozircha faqat ma'lumot yig'ayapman, hech qanday o'zgarish sezilmadi. 📌",neutral
7982,"kecha Andijonda uchrashuv bo'lib o'tdi, men faqat qatnashdim, neytral qarayman. 😐 🤔",neutral
7983,"👍 majlis juda samarali o'tdi, rahbar tushuntirgan mavzu juda foydali bo'ldi, juda xursand bo'ldim.",positive
7984,"😐 🙄 Instagramda Redmi Note 13 haqida e'lon ko'rdim, hozircha faqat ma'lumot yig'ayapman, oddatdagidek.",neutral
7985,"✨ Instagramda yangi kofe haqida post ko'rdim, menga juda yoqdi, zo'r bo'ldi.",positive
7986,😐 📌 🙄,neutral
7987,"bugun Xivaga bordim, hamma narsa hayratda qoldim.",positive
7988,:( 🤬 😭 :(,negative
7989,"kommentlarda hammasi urush, pulga achindim 😭",negative
7990,"ertaga Namanganda bo'lgan seminar menga umuman yoqmadi, afsuslandim.",negative
7991,"🤬 Twitterdagi reklamalar juda asabga tegayapti, afsuslandim.",negative
7992,"video bo'yicha blog postini ko'rdim, shunchaki 😶",neutral
7993,"bugun Xivada majlis bo'lib o'tdi, men faqat qatnashdim, neytral qarayman. 😐 😐",neutral
7994,"Yangi ilova ishga tushdi, hozircha hammasi yaxshi ishlayapti, juda xursand bo'ldim.",positive
7995,klass =),positive
7996,"kecha dekan bilan qisqa suhbatlashdim, oddiy bo'ldi.",neutral
7997,"😢 direktor va'da qilgan ishini bajarmadi, natijadan juda jahlim chiqdi.",negative
7998,"Farg'ona haqida yangilik o'qidim, hech qanday o'zgarish sezilmadi. 🤔",neutral
7999,"kelasi oy o'qituvchi bilan qisqa suhbatlashdim, neytral qarayman.",neutral
8000,zor =),positive
8001,"Samarqandga borish rejam buzildi, chiptalar bilan muammo bo'ldi, xafa bo'ldim. 😞",negative
8002,"bugungi yangiliklar mavzusi zerikarli bo'ldi, qattiq hafsalam pir bo'ldi 💔",negative
8003,"video sifati yana tushib ketgan, umidsizlik 🤬",negative
8004,🥰 :),positive
8005,🙄 😐 📌,neutral
8006,"😠 kelasi oy Namanganda bo'lgan uchrashuv menga umuman yoqmadi, afsuslandim.",negative
8007,"🥰 🤩 Samsung A55 sotib oldim, narxi arzon emas, lekin sifati uchun hayratda qoldim.",positive
8008,"folloverlar umuman tushuntira olmadi, zerikarli 🤦‍♀️",negative
8009,"o'tgan oy Samarqandda majlis bo'lib o'tdi, men faqat qatnashdim, hech qanday o'zgarish sezilmadi. ℹ️",neutral
8010,"Instagramda yangi kitob haqida post ko'rdim, menga juda yoqdi, mamnunman.",positive
8011,"video bo'yicha blog mavzusi zo'r chiqibdi, kontent yoqdi 🥰",positive
8012,:D 👍 😍,positive
8013,"😶 🙄 telefon operatori bo'yicha yangilanish chiqdi, lekin hozircha oddiy bo'ldi.",neutral
8014,"😁 🤩 planshet sotib oldim, narxi arzon emas, lekin sifati uchun yoqib qoldi.",positive
8015,😡 😠 😭 😭,negative
8016,"🤔 Facebookda noutbuk haqida e'lon ko'rdim, hozircha faqat ma'lumot yig'ayapman, hech qanday o'zgarish sezilmadi.",neutral
8017,zor ;),positive
8018,"kitob sifati kutilganidek emas, juda sust ishlayapti, xafa bo'ldim. 😞",negative
8019,"📌 bugun Namanganda dars bo'lib o'tdi, men faqat qatnashdim, hech qanday o'zgarish sezilmadi.",neutral
8020,"ertaga Namanganga bordim, hamma narsa yoqib qoldi. 🥰",positive
8021,"Andijondagi sayohatim ajoyib o'tdi, xizmatlar hammasi darajasida, zo'r bo'ldi. ✨ 🤩",positive
8022,"bugungi sayt haqidagi blog videolari yoqdi, otliii 👍",positive
8023,"✨ 😍 aviachiptalar sotib oldim, narxi arzon emas, lekin sifati uchun yoqib qoldi.",positive
8024,"😍 😍 Facebookda yangi noutbuk haqida post ko'rdim, menga juda yoqdi, yoqib qoldi.",positive
8025,"Twitterda yangi iPhone 15 haqida post ko'rdim, menga juda yoqdi, yoqib qoldi. 😍",positive
8026,"servis bo'yicha pul postini ko'rdim, norm",neutral
8027,"💔 dastur bilan muammo chiqdi, qo'llab-quvvatlash xizmati javob bermadi, afsuslandim.",negative
8028,"Redmi Note 13 sotib oldim, narxi arzon emas, lekin sifati uchun kayfiyatim ko'tarildi. 😄",positive
8029,nogiron qilindi =/,negative
8030,"😊 Buxorodagi sayohatim ajoyib o'tdi, xizmatlar hammasi darajasida, yoqib qoldi.",positive
8031,"Instagramda yangi Samsung A55 haqida post ko'rdim, menga juda yoqdi, hayratda qoldim.",positive
8032,😢,negative
8033,"ertaga Toshkentga bordim, hamma narsa zo'r bo'ldi.",positive
8034,chiqqan joyi yoqdi ❤️,positive
8035,"bugun Namanganda majlis bo'lib o'tdi, men faqat qatnashdim, neytral qarayman. 😐",neutral
8036,"Farg'onaga borish rejam buzildi, chiptalar bilan muammo bo'ldi, noroziman. 😭 😠",negative
8037,"Qo'qonga borish rejam buzildi, chiptalar bilan muammo bo'ldi, juda jahlim chiqdi.",negative
8038,"😎 kofe sotib oldim, narxi arzon emas, lekin sifati uchun juda xursand bo'ldim.",positive
8039,"bugungi sayt haqidagi yangiliklar videolari yoqdi, chiqqan joyi yoqdi 😊",positive
8040,"😶 🙄 o'tgan oy Namanganda seminar bo'lib o'tdi, men faqat qatnashdim, hech qanday o'zgarish sezilmadi.",neutral
8041,"YouTubedagi reklamalar juda asabga tegayapti, umuman yoqmadi. 😡",negative
8042,"sayt sifati yana tushib ketgan, servis noldan ham past 😔",negative
8043,"🤩 Samarqanddagi sayohatim ajoyib o'tdi, xizmatlar hammasi darajasida, zo'r bo'ldi.",positive
8044,"kommentlarni o'qidim, bilmayman 😶",neutral
8045,"😐 Samarqand haqida yangilik o'qidim, oddiy bo'ldi.",neutral
8046,"folloverlar juda chiroyli tushuntiribdi, bombaaa 👍",positive
8047,"shu hafta hamkasbim bilan qisqa suhbatlashdim, oddiy bo'ldi. ℹ️",neutral
8048,"👍 Yangi telefon operatori ishga tushdi, hozircha hammasi yaxshi ishlayapti, yoqib qoldi.",positive
8049,"Farg'onadagi sayohatim ajoyib o'tdi, xizmatlar hammasi darajasida, hayratda qoldim. 😎 😍",positive
8050,"Instagramda yangi planshet haqida post ko'rdim, menga juda yoqdi, juda xursand bo'ldim.",positive
8051,"👍 ertaga Andijonga bordim, hamma narsa juda xursand bo'ldim.",positive
8052,"Yangi internet xizmati ishga tushdi, hozircha hammasi yaxshi ishlayapti, yoqib qoldi. 🥰",positive
8053,servis noldan ham past =/,negative
8054,"dars juda samarali o'tdi, rahbar tushuntirgan mavzu juda foydali bo'ldi, kayfiyatim ko'tarildi. 👍 😍",positive
8055,"Farg'onaga borish rejam buzildi, chiptalar bilan muammo bo'ldi, hafsalam pir bo'ldi.",negative
8056,umuman yoqmaydi 😠,negative
8057,🔥 ;) 🔥,positive
8058,"ilova bo'yicha kino postini ko'rdim, shunchaki 📌",neutral
8059,"Yangi internet xizmati ishga tushdi, hozircha hammasi yaxshi ishlayapti, yoqib qoldi.",positive
8060,"Qo'qonga borish rejam buzildi, chiptalar bilan muammo bo'ldi, umuman yoqmadi.",negative
8061,"uchrashuv juda samarali o'tdi, o'qituvchi tushuntirgan mavzu juda foydali bo'ldi, hayratda qoldim. 😄",positive
8062,prosta savol 📌,neutral
8063,"Telegramdagi reklamalar juda asabga tegayapti, umuman yoqmadi. 💔",negative
8064,"kelasi oy Xivada bo'lgan majlis menga umuman yoqmadi, afsuslandim.",negative
8065,🤬 :'( 👎 :-/,negative
8066,"odamlar nimadir yozibdi, lekin men uchun neytralman 📌",neutral
8067,"🥰 Yangi ilova ishga tushdi, hozircha hammasi yaxshi ishlayapti, mamnunman.",positive
8068,"😍 Twitterda yangi kofe haqida post ko'rdim, menga juda yoqdi, juda xursand bo'ldim.",positive
8069,"Telegramda kofe haqida e'lon ko'rdim, hozircha faqat ma'lumot yig'ayapman, shunchaki ma'lumot uchun. 🤔",neutral
8070,"👍 shu hafta Xivaga bordim, hamma narsa hayratda qoldim.",positive
8071,"aka juda chiroyli tushuntiribdi, menga yoqdi 😊",positive
8072,"do'stim va'da qilgan ishini bajarmadi, natijadan juda jahlim chiqdi.",negative
8073,fikir yo'q ℹ️,neutral
8074,"🤩 noutbuk sotib oldim, narxi arzon emas, lekin sifati uchun yoqib qoldi.",positive
8075,"dars juda samarali o'tdi, o'qituvchi tushuntirgan mavzu juda foydali bo'ldi, yoqib qoldi. ✨ 🥰",positive
8076,"kecha o'qituvchi bilan qisqa suhbatlashdim, oddiy bo'ldi. 😶 🤔",neutral
8077,"kecha hamkasbim bilan qisqa suhbatlashdim, oddatdagidek.",neutral
8078,"👍 👍 kecha Qo'qonga bordim, hamma narsa hayratda qoldim.",positive
8079,😐 !? !?,neutral
8080,"😡 😡 Samarqandga borish rejam buzildi, chiptalar bilan muammo bo'ldi, juda jahlim chiqdi.",negative
8081,"😎 Yangi kuryer xizmati ishga tushdi, hozircha hammasi yaxshi ishlayapti, hayratda qoldim.",positive
8082,"😄 majlis juda samarali o'tdi, hamkasbim tushuntirgan mavzu juda foydali bo'ldi, yoqib qoldi.",positive
8083,"ℹ️ 🤔 Andijon haqida yangilik o'qidim, oddiy bo'ldi.",neutral
8084,rosa yoqdi,positive
8085,"kitob sotib oldim, narxi arzon emas, lekin sifati uchun hayratda qoldim. 🥰",positive
8086,"😊 😁 imtihon juda samarali o'tdi, dekan tushuntirgan mavzu juda foydali bo'ldi, mamnunman.",positive
8087,"Instagramda yangi kitob haqida post ko'rdim, menga juda yoqdi, zo'r bo'ldi. 🥰",positive
8088,"o'tgan oy dekan bilan qisqa suhbatlashdim, oddiy bo'ldi. 🙄 😶",neutral
8089,"😶 Xiva haqida yangilik o'qidim, shunchaki ma'lumot uchun.",neutral
8090,"dars juda samarali o'tdi, o'qituvchi tushuntirgan mavzu juda foydali bo'ldi, mamnunman. 😍",positive
8091,"🙄 Telegramda Redmi Note 13 haqida e'lon ko'rdim, hozircha faqat ma'lumot yig'ayapman, oddiy bo'ldi.",neutral
8092,"o'qituvchi va'da qilgan ishini bajarmadi, natijadan juda jahlim chiqdi.",negative
8093,"👍 🥰 shu hafta Andijonga bordim, hamma narsa juda xursand bo'ldim.",positive
8094,"bugun dekan bilan qisqa suhbatlashdim, neytral qarayman. 🙄 😐",neutral
8095,"o'qib qo'ydim xolos, neytralman 😐",neutral
8096,"YouTubedagi reklamalar juda asabga tegayapti, umuman yoqmadi. 😔",negative
8097,"YouTubeda yangi noutbuk haqida post ko'rdim, menga juda yoqdi, hayratda qoldim. 😊 ✨",positive
8098,"o'tgan oy Andijonda bo'lgan dars menga umuman yoqmadi, juda jahlim chiqdi. 😞 😔",negative
8099,"Instagramda Samsung A55 haqida e'lon ko'rdim, hozircha faqat ma'lumot yig'ayapman, oddatdagidek. 😐 📌",neutral
8100,"bugun direktor bilan qisqa suhbatlashdim, oddatdagidek.",neutral
8101,"bugun yangiliklar bo'yicha faqat kuzatib turdim, ko'rdim xolos ??",neutral
8102,"majlis juda samarali o'tdi, do'stim tushuntirgan mavzu juda foydali bo'ldi, zo'r bo'ldi. ✨",positive
8103,"kecha Xivada dars bo'lib o'tdi, men faqat qatnashdim, oddiy bo'ldi. 😶",neutral
8104,"😄 Redmi Note 13 sotib oldim, narxi arzon emas, lekin sifati uchun yoqib qoldi.",positive
8105,:( 🤦‍♂️ 😠 😠,negative
8106,"kommentlarni o'qidim, info uchun",neutral
8107,"opa umuman tushuntira olmadi, yoqmadi 😠",negative
8108,"😔 kelasi oy Buxoroda bo'lgan konferensiya menga umuman yoqmadi, juda jahlim chiqdi.",negative
8109,"kelasi oy Namanganda seminar bo'lib o'tdi, men faqat qatnashdim, hech qanday o'zgarish sezilmadi.",neutral
8110,"hamkasbim va'da qilgan ishini bajarmadi, natijadan umuman yoqmadi. 😡 😠",negative
8111,"Andijondagi sayohatim ajoyib o'tdi, xizmatlar hammasi darajasida, zo'r bo'ldi.",positive
8112,"Xivaga borish rejam buzildi, chiptalar bilan muammo bo'ldi, noroziman. 😔",negative
8113,"o'tgan oy Andijonda konferensiya bo'lib o'tdi, men faqat qatnashdim, oddiy bo'ldi. 📌 😶",neutral
8114,"😍 ✨ Telegramda yangi Samsung A55 haqida post ko'rdim, menga juda yoqdi, kayfiyatim ko'tarildi.",positive
8115,"Samsung A55 sotib oldim, narxi arzon emas, lekin sifati uchun hayratda qoldim. 🥰",positive
8116,"ℹ️ Toshkent haqida yangilik o'qidim, neytral qarayman.",neutral
8117,"bugun futbol bo'yicha faqat kuzatib turdim, info uchun 😐",neutral
8118,"kelasi oy professor bilan qisqa suhbatlashdim, hech qanday o'zgarish sezilmadi.",neutral
8119,"bugun Xivada bo'lgan majlis menga umuman yoqmadi, noroziman.",negative
8120,❤️ ❤️ 👍 👍,positive
8121,"Toshkentga borish rejam buzildi, chiptalar bilan muammo bo'ldi, xafa bo'ldim. 😭",negative
8122,"🥰 noutbuk sotib oldim, narxi arzon emas, lekin sifati uchun zo'r bo'ldi.",positive
8123,"ertaga Namanganda bo'lgan seminar menga umuman yoqmadi, juda jahlim chiqdi.",negative
8124,"😶 Buxoro haqida yangilik o'qidim, oddatdagidek.",neutral
8125,"😶 Instagramda noutbuk haqida e'lon ko'rdim, hozircha faqat ma'lumot yig'ayapman, oddiy bo'ldi.",neutral
8126,"🙄 😶 o'tgan oy Namanganda seminar bo'lib o'tdi, men faqat qatnashdim, hech qanday o'zgarish sezilmadi.",neutral
8127,"Instagramda yangi planshet haqida post ko'rdim, menga juda yoqdi, mamnunman. 👍",positive
8128,"Yangi internet xizmati ishga tushdi, hozircha hammasi yaxshi ishlayapti, yoqib qoldi. 🤩 🥰",positive
8129,"🤬 😞 YouTubedagi reklamalar juda asabga tegayapti, noroziman.",negative
8130,"😞 kecha Xivada bo'lgan konferensiya menga umuman yoqmadi, noroziman.",negative
8131,"professor va'da qilgan ishini bajarmadi, natijadan juda jahlim chiqdi.",negative
8132,"ilova sifati yana tushib ketgan, tavsiya etmayman 👎",negative
8133,"ilova bo'yicha pul postini ko'rdim, bilmayman",neutral
8134,"o'tgan oy Samarqandda dars bo'lib o'tdi, men faqat qatnashdim, oddiy bo'ldi. 🙄",neutral
8135,"😊 😄 aviachiptalar sotib oldim, narxi arzon emas, lekin sifati uchun juda xursand bo'ldim.",positive
8136,"😊 😄 imtihon juda samarali o'tdi, rahbar tushuntirgan mavzu juda foydali bo'ldi, yoqib qoldi.",positive
8137,"kommentlarda hammasi urush, juda yomon",negative
8138,"do'stim va'da qilgan ishini bajarmadi, natijadan juda jahlim chiqdi. 😞",negative
8139,"kuryer xizmati bilan muammo chiqdi, qo'llab-quvvatlash xizmati javob bermadi, umuman yoqmadi.",negative
8140,"shu hafta Farg'onada bo'lgan konferensiya menga umuman yoqmadi, noroziman.",negative
8141,"✨ Namangandagi sayohatim ajoyib o'tdi, xizmatlar hammasi darajasida, juda xursand bo'ldim.",positive
8142,"😡 o'tgan oy Samarqandda bo'lgan seminar menga umuman yoqmadi, noroziman.",negative
8143,"Qo'qon haqida yangilik o'qidim, shunchaki ma'lumot uchun. ℹ️",neutral
8144,"telegram kanal bo'yicha siyosat postini ko'rdim, norm 🙄",neutral
8145,?? ℹ️ ℹ️,neutral
8146,"kommentlarni o'qib rostdan ham rahmat, zo'r ekan 🔥",positive
8147,"kelasi oy dekan bilan qisqa suhbatlashdim, hech qanday o'zgarish sezilmadi.",neutral
8148,"👍 shu hafta Toshkentga bordim, hamma narsa kayfiyatim ko'tarildi.",positive
8149,,
8150,"Yangi bank xizmati ishga tushdi, hozircha hammasi yaxshi ishlayapti, hayratda qoldim.",positive
8151,"🥰 Telegramda yangi aviachiptalar haqida post ko'rdim, menga juda yoqdi, zo'r bo'ldi.",positive
8152,"ilova sifati yana tushib ketgan, yoqmadi 😔",negative
8153,"dars juda samarali o'tdi, dekan tushuntirgan mavzu juda foydali bo'ldi, yoqib qoldi.",positive
8154,"shu hafta Xivaga bordim, hamma narsa mamnunman. 🥰",positive
8155,"instagram sahifa sifati yana tushib ketgan, servis noldan ham past 😞",negative
8156,🤔 😐,neutral
8157,"Xivadagi sayohatim ajoyib o'tdi, xizmatlar hammasi darajasida, mamnunman. 🤩",positive
8158,"shu hafta Toshkentda bo'lgan dars menga umuman yoqmadi, noroziman.",negative
8159,"😁 😍 imtihon juda samarali o'tdi, hamkasbim tushuntirgan mavzu juda foydali bo'ldi, hayratda qoldim.",positive
8160,"🙄 Toshkent haqida yangilik o'qidim, shunchaki ma'lumot uchun.",neutral
8161,"dastur bo'yicha talim mavzusi zo'r chiqibdi, super ✨",positive
8162,prosta savol 🤔,neutral
8163,"Buxoroga borish rejam buzildi, chiptalar bilan muammo bo'ldi, hafsalam pir bo'ldi.",negative
8164,"Xivaga borish rejam buzildi, chiptalar bilan muammo bo'ldi, noroziman. 💔",negative
8165,"Buxoro haqida yangilik o'qidim, oddiy bo'ldi. 🤔",neutral
8166,"servis bo'yicha futbol mavzusi zo'r chiqibdi, otliii 😍",positive
8167,"telegram kanal bo'yicha pul postini ko'rdim, ok 🤔",neutral
8168,🥰 =) ;),positive
8169,"✨ Twitterda yangi kitob haqida post ko'rdim, menga juda yoqdi, yoqib qoldi.",positive
8170,kommentlarni o'qib rostdan ham rosa yoqdi =),positive
8171,"o'tgan oy Xivaga bordim, hamma narsa juda xursand bo'ldim. 🥰 😁",positive
8172,"💔 😡 Qo'qonga borish rejam buzildi, chiptalar bilan muammo bo'ldi, hafsalam pir bo'ldi.",negative
8173,"noutbuk sifati kutilganidek emas, juda sust ishlayapti, umuman yoqmadi. 😞",negative
8174,"Facebookdagi reklamalar juda asabga tegayapti, xafa bo'ldim.",negative
8175,"shu hafta Samarqandda imtihon bo'lib o'tdi, men faqat qatnashdim, hech qanday o'zgarish sezilmadi.",neutral
8176,"😁 🤩 planshet sotib oldim, narxi arzon emas, lekin sifati uchun kayfiyatim ko'tarildi.",positive
8177,"Instagramda yangi Redmi Note 13 haqida post ko'rdim, menga juda yoqdi, zo'r bo'ldi.",positive
8178,"😶 kelasi oy direktor bilan qisqa suhbatlashdim, oddiy bo'ldi.",neutral
8179,"dastur bilan muammo chiqdi, qo'llab-quvvatlash xizmati javob bermadi, xafa bo'ldim. 😞 😠",negative
8180,"Facebookdagi reklamalar juda asabga tegayapti, juda jahlim chiqdi. 🤬 😢",negative
8181,"😁 Telegramda yangi Redmi Note 13 haqida post ko'rdim, menga juda yoqdi, juda xursand bo'ldim.",positive
8182,"🤩 Telegramda yangi iPhone 15 haqida post ko'rdim, menga juda yoqdi, kayfiyatim ko'tarildi.",positive
8183,"Toshkentdagi sayohatim ajoyib o'tdi, xizmatlar hammasi darajasida, kayfiyatim ko'tarildi. 😍 🤩",positive
8184,"😔 💔 direktor va'da qilgan ishini bajarmadi, natijadan hafsalam pir bo'ldi.",negative
8185,"bugungi yangiliklar mavzusi zerikarli bo'ldi, bekor ketdi hamma narsasi 🤬",negative
8186,"YouTubeda yangi kofe haqida post ko'rdim, menga juda yoqdi, zo'r bo'ldi.",positive
8187,"kecha Qo'qonda bo'lgan dars menga umuman yoqmadi, xafa bo'ldim.",negative
8188,"do'stlar nimadir yozibdi, lekin men uchun info uchun 📌",neutral
8189,"aka juda chiroyli tushuntiribdi, zor 😊",positive
8190,"ℹ️ planshet haqida fikrlar turlicha, hozircha neytral qarayman.",neutral
8191,"uchrashuv juda samarali o'tdi, professor tushuntirgan mavzu juda foydali bo'ldi, kayfiyatim ko'tarildi. ✨",positive
8192,"folloverlar umuman tushuntira olmadi, pulga achindim 🤦‍♀️",negative
8193,bunday bo'lmasligi kerak edi :-/,negative
8194,"kecha Farg'onada seminar bo'lib o'tdi, men faqat qatnashdim, shunchaki ma'lumot uchun. 😶",neutral
8195,"Telegramda yangi Samsung A55 haqida post ko'rdim, menga juda yoqdi, mamnunman. 🤩 😄",positive
8196,"😐 ertaga Samarqandda dars bo'lib o'tdi, men faqat qatnashdim, hech qanday o'zgarish sezilmadi.",neutral
8197,"Twitterda yangi Samsung A55 haqida post ko'rdim, menga juda yoqdi, zo'r bo'ldi.",positive
8198,"noutbuk haqida fikrlar turlicha, hozircha hech qanday o'zgarish sezilmadi.",neutral
8199,"Telegramda yangi planshet haqida post ko'rdim, menga juda yoqdi, hayratda qoldim. 😊",positive
8200,"o'tgan oy Samarqandda imtihon bo'lib o'tdi, men faqat qatnashdim, shunchaki ma'lumot uchun. 🤔",neutral
8201,"ertaga Farg'onaga bordim, hamma narsa zo'r bo'ldi.",positive
8202,"😁 ertaga Xivaga bordim, hamma narsa juda xursand bo'ldim.",positive
8203,"😶 Namangan haqida yangilik o'qidim, oddatdagidek.",neutral
8204,"😢 Namanganga borish rejam buzildi, chiptalar bilan muammo bo'ldi, juda jahlim chiqdi.",negative
8205,"bugungi futbol mavzusi zerikarli bo'ldi, bunday bo'lmasligi kerak edi 🤬",negative
8206,"📌 😐 Samsung A55 haqida fikrlar turlicha, hozircha hech qanday o'zgarish sezilmadi.",neutral
8207,"😁 Yangi internet xizmati ishga tushdi, hozircha hammasi yaxshi ishlayapti, yoqib qoldi.",positive
8208,"bugun dekan bilan qisqa suhbatlashdim, shunchaki ma'lumot uchun.",neutral
8209,"Yangi kuryer xizmati ishga tushdi, hozircha hammasi yaxshi ishlayapti, hayratda qoldim. 😄 ✨",positive
8210,"aka umuman tushuntira olmadi, bunday bo'lmasligi kerak edi 😞",negative
8211,"Yangi dastur ishga tushdi, hozircha hammasi yaxshi ishlayapti, mamnunman.",positive
8212,😔 :-/ 💔,negative
8213,"😁 Telegramda yangi Redmi Note 13 haqida post ko'rdim, menga juda yoqdi, hayratda qoldim.",positive
8214,"bloger juda chiroyli tushuntiribdi, gap yo'q 🔥",positive
8215,"✨ ertaga Toshkentga bordim, hamma narsa hayratda qoldim.",positive
8216,"🤔 📌 planshet haqida fikrlar turlicha, hozircha oddatdagidek.",neutral
8217,:| !? ✍️,neutral
8218,"kofe sotib oldim, narxi arzon emas, lekin sifati uchun yoqib qoldi. 😁",positive
8219,"😎 dars juda samarali o'tdi, do'stim tushuntirgan mavzu juda foydali bo'ldi, zo'r bo'ldi.",positive
8220,"😶 bugun professor bilan qisqa suhbatlashdim, oddatdagidek.",neutral
8221,"Yangi dastur ishga tushdi, hozircha hammasi yaxshi ishlayapti, kayfiyatim ko'tarildi.",positive
8222,"video bo'yicha kommentlar mavzusi zo'r chiqibdi, chiqqan joyi yoqdi 😍",positive
8223,pulga achindim,negative
8224,"internet xizmati bo'yicha yangilanish chiqdi, lekin hozircha neytral qarayman. 😶",neutral
8225,💔 :'(,negative
8226,ko'rdim xolos !?,neutral
8227,"😶 Qo'qon haqida yangilik o'qidim, oddiy bo'ldi.",neutral
8228,"bugun rahbar bilan qisqa suhbatlashdim, oddiy bo'ldi.",neutral
8229,"shu hafta direktor bilan qisqa suhbatlashdim, shunchaki ma'lumot uchun.",neutral
8230,"🥰 Andijondagi sayohatim ajoyib o'tdi, xizmatlar hammasi darajasida, juda xursand bo'ldim.",positive
8231,"Redmi Note 13 sotib oldim, narxi arzon emas, lekin sifati uchun kayfiyatim ko'tarildi. 🤩",positive
8232,"😎 o'tgan oy Xivaga bordim, hamma narsa mamnunman.",positive
8233,"o'tgan oy Andijonda konferensiya bo'lib o'tdi, men faqat qatnashdim, oddatdagidek. 😐",neutral
8234,"hamma juda chiroyli tushuntiribdi, zor",positive
8235,"o'qib qo'ydim xolos, hech narsa o'zgarmadi 🙄",neutral
8236,"😐 kecha Buxoroda seminar bo'lib o'tdi, men faqat qatnashdim, oddatdagidek.",neutral
8237,"Telegramda Samsung A55 haqida e'lon ko'rdim, hozircha faqat ma'lumot yig'ayapman, neytral qarayman.",neutral
8238,"🤬 Instagramdagi reklamalar juda asabga tegayapti, umuman yoqmadi.",negative
8239,"Facebookda yangi iPhone 15 haqida post ko'rdim, menga juda yoqdi, zo'r bo'ldi. 😊",positive
8240,"o'qib qo'ydim xolos, info uchun 🙄",neutral
8241,"kommentlarda hammasi urush, juda yomon 😞",negative
8242,"Instagramda yangi planshet haqida post ko'rdim, menga juda yoqdi, zo'r bo'ldi.",positive
8243,"iPhone 15 sotib oldim, narxi arzon emas, lekin sifati uchun juda xursand bo'ldim. ✨ 👍",positive
8244,"kommentlarda hammasi urush, yoqmadi 😭",negative
8245,"servis bo'yicha yangiliklar mavzusi zo'r chiqibdi, klass",positive
8246,"✨ ✨ seminar juda samarali o'tdi, do'stim tushuntirgan mavzu juda foydali bo'ldi, yoqib qoldi.",positive
8247,"mijozlarga xizmat ko'rsatish bilan muammo chiqdi, qo'llab-quvvatlash xizmati javob bermadi, afsuslandim.",negative
8248,:(,negative
8249,"Yangi bank xizmati ishga tushdi, hozircha hammasi yaxshi ishlayapti, zo'r bo'ldi. 👍",positive
8250,"ilova bilan muammo chiqdi, qo'llab-quvvatlash xizmati javob bermadi, afsuslandim. 😢 😠",negative
8251,"Instagramda kofe haqida e'lon ko'rdim, hozircha faqat ma'lumot yig'ayapman, oddatdagidek.",neutral
8252,"planshet haqida fikrlar turlicha, hozircha hech qanday o'zgarish sezilmadi.",neutral
8253,"o'qituvchi va'da qilgan ishini bajarmadi, natijadan umuman yoqmadi. 😢",negative
8254,"ℹ️ kecha o'qituvchi bilan qisqa suhbatlashdim, oddatdagidek.",neutral
8255,😐 😐 🙄,neutral
8256,"bugun Buxoroda bo'lgan seminar menga umuman yoqmadi, juda jahlim chiqdi.",negative
8257,"😞 😭 do'stim va'da qilgan ishini bajarmadi, natijadan xafa bo'ldim.",negative
8258,"kitob sotib oldim, narxi arzon emas, lekin sifati uchun hayratda qoldim.",positive
8259,"bugun Farg'onaga bordim, hamma narsa hayratda qoldim.",positive
8260,"ertaga direktor bilan qisqa suhbatlashdim, oddiy bo'ldi.",neutral
8261,"😎 😍 kecha Farg'onaga bordim, hamma narsa juda xursand bo'ldim.",positive
8262,hech nima tushunmadim,negative
8263,"📌 YouTubeda Samsung A55 haqida e'lon ko'rdim, hozircha faqat ma'lumot yig'ayapman, hech qanday o'zgarish sezilmadi.",neutral
8264,"bloger nimadir yozibdi, lekin men uchun ko'rdim xolos ℹ️",neutral
8265,"ilova bilan muammo chiqdi, qo'llab-quvvatlash xizmati javob bermadi, afsuslandim. 😠",negative
8266,"😍 kelasi oy Qo'qonga bordim, hamma narsa zo'r bo'ldi.",positive
8267,"bugungi telegram kanal haqidagi texnika videolari yoqdi, top ;)",positive
8268,"💔 😢 telefon operatori bilan muammo chiqdi, qo'llab-quvvatlash xizmati javob bermadi, xafa bo'ldim.",negative
8269,bekor ekan :-/,negative
8270,ok,neutral
8271,"folloverlar umuman tushuntira olmadi, umuman yoqmaydi 😡",negative
8272,"Facebookda kofe haqida e'lon ko'rdim, hozircha faqat ma'lumot yig'ayapman, hech qanday o'zgarish sezilmadi. ℹ️ 😐",neutral
8273,"bugun yangiliklar bo'yicha faqat kuzatib turdim, info uchun",neutral
8274,"aka nimadir yozibdi, lekin men uchun kulib qo'ydim xolos 😐",neutral
8275,😄 🥰 :) 😄,positive
8276,umuman yoqmaydi,negative
8277,"Yangi mijozlarga xizmat ko'rsatish ishga tushdi, hozircha hammasi yaxshi ishlayapti, hayratda qoldim. 🥰",positive
8278,"hamma juda chiroyli tushuntiribdi, zor 😍",positive
8279,"✨ 😊 Telegramda yangi Samsung A55 haqida post ko'rdim, menga juda yoqdi, hayratda qoldim.",positive
8280,"Facebookda noutbuk haqida e'lon ko'rdim, hozircha faqat ma'lumot yig'ayapman, shunchaki ma'lumot uchun.",neutral
8281,"bugun pul bo'yicha faqat kuzatib turdim, shunchaki 🙄",neutral
8282,"telefon operatori bo'yicha yangilanish chiqdi, lekin hozircha neytral qarayman. 😶",neutral
8283,"bloger umuman tushuntira olmadi, bekor ekan :-/",negative
8284,"majlis juda samarali o'tdi, hamkasbim tushuntirgan mavzu juda foydali bo'ldi, kayfiyatim ko'tarildi. 👍",positive
8285,tavsiya etmayman 😡,negative
8286,"kelasi oy Farg'onada bo'lgan konferensiya menga umuman yoqmadi, umuman yoqmadi.",negative
8287,"kommentlarni o'qidim, fikir yo'q 📌",neutral
8288,"🤩 Farg'onadagi sayohatim ajoyib o'tdi, xizmatlar hammasi darajasida, juda xursand bo'ldim.",positive
8289,"Farg'onadagi sayohatim ajoyib o'tdi, xizmatlar hammasi darajasida, hayratda qoldim. 🥰",positive
8290,"dars juda samarali o'tdi, do'stim tushuntirgan mavzu juda foydali bo'ldi, mamnunman.",positive
8291,"o'tgan oy Namanganda majlis bo'lib o'tdi, men faqat qatnashdim, shunchaki ma'lumot uchun.",neutral
8292,bunaqa kontent ko'proq bo'lsa zo'r bo'lardi ❤️,positive
8293,zor 😄,positive
8294,"😄 iPhone 15 sotib oldim, narxi arzon emas, lekin sifati uchun yoqib qoldi.",positive
8295,"Instagramda yangi noutbuk haqida post ko'rdim, menga juda yoqdi, mamnunman. 👍 😄",positive
8296,"kofe sifati kutilganidek emas, juda sust ishlayapti, umuman yoqmadi. 💔",negative
8297,"✨ Twitterda yangi Redmi Note 13 haqida post ko'rdim, menga juda yoqdi, hayratda qoldim.",positive
8298,"📌 📌 kecha direktor bilan qisqa suhbatlashdim, hech qanday o'zgarish sezilmadi.",neutral
8299,"Toshkent haqida yangilik o'qidim, oddatdagidek. 📌",neutral
8300,"😍 😎 dars juda samarali o'tdi, hamkasbim tushuntirgan mavzu juda foydali bo'ldi, kayfiyatim ko'tarildi.",positive
8301,📌 ?? ??,neutral
8302,"Twitterda kofe haqida e'lon ko'rdim, hozircha faqat ma'lumot yig'ayapman, hech qanday o'zgarish sezilmadi. 😶 😐",neutral
8303,🤬 :'(,negative
8304,"kelasi oy Toshkentda konferensiya bo'lib o'tdi, men faqat qatnashdim, shunchaki ma'lumot uchun.",neutral
8305,"Yangi ilova ishga tushdi, hozircha hammasi yaxshi ishlayapti, yoqib qoldi. 😍",positive
8306,bunday bo'lmasligi kerak edi 👎,negative
8307,"kommentlarni o'qidim, bilmayman 📌",neutral
8308,"Telegramdagi reklamalar juda asabga tegayapti, umuman yoqmadi. 😠",negative
8309,"😭 Samarqandga borish rejam buzildi, chiptalar bilan muammo bo'ldi, hafsalam pir bo'ldi.",negative
8310,"😔 Andijonga borish rejam buzildi, chiptalar bilan muammo bo'ldi, juda jahlim chiqdi.",negative
8311,"dastur bo'yicha yangilanish chiqdi, lekin hozircha hech qanday o'zgarish sezilmadi. ℹ️ 😶",neutral
8312,"Yangi dastur ishga tushdi, hozircha hammasi yaxshi ishlayapti, yoqib qoldi.",positive
8313,"kitob sifati kutilganidek emas, juda sust ishlayapti, afsuslandim.",negative
8314,"o'tgan oy Qo'qonda konferensiya bo'lib o'tdi, men faqat qatnashdim, oddatdagidek. 😶",neutral
8315,"kelasi oy Buxoroda uchrashuv bo'lib o'tdi, men faqat qatnashdim, neytral qarayman.",neutral
8316,"😎 Xivadagi sayohatim ajoyib o'tdi, xizmatlar hammasi darajasida, kayfiyatim ko'tarildi.",positive
8317,"bank xizmati bilan muammo chiqdi, qo'llab-quvvatlash xizmati javob bermadi, afsuslandim.",negative
8318,"🤩 kecha Namanganga bordim, hamma narsa hayratda qoldim.",positive
8319,"o'tgan oy Toshkentda seminar bo'lib o'tdi, men faqat qatnashdim, neytral qarayman.",neutral
8320,"dekan va'da qilgan ishini bajarmadi, natijadan noroziman. 😞",negative
8321,"ertaga direktor bilan qisqa suhbatlashdim, oddatdagidek. 😶",neutral
8322,"o'tgan oy Qo'qonda imtihon bo'lib o'tdi, men faqat qatnashdim, shunchaki ma'lumot uchun. 🙄",neutral
8323,"Twitterda yangi noutbuk haqida post ko'rdim, menga juda yoqdi, juda xursand bo'ldim. ✨",positive
8324,🔥 ;) 😎,positive
8325,"shu hafta Xivaga bordim, hamma narsa yoqib qoldi. 🥰",positive
8326,"mijozlarga xizmat ko'rsatish bo'yicha yangilanish chiqdi, lekin hozircha hech qanday o'zgarish sezilmadi.",neutral
8327,"Namangan haqida yangilik o'qidim, shunchaki ma'lumot uchun. 😐",neutral
8328,"opa juda chiroyli tushuntiribdi, rahmat, zo'r ekan ✨",positive
8329,"📌 dastur bo'yicha yangilanish chiqdi, lekin hozircha oddiy bo'ldi.",neutral
8330,"dastur bo'yicha futbol mavzusi zo'r chiqibdi, super 🤩",positive
8331,!? 🤔 !?,neutral
8332,"👎 😡 Telegramdagi reklamalar juda asabga tegayapti, umuman yoqmadi.",negative
8333,"😎 Qo'qondagi sayohatim ajoyib o'tdi, xizmatlar hammasi darajasida, kayfiyatim ko'tarildi.",positive
8334,"Xiva haqida yangilik o'qidim, hech qanday o'zgarish sezilmadi. 🤔",neutral
8335,"professor va'da qilgan ishini bajarmadi, natijadan xafa bo'ldim.",negative
8336,"kommentlarda hammasi urush, bunday bo'lmasligi kerak edi 😞",negative
8337,"😐 o'tgan oy Farg'onada uchrashuv bo'lib o'tdi, men faqat qatnashdim, neytral qarayman.",neutral
8338,"ilova sifati yana tushib ketgan, tavsiya etmayman 😠",negative
8339,"😄 aviachiptalar sotib oldim, narxi arzon emas, lekin sifati uchun hayratda qoldim.",positive
8340,"🙄 kelasi oy rahbar bilan qisqa suhbatlashdim, oddatdagidek.",neutral
8341,"ertaga dekan bilan qisqa suhbatlashdim, oddatdagidek.",neutral
8342,"post sifati yana tushib ketgan, juda yomon",negative
8343,"video bo'yicha blog postini ko'rdim, prosta savol 😶",neutral
8344,"bugun talim bo'yicha faqat kuzatib turdim, shunchaki",neutral
8345,"Samsung A55 haqida fikrlar turlicha, hozircha hech qanday o'zgarish sezilmadi. 📌",neutral
8346,?? :| ✍️,neutral
8347,"😞 👎 kelasi oy Farg'onada bo'lgan uchrashuv menga umuman yoqmadi, umuman yoqmadi.",negative
8348,"servis sifati yana tushib ketgan, aldashdi 😭",negative
8349,"bugun hamkasbim bilan qisqa suhbatlashdim, oddiy bo'ldi.",neutral
8350,"Facebookdagi reklamalar juda asabga tegayapti, hafsalam pir bo'ldi. 😡",negative
8351,"bugungi yangiliklar mavzusi zerikarli bo'ldi, nogiron qilindi",negative
8352,"Yangi ilova ishga tushdi, hozircha hammasi yaxshi ishlayapti, hayratda qoldim. 😊",positive
8353,"kelasi oy Farg'onada bo'lgan imtihon menga umuman yoqmadi, xafa bo'ldim.",negative
8354,"kofe sotib oldim, narxi arzon emas, lekin sifati uchun juda xursand bo'ldim. 😊",positive
8355,"Telegramdagi reklamalar juda asabga tegayapti, afsuslandim.",negative
8356,"ℹ️ Twitterda Redmi Note 13 haqida e'lon ko'rdim, hozircha faqat ma'lumot yig'ayapman, neytral qarayman.",neutral
8357,"Twitterda Samsung A55 haqida e'lon ko'rdim, hozircha faqat ma'lumot yig'ayapman, hech qanday o'zgarish sezilmadi. 😶",neutral
8358,:-/ 😠 :-/ 😭,negative
8359,"bugungi internet haqidagi musiqa videolari yoqdi, rosa yoqdi 😊",positive
8360,"Twitterda yangi aviachiptalar haqida post ko'rdim, menga juda yoqdi, mamnunman.",positive
8361,"bugun Namanganga bordim, hamma narsa hayratda qoldim. 😎",positive
8362,"🤔 YouTubeda Samsung A55 haqida e'lon ko'rdim, hozircha faqat ma'lumot yig'ayapman, oddatdagidek.",neutral
8363,✍️ ✍️ ℹ️,neutral
8364,"o'qib qo'ydim xolos, ko'rdim xolos 📌",neutral
8365,"instagram sahifa sifati yana tushib ketgan, umidsizlik 🤦‍♀️",negative
8366,"😎 uchrashuv juda samarali o'tdi, o'qituvchi tushuntirgan mavzu juda foydali bo'ldi, kayfiyatim ko'tarildi.",positive
8367,"bugungi video haqidagi pul videolari yoqdi, yaxshi ishlayapti 😊",positive
8368,"servis bo'yicha kino mavzusi zo'r chiqibdi, rosa yoqdi ❤️",positive
8369,😭 😡,negative
8370,🤔 😐 ℹ️,neutral
8371,"bugun talim bo'yicha faqat kuzatib turdim, ko'rdim xolos ✍️",neutral
8372,"ertaga Samarqandda bo'lgan dars menga umuman yoqmadi, juda jahlim chiqdi.",negative
8373,"👍 seminar juda samarali o'tdi, hamkasbim tushuntirgan mavzu juda foydali bo'ldi, kayfiyatim ko'tarildi.",positive
8374,"🤔 kelasi oy Farg'onada dars bo'lib o'tdi, men faqat qatnashdim, oddiy bo'ldi.",neutral
8375,"😊 Andijondagi sayohatim ajoyib o'tdi, xizmatlar hammasi darajasida, hayratda qoldim.",positive
8376,"Samarqand haqida yangilik o'qidim, hech qanday o'zgarish sezilmadi. 😐 🤔",neutral
8377,"Redmi Note 13 sotib oldim, narxi arzon emas, lekin sifati uchun mamnunman.",positive
8378,"mijozlarga xizmat ko'rsatish bo'yicha yangilanish chiqdi, lekin hozircha shunchaki ma'lumot uchun. 🤔",neutral
8379,"planshet sifati kutilganidek emas, juda sust ishlayapti, umuman yoqmadi. 👎",negative
8380,"ℹ️ ℹ️ aviachiptalar haqida fikrlar turlicha, hozircha oddiy bo'ldi.",neutral
8381,"konferensiya juda samarali o'tdi, rahbar tushuntirgan mavzu juda foydali bo'ldi, juda xursand bo'ldim. 🥰",positive
8382,"📌 😶 dastur bo'yicha yangilanish chiqdi, lekin hozircha oddiy bo'ldi.",neutral
8383,"Yangi ilova ishga tushdi, hozircha hammasi yaxshi ishlayapti, kayfiyatim ko'tarildi. 🤩 👍",positive
8384,"Twitterda yangi iPhone 15 haqida post ko'rdim, menga juda yoqdi, zo'r bo'ldi. 😎",positive
8385,"uchrashuv juda samarali o'tdi, o'qituvchi tushuntirgan mavzu juda foydali bo'ldi, juda xursand bo'ldim.",positive
8386,:| 😐 🤔,neutral
8387,"Buxoroga borish rejam buzildi, chiptalar bilan muammo bo'ldi, hafsalam pir bo'ldi. 😞",negative
8388,"😡 hamkasbim va'da qilgan ishini bajarmadi, natijadan hafsalam pir bo'ldi.",negative
8389,"Twitterda yangi noutbuk haqida post ko'rdim, menga juda yoqdi, zo'r bo'ldi.",positive
8390,"😔 internet xizmati bilan muammo chiqdi, qo'llab-quvvatlash xizmati javob bermadi, noroziman.",negative
8391,"konferensiya juda samarali o'tdi, professor tushuntirgan mavzu juda foydali bo'ldi, yoqib qoldi.",positive
8392,"💔 Redmi Note 13 sifati kutilganidek emas, juda sust ishlayapti, umuman yoqmadi.",negative
8393,"😢 do'stim va'da qilgan ishini bajarmadi, natijadan noroziman.",negative
8394,"🤔 o'tgan oy dekan bilan qisqa suhbatlashdim, hech qanday o'zgarish sezilmadi.",neutral
8395,"🤔 internet xizmati bo'yicha yangilanish chiqdi, lekin hozircha shunchaki ma'lumot uchun.",neutral
8396,"shu hafta Toshkentga bordim, hamma narsa zo'r bo'ldi. 😊 😄",positive
8397,aldashdi 😔,negative
8398,"😍 dars juda samarali o'tdi, o'qituvchi tushuntirgan mavzu juda foydali bo'ldi, yoqib qoldi.",positive
8399,"hamma nimadir yozibdi, lekin men uchun shunchaki :|",neutral
8400,"😶 Twitterda Samsung A55 haqida e'lon ko'rdim, hozircha faqat ma'lumot yig'ayapman, oddatdagidek.",neutral
8401,"😎 🤩 YouTubeda yangi planshet haqida post ko'rdim, menga juda yoqdi, kayfiyatim ko'tarildi.",positive
8402,"YouTubeda iPhone 15 haqida e'lon ko'rdim, hozircha faqat ma'lumot yig'ayapman, oddatdagidek.",neutral
8403,"dars juda samarali o'tdi, dekan tushuntirgan mavzu juda foydali bo'ldi, zo'r bo'ldi. 🥰",positive
8404,"Qo'qon haqida yangilik o'qidim, neytral qarayman. 🤔",neutral
8405,"bugungi blog mavzusi zerikarli bo'ldi, umidsizlik 😠",negative
8406,"kelasi oy Namanganda bo'lgan dars menga umuman yoqmadi, noroziman. 😭 🤬",negative
8407,"instagram sahifa bo'yicha texnika postini ko'rdim, hech narsa o'zgarmadi 😶",neutral
8408,"ℹ️ Redmi Note 13 haqida fikrlar turlicha, hozircha neytral qarayman.",neutral
8409,"Facebookda yangi kofe haqida post ko'rdim, menga juda yoqdi, zo'r bo'ldi. 👍 😍",positive
8410,"😶 o'tgan oy rahbar bilan qisqa suhbatlashdim, hech qanday o'zgarish sezilmadi.",neutral
8411,"kecha Toshkentda seminar bo'lib o'tdi, men faqat qatnashdim, oddiy bo'ldi.",neutral
8412,"dars juda samarali o'tdi, hamkasbim tushuntirgan mavzu juda foydali bo'ldi, juda xursand bo'ldim. 😄",positive
8413,"telefon operatori bilan muammo chiqdi, qo'llab-quvvatlash xizmati javob bermadi, noroziman. 👎 😠",negative
8414,"Toshkentdagi sayohatim ajoyib o'tdi, xizmatlar hammasi darajasida, zo'r bo'ldi.",positive
8415,"👎 🤬 rahbar va'da qilgan ishini bajarmadi, natijadan umuman yoqmadi.",negative
8416,"Qo'qon haqida yangilik o'qidim, hech qanday o'zgarish sezilmadi.",neutral
8417,"✨ shu hafta Namanganga bordim, hamma narsa mamnunman.",positive
8418,😍 <3 😄,positive
8419,"Telegramda yangi aviachiptalar haqida post ko'rdim, menga juda yoqdi, hayratda qoldim.",positive
8420,qattiq hafsalam pir bo'ldi >:(,negative
8421,"🙄 planshet haqida fikrlar turlicha, hozircha oddatdagidek.",neutral
8422,"kelasi oy Buxoroda bo'lgan seminar menga umuman yoqmadi, hafsalam pir bo'ldi.",negative
8423,"😄 🤩 Qo'qondagi sayohatim ajoyib o'tdi, xizmatlar hammasi darajasida, hayratda qoldim.",positive
8424,"👎 professor va'da qilgan ishini bajarmadi, natijadan hafsalam pir bo'ldi.",negative
8425,"Andijondagi sayohatim ajoyib o'tdi, xizmatlar hammasi darajasida, hayratda qoldim. 👍 😊",positive
8426,🥰 😊 =),positive
8427,"😎 Facebookda yangi kofe haqida post ko'rdim, menga juda yoqdi, kayfiyatim ko'tarildi.",positive
8428,"😄 kelasi oy Farg'onaga bordim, hamma narsa zo'r bo'ldi.",positive
8429,"🤩 Namangandagi sayohatim ajoyib o'tdi, xizmatlar hammasi darajasida, yoqib qoldi.",positive
8430,"bugungi pul mavzusi zerikarli bo'ldi, yoqmadi",negative
8431,"bugungi yangiliklar mavzusi zerikarli bo'ldi, aldashdi :-/",negative
8432,"video bo'yicha kommentlar mavzusi zo'r chiqibdi, chiqqan joyi yoqdi 😎",positive
8433,"kelasi oy Buxoroga bordim, hamma narsa zo'r bo'ldi. 🤩 👍",positive
8434,🙄 ℹ️ 🙄,neutral
8435,"😊 Yangi ilova ishga tushdi, hozircha hammasi yaxshi ishlayapti, juda xursand bo'ldim.",positive
8436,"dekan va'da qilgan ishini bajarmadi, natijadan juda jahlim chiqdi. 💔",negative
8437,"Namangandagi sayohatim ajoyib o'tdi, xizmatlar hammasi darajasida, yoqib qoldi. 🥰 🥰",positive
8438,"bugungi musiqa mavzusi zerikarli bo'ldi, qattiq hafsalam pir bo'ldi :-/",negative
8439,"😄 kitob sotib oldim, narxi arzon emas, lekin sifati uchun yoqib qoldi.",positive
8440,"😄 😍 Toshkentdagi sayohatim ajoyib o'tdi, xizmatlar hammasi darajasida, yoqib qoldi.",positive
8441,"aka juda chiroyli tushuntiribdi, menga yoqdi 😁",positive
8442,😊 👍 👍,positive
8443,"Farg'onadagi sayohatim ajoyib o'tdi, xizmatlar hammasi darajasida, hayratda qoldim. 😊 🤩",positive
8444,"sayt bo'yicha pul postini ko'rdim, ko'rdim xolos 😐",neutral
8445,"🤔 📌 o'tgan oy Farg'onada dars bo'lib o'tdi, men faqat qatnashdim, hech qanday o'zgarish sezilmadi.",neutral
8446,"Instagramda noutbuk haqida e'lon ko'rdim, hozircha faqat ma'lumot yig'ayapman, oddatdagidek. 🤔",neutral
8447,"bank xizmati bo'yicha yangilanish chiqdi, lekin hozircha neytral qarayman.",neutral
8448,"Qo'qondagi sayohatim ajoyib o'tdi, xizmatlar hammasi darajasida, juda xursand bo'ldim. 🥰 😁",positive
8449,😊 :D :) =),positive
8450,"kofe haqida fikrlar turlicha, hozircha hech qanday o'zgarish sezilmadi. 🙄",neutral
8451,"Facebookda kitob haqida e'lon ko'rdim, hozircha faqat ma'lumot yig'ayapman, shunchaki ma'lumot uchun.",neutral
8452,tavsiya etmayman 👎,negative
8453,"dastur bo'yicha yangilanish chiqdi, lekin hozircha oddatdagidek. 😶 ℹ️",neutral
8454,✨,positive
8455,chiqqan joyi yoqdi :),positive
8456,"iPhone 15 haqida fikrlar turlicha, hozircha shunchaki ma'lumot uchun. ℹ️",neutral
8457,"😊 Yangi bank xizmati ishga tushdi, hozircha hammasi yaxshi ishlayapti, kayfiyatim ko'tarildi.",positive
8458,"noutbuk haqida fikrlar turlicha, hozircha oddiy bo'ldi. 🙄 🙄",neutral
8459,"telegram kanal sifati yana tushib ketgan, bekor ketdi hamma narsasi 😞",negative
8460,"YouTubeda kitob haqida e'lon ko'rdim, hozircha faqat ma'lumot yig'ayapman, hech qanday o'zgarish sezilmadi. 🙄",neutral
8461,"dastur sifati yana tushib ketgan, pulga achindim 😢",negative
8462,"hamkasbim va'da qilgan ishini bajarmadi, natijadan afsuslandim. 💔 🤬",negative
8463,"😶 😐 shu hafta Buxoroda dars bo'lib o'tdi, men faqat qatnashdim, hech qanday o'zgarish sezilmadi.",neutral
8464,"bloger umuman tushuntira olmadi, bekor ekan 🤦‍♂️",negative
8465,"💔 kecha Toshkentda bo'lgan konferensiya menga umuman yoqmadi, juda jahlim chiqdi.",negative
8466,"bugun texnika bo'yicha faqat kuzatib turdim, shunchaki ...",neutral
8467,"dastur sifati yana tushib ketgan, umuman yoqmaydi 🤦‍♀️",negative
8468,"sayt bo'yicha texnika postini ko'rdim, neytralman ℹ️",neutral
8469,"opa nimadir yozibdi, lekin men uchun shunchaki",neutral
8470,"opa juda chiroyli tushuntiribdi, menga yoqdi ❤️",positive
8471,"🤔 dastur bo'yicha yangilanish chiqdi, lekin hozircha oddiy bo'ldi.",neutral
8472,"o'qib qo'ydim xolos, info uchun ✍️",neutral
8473,✨ 🔥 <3 😊,positive
8474,"Twitterdagi reklamalar juda asabga tegayapti, umuman yoqmadi. 😭",negative
8475,"👍 kelasi oy Xivaga bordim, hamma narsa juda xursand bo'ldim.",positive
8476,"😎 kelasi oy Buxoroga bordim, hamma narsa juda xursand bo'ldim.",positive
8477,"😎 😄 Instagramda yangi Samsung A55 haqida post ko'rdim, menga juda yoqdi, zo'r bo'ldi.",positive
8478,"🤩 Yangi internet xizmati ishga tushdi, hozircha hammasi yaxshi ishlayapti, zo'r bo'ldi.",positive
8479,"dastur bo'yicha futbol postini ko'rdim, prosta savol :|",neutral
8480,zo'r <3,positive
8481,"😎 imtihon juda samarali o'tdi, direktor tushuntirgan mavzu juda foydali bo'ldi, mamnunman.",positive
8482,"🤔 😐 Qo'qon haqida yangilik o'qidim, oddatdagidek.",neutral
8483,"Yangi mijozlarga xizmat ko'rsatish ishga tushdi, hozircha hammasi yaxshi ishlayapti, juda xursand bo'ldim. ✨",positive
8484,"Redmi Note 13 haqida fikrlar turlicha, hozircha shunchaki ma'lumot uchun.",neutral
8485,"Xivaga borish rejam buzildi, chiptalar bilan muammo bo'ldi, juda jahlim chiqdi. 😞 😔",negative
8486,"🥰 aviachiptalar sotib oldim, narxi arzon emas, lekin sifati uchun juda xursand bo'ldim.",positive
8487,"dastur bo'yicha pul mavzusi zo'r chiqibdi, rosa yoqdi :D",positive
8488,"dars juda samarali o'tdi, hamkasbim tushuntirgan mavzu juda foydali bo'ldi, mamnunman. 🤩 😁",positive
8489,"Facebookda planshet haqida e'lon ko'rdim, hozircha faqat ma'lumot yig'ayapman, shunchaki ma'lumot uchun.",neutral
8490,"post sifati yana tushib ketgan, pulga achindim 🤦‍♀️",negative
8491,"Yangi ilova ishga tushdi, hozircha hammasi yaxshi ishlayapti, yoqib qoldi. ✨",positive
8492,"bugungi ilova haqidagi futbol videolari yoqdi, gap yo'q",positive
8493,"😠 Samsung A55 sifati kutilganidek emas, juda sust ishlayapti, juda jahlim chiqdi.",negative
8494,"kommentlarda hammasi urush, bekor ketdi hamma narsasi 🤦‍♀️",negative
8495,"bugungi musiqa mavzusi zerikarli bo'ldi, qattiq hafsalam pir bo'ldi 😡",negative
8496,"😞 🤬 dekan va'da qilgan ishini bajarmadi, natijadan hafsalam pir bo'ldi.",negative
8497,"post bo'yicha blog mavzusi zo'r chiqibdi, super 😁",positive
8498,"Facebookda Redmi Note 13 haqida e'lon ko'rdim, hozircha faqat ma'lumot yig'ayapman, hech qanday o'zgarish sezilmadi.",neutral
8499,"bugungi musiqa mavzusi zerikarli bo'ldi, servis noldan ham past",negative
8500,"internet xizmati bilan muammo chiqdi, qo'llab-quvvatlash xizmati javob bermadi, juda jahlim chiqdi. 😠",negative
8501,"bugun Andijonga bordim, hamma narsa zo'r bo'ldi. 🥰 👍",positive
8502,"Twitterda yangi Redmi Note 13 haqida post ko'rdim, menga juda yoqdi, juda xursand bo'ldim.",positive
8503,"🤔 bugun Qo'qonda seminar bo'lib o'tdi, men faqat qatnashdim, oddatdagidek.",neutral
8504,"aka umuman tushuntira olmadi, bekor ekan 😔",negative
8505,"Instagramdagi reklamalar juda asabga tegayapti, umuman yoqmadi. 😞 👎",negative
8506,"🤔 🙄 ilova bo'yicha yangilanish chiqdi, lekin hozircha oddiy bo'ldi.",neutral
8507,kontent yoqdi ✨,positive
8508,😐 :|,neutral
8509,"oyin bo'yicha musiqa mavzusi zo'r chiqibdi, yaxshi ishlayapti 👍",positive
8510,>:( :'( :( 😔,negative
8511,"🙄 kelasi oy o'qituvchi bilan qisqa suhbatlashdim, oddiy bo'ldi.",neutral
8512,"Xivadagi sayohatim ajoyib o'tdi, xizmatlar hammasi darajasida, kayfiyatim ko'tarildi. 😍 😄",positive
8513,"oyin bo'yicha kommentlar mavzusi zo'r chiqibdi, menga yoqdi ;)",positive
8514,"bugungi post haqidagi yangiliklar videolari yoqdi, top 🥰",positive
8515,"dars juda samarali o'tdi, professor tushuntirgan mavzu juda foydali bo'ldi, zo'r bo'ldi. 😎",positive
8516,"bugun texnika bo'yicha faqat kuzatib turdim, fikir yo'q",neutral
8517,"😄 kelasi oy Andijonga bordim, hamma narsa juda xursand bo'ldim.",positive
8518,"bloger juda chiroyli tushuntiribdi, super",positive
8519,"bugun o'qituvchi bilan qisqa suhbatlashdim, neytral qarayman. ℹ️ 🤔",neutral
8520,"🥰 Yangi telefon operatori ishga tushdi, hozircha hammasi yaxshi ishlayapti, juda xursand bo'ldim.",positive
8521,🔥 🤩 :),positive
8522,"kecha Xivaga bordim, hamma narsa juda xursand bo'ldim.",positive
8523,"😐 mijozlarga xizmat ko'rsatish bo'yicha yangilanish chiqdi, lekin hozircha oddiy bo'ldi.",neutral
8524,"kelasi oy dekan bilan qisqa suhbatlashdim, neytral qarayman. ℹ️ 😶",neutral
8525,"o'tgan oy dekan bilan qisqa suhbatlashdim, oddiy bo'ldi. 🙄 ℹ️",neutral
8526,"kelasi oy o'qituvchi bilan qisqa suhbatlashdim, hech qanday o'zgarish sezilmadi.",neutral
8527,"😁 dars juda samarali o'tdi, do'stim tushuntirgan mavzu juda foydali bo'ldi, hayratda qoldim.",positive
8528,"telegram kanal bo'yicha siyosat mavzusi zo'r chiqibdi, yaxshi ishlayapti 😍",positive
8529,"konferensiya juda samarali o'tdi, do'stim tushuntirgan mavzu juda foydali bo'ldi, yoqib qoldi. 😊",positive
8530,"Qo'qondagi sayohatim ajoyib o'tdi, xizmatlar hammasi darajasida, hayratda qoldim. 👍 😊",positive
8531,"👍 Yangi dastur ishga tushdi, hozircha hammasi yaxshi ishlayapti, hayratda qoldim.",positive
8532,"folloverlar umuman tushuntira olmadi, bunday bo'lmasligi kerak edi :(",negative
8533,"kelasi oy Farg'onada bo'lgan imtihon menga umuman yoqmadi, noroziman. 😞",negative
8534,"ilova bo'yicha pul postini ko'rdim, ok 😐",neutral
8535,"🤔 📌 Facebookda kofe haqida e'lon ko'rdim, hozircha faqat ma'lumot yig'ayapman, oddatdagidek.",neutral
8536,"imtihon juda samarali o'tdi, o'qituvchi tushuntirgan mavzu juda foydali bo'ldi, juda xursand bo'ldim.",positive
8537,"🤬 internet xizmati bilan muammo chiqdi, qo'llab-quvvatlash xizmati javob bermadi, afsuslandim.",negative
8538,"kelasi oy professor bilan qisqa suhbatlashdim, neytral qarayman.",neutral
8539,zo'r ✨,positive
8540,"bugungi oyin haqidagi talim videolari yoqdi, zo'r 🥰",positive
8541,"bugun Samarqandga bordim, hamma narsa hayratda qoldim. 😍",positive
8542,kontent yoqdi 😄,positive
8543,"ertaga Farg'onaga bordim, hamma narsa juda xursand bo'ldim.",positive
8544,"😞 iPhone 15 sifati kutilganidek emas, juda sust ishlayapti, xafa bo'ldim.",negative
8545,"Qo'qondagi sayohatim ajoyib o'tdi, xizmatlar hammasi darajasida, kayfiyatim ko'tarildi. 😎 😊",positive
8546,"👎 bank xizmati bilan muammo chiqdi, qo'llab-quvvatlash xizmati javob bermadi, noroziman.",negative
8547,"😄 Instagramda yangi kofe haqida post ko'rdim, menga juda yoqdi, mamnunman.",positive
8548,"😎 😍 Redmi Note 13 sotib oldim, narxi arzon emas, lekin sifati uchun kayfiyatim ko'tarildi.",positive
8549,😎 🤩 =) ✨,positive
8550,"Yangi kuryer xizmati ishga tushdi, hozircha hammasi yaxshi ishlayapti, zo'r bo'ldi. 🤩 ✨",positive
8551,"🤩 dars juda samarali o'tdi, direktor tushuntirgan mavzu juda foydali bo'ldi, mamnunman.",positive
8552,"😁 iPhone 15 sotib oldim, narxi arzon emas, lekin sifati uchun kayfiyatim ko'tarildi.",positive
8553,"bugungi post haqidagi talim videolari yoqdi, zo'r 😎",positive
8554,"🤩 YouTubeda yangi kofe haqida post ko'rdim, menga juda yoqdi, yoqib qoldi.",positive
8555,"📌 🤔 o'tgan oy professor bilan qisqa suhbatlashdim, oddiy bo'ldi.",neutral
8556,super :D,positive
8557,"bugun texnika bo'yicha faqat kuzatib turdim, ko'rdim xolos 🤔",neutral
8558,🙄 ✍️,neutral
8559,"😞 😔 Qo'qonga borish rejam buzildi, chiptalar bilan muammo bo'ldi, juda jahlim chiqdi.",negative
8560,"admin juda chiroyli tushuntiribdi, yaxshi ishlayapti 😄",positive
8561,"bugungi sayt haqidagi kino videolari yoqdi, bombaaa 🥰",positive
8562,"ilova sifati yana tushib ketgan, juda yomon :'(",negative
8563,"shu hafta Xivada bo'lgan seminar menga umuman yoqmadi, hafsalam pir bo'ldi.",negative
8564,"ertaga Andijonda imtihon bo'lib o'tdi, men faqat qatnashdim, oddatdagidek.",neutral
8565,"do'stim va'da qilgan ishini bajarmadi, natijadan juda jahlim chiqdi. 👎",negative
8566,"folloverlar juda chiroyli tushuntiribdi, bombaaa 😊",positive
8567,"kecha Toshkentda bo'lgan seminar menga umuman yoqmadi, noroziman. 👎",negative
8568,"💔 aviachiptalar sifati kutilganidek emas, juda sust ishlayapti, juda jahlim chiqdi.",negative
8569,"😐 Instagramda kofe haqida e'lon ko'rdim, hozircha faqat ma'lumot yig'ayapman, oddatdagidek.",neutral
8570,kommentlarni o'qib rostdan ham kontent yoqdi 🔥,positive
8571,"o'qib qo'ydim xolos, bilmayman 😐",neutral
8572,fikir yo'q 🙄,neutral
8573,"sayt bo'yicha blog postini ko'rdim, norm 🤔",neutral
8574,"✨ Instagramda yangi noutbuk haqida post ko'rdim, menga juda yoqdi, yoqib qoldi.",positive
8575,"😄 Yangi bank xizmati ishga tushdi, hozircha hammasi yaxshi ishlayapti, mamnunman.",positive
8576,gap yo'q,positive
8577,"😶 kelasi oy Samarqandda majlis bo'lib o'tdi, men faqat qatnashdim, neytral qarayman.",neutral
8578,"😊 Twitterda yangi Redmi Note 13 haqida post ko'rdim, menga juda yoqdi, mamnunman.",positive
8579,"Yangi bank xizmati ishga tushdi, hozircha hammasi yaxshi ishlayapti, hayratda qoldim. 🥰 😄",positive
8580,"ℹ️ 🤔 Instagramda iPhone 15 haqida e'lon ko'rdim, hozircha faqat ma'lumot yig'ayapman, oddiy bo'ldi.",neutral
8581,"bloger umuman tushuntira olmadi, aldashdi 🤦‍♀️",negative
8582,"😎 konferensiya juda samarali o'tdi, professor tushuntirgan mavzu juda foydali bo'ldi, yoqib qoldi.",positive
8583,"kelasi oy dekan bilan qisqa suhbatlashdim, shunchaki ma'lumot uchun. 📌 😶",neutral
8584,"📌 😶 shu hafta Samarqandda uchrashuv bo'lib o'tdi, men faqat qatnashdim, oddatdagidek.",neutral
8585,"ℹ️ 🙄 kelasi oy Farg'onada imtihon bo'lib o'tdi, men faqat qatnashdim, neytral qarayman.",neutral
8586,"dars juda samarali o'tdi, rahbar tushuntirgan mavzu juda foydali bo'ldi, yoqib qoldi.",positive
8587,"Facebookda Samsung A55 haqida e'lon ko'rdim, hozircha faqat ma'lumot yig'ayapman, hech qanday o'zgarish sezilmadi. 😶",neutral
8588,"o'qituvchi va'da qilgan ishini bajarmadi, natijadan xafa bo'ldim. 😭",negative
8589,"😠 😞 YouTubedagi reklamalar juda asabga tegayapti, xafa bo'ldim.",negative
8590,"kecha Buxoroga bordim, hamma narsa zo'r bo'ldi. 😄",positive
8591,"Telegramda noutbuk haqida e'lon ko'rdim, hozircha faqat ma'lumot yig'ayapman, shunchaki ma'lumot uchun.",neutral
8592,"😞 rahbar va'da qilgan ishini bajarmadi, natijadan afsuslandim.",negative
8593,❤️ 🥰 👍,positive
8594,🤦‍♂️ 😭 🤦‍♂️ :(,negative
8595,"video bo'yicha talim mavzusi zo'r chiqibdi, rosa yoqdi 😄",positive
8596,"seminar juda samarali o'tdi, rahbar tushuntirgan mavzu juda foydali bo'ldi, hayratda qoldim.",positive
8597,kommentlarni o'qib rostdan ham kontent yoqdi,positive
8598,"Namangandagi sayohatim ajoyib o'tdi, xizmatlar hammasi darajasida, kayfiyatim ko'tarildi. 👍",positive
8599,"😔 kitob sifati kutilganidek emas, juda sust ishlayapti, umuman yoqmadi.",negative
8600,super 😄,positive
8601,:'( 👎 👎 :(,negative
8602,"iPhone 15 haqida fikrlar turlicha, hozircha shunchaki ma'lumot uchun.",neutral
8603,"😢 direktor va'da qilgan ishini bajarmadi, natijadan afsuslandim.",negative
8604,"Facebookda kitob haqida e'lon ko'rdim, hozircha faqat ma'lumot yig'ayapman, oddatdagidek. 📌",neutral
8605,:D 🥰 🤩,positive
8606,"😶 Instagramda aviachiptalar haqida e'lon ko'rdim, hozircha faqat ma'lumot yig'ayapman, oddiy bo'ldi.",neutral
8607,"internet xizmati bilan muammo chiqdi, qo'llab-quvvatlash xizmati javob bermadi, noroziman. 🤬",negative
8608,"Facebookda Samsung A55 haqida e'lon ko'rdim, hozircha faqat ma'lumot yig'ayapman, neytral qarayman.",neutral
8609,"bugungi sayt haqidagi yangiliklar videolari yoqdi, rosa yoqdi",positive
8610,"😊 😍 noutbuk sotib oldim, narxi arzon emas, lekin sifati uchun hayratda qoldim.",positive
8611,"😍 Yangi dastur ishga tushdi, hozircha hammasi yaxshi ishlayapti, juda xursand bo'ldim.",positive
8612,"🤔 kelasi oy direktor bilan qisqa suhbatlashdim, neytral qarayman.",neutral
8613,"🤔 mijozlarga xizmat ko'rsatish bo'yicha yangilanish chiqdi, lekin hozircha oddiy bo'ldi.",neutral
8614,"😄 😊 Yangi ilova ishga tushdi, hozircha hammasi yaxshi ishlayapti, mamnunman.",positive
8615,"bugungi oyin haqidagi pul videolari yoqdi, otliii 🤩",positive
8616,"seminar juda samarali o'tdi, hamkasbim tushuntirgan mavzu juda foydali bo'ldi, hayratda qoldim.",positive
8617,"😁 😄 Yangi telefon operatori ishga tushdi, hozircha hammasi yaxshi ishlayapti, hayratda qoldim.",positive
8618,"😐 YouTubeda Redmi Note 13 haqida e'lon ko'rdim, hozircha faqat ma'lumot yig'ayapman, neytral qarayman.",neutral
8619,"noutbuk sifati kutilganidek emas, juda sust ishlayapti, xafa bo'ldim.",negative
8620,"ertaga Namanganda bo'lgan uchrashuv menga umuman yoqmadi, xafa bo'ldim.",negative
8621,"imtihon juda samarali o'tdi, direktor tushuntirgan mavzu juda foydali bo'ldi, hayratda qoldim. 😁",positive
8622,"video bo'yicha siyosat postini ko'rdim, norm ??",neutral
8623,"😍 🥰 Yangi kuryer xizmati ishga tushdi, hozircha hammasi yaxshi ishlayapti, yoqib qoldi.",positive
8624,"shu hafta do'stim bilan qisqa suhbatlashdim, shunchaki ma'lumot uchun. 📌",neutral
8625,"bugun Namanganga bordim, hamma narsa kayfiyatim ko'tarildi. ✨",positive
8626,"😍 shu hafta Toshkentga bordim, hamma narsa kayfiyatim ko'tarildi.",positive
8627,❤️ 🤩,positive
8628,"ertaga Farg'onada konferensiya bo'lib o'tdi, men faqat qatnashdim, hech qanday o'zgarish sezilmadi.",neutral
8629,shunchaki 📌,neutral
8630,"ℹ️ o'tgan oy Toshkentda majlis bo'lib o'tdi, men faqat qatnashdim, oddatdagidek.",neutral
8631,"😭 😡 bugun Namanganda bo'lgan majlis menga umuman yoqmadi, afsuslandim.",negative
8632,kommentlarni o'qib rostdan ham bombaaa 😁,positive
8633,"🤩 Facebookda yangi aviachiptalar haqida post ko'rdim, menga juda yoqdi, mamnunman.",positive
8634,"Telegramda planshet haqida e'lon ko'rdim, hozircha faqat ma'lumot yig'ayapman, oddatdagidek.",neutral
8635,"odamlar nimadir yozibdi, lekin men uchun ko'rdim xolos 😐",neutral
8636,:| ...,neutral
8637,"dars juda samarali o'tdi, dekan tushuntirgan mavzu juda foydali bo'ldi, kayfiyatim ko'tarildi.",positive
8638,"Andijondagi sayohatim ajoyib o'tdi, xizmatlar hammasi darajasida, kayfiyatim ko'tarildi. ✨",positive
8639,"o'qib qo'ydim xolos, ko'rdim xolos",neutral
8640,"bugungi post haqidagi blog videolari yoqdi, super 😍",positive
8641,"kecha hamkasbim bilan qisqa suhbatlashdim, oddatdagidek. 😐 ℹ️",neutral
8642,"✨ 😊 noutbuk sotib oldim, narxi arzon emas, lekin sifati uchun hayratda qoldim.",positive
8643,"🤔 Farg'ona haqida yangilik o'qidim, oddatdagidek.",neutral
8644,"bugungi oyin haqidagi musiqa videolari yoqdi, rahmat, zo'r ekan 😁",positive
8645,"😔 professor va'da qilgan ishini bajarmadi, natijadan afsuslandim.",negative
8646,"😊 Yangi mijozlarga xizmat ko'rsatish ishga tushdi, hozircha hammasi yaxshi ishlayapti, yoqib qoldi.",positive
8647,"Buxorodagi sayohatim ajoyib o'tdi, xizmatlar hammasi darajasida, mamnunman.",positive
8648,"Buxoro haqida yangilik o'qidim, hech qanday o'zgarish sezilmadi. 📌",neutral
8649,"🤩 konferensiya juda samarali o'tdi, rahbar tushuntirgan mavzu juda foydali bo'ldi, juda xursand bo'ldim.",positive
8650,"bugun Buxoroda bo'lgan konferensiya menga umuman yoqmadi, juda jahlim chiqdi.",negative
8651,"ilova bo'yicha blog mavzusi zo'r chiqibdi, rahmat, zo'r ekan 😁",positive
8652,"😶 🙄 dastur bo'yicha yangilanish chiqdi, lekin hozircha oddiy bo'ldi.",neutral
8653,"Yangi internet xizmati ishga tushdi, hozircha hammasi yaxshi ishlayapti, kayfiyatim ko'tarildi.",positive
8654,"o'tgan oy Xivaga bordim, hamma narsa zo'r bo'ldi. 👍 😄",positive
8655,"hamma juda chiroyli tushuntiribdi, kontent yoqdi 👍",positive
8656,"instagram sahifa sifati yana tushib ketgan, aldashdi 😞",negative
8657,"ertaga hamkasbim bilan qisqa suhbatlashdim, hech qanday o'zgarish sezilmadi. ℹ️",neutral
8658,"Namangandagi sayohatim ajoyib o'tdi, xizmatlar hammasi darajasida, kayfiyatim ko'tarildi. 👍 😊",positive
8659,"Toshkentdagi sayohatim ajoyib o'tdi, xizmatlar hammasi darajasida, juda xursand bo'ldim. 🥰 😎",positive
8660,"😶 Qo'qon haqida yangilik o'qidim, hech qanday o'zgarish sezilmadi.",neutral
8661,kommentlarni o'qib rostdan ham gap yo'q 😎,positive
8662,"ilova bo'yicha futbol postini ko'rdim, info uchun ✍️",neutral
8663,✨ 😊,positive
8664,bekor ekan :(,negative
8665,"ℹ️ ertaga Samarqandda uchrashuv bo'lib o'tdi, men faqat qatnashdim, neytral qarayman.",neutral
8666,"📌 bank xizmati bo'yicha yangilanish chiqdi, lekin hozircha shunchaki ma'lumot uchun.",neutral
8667,"😶 Twitterda kitob haqida e'lon ko'rdim, hozircha faqat ma'lumot yig'ayapman, neytral qarayman.",neutral
8668,"bugungi pul mavzusi zerikarli bo'ldi, aldashdi 💔",negative
8669,"ertaga Toshkentda konferensiya bo'lib o'tdi, men faqat qatnashdim, hech qanday o'zgarish sezilmadi. 🤔",neutral
8670,"🥰 konferensiya juda samarali o'tdi, rahbar tushuntirgan mavzu juda foydali bo'ldi, juda xursand bo'ldim.",positive
8671,"📌 kecha Qo'qonda seminar bo'lib o'tdi, men faqat qatnashdim, shunchaki ma'lumot uchun.",neutral
8672,"do'stlar juda chiroyli tushuntiribdi, super 😎",positive
8673,"bugun Xivaga bordim, hamma narsa juda xursand bo'ldim. 😊",positive
8674,"aviachiptalar sifati kutilganidek emas, juda sust ishlayapti, umuman yoqmadi.",negative
8675,"folloverlar nimadir yozibdi, lekin men uchun prosta savol 🙄",neutral
8676,"Twitterda yangi iPhone 15 haqida post ko'rdim, menga juda yoqdi, kayfiyatim ko'tarildi. 🥰",positive
8677,"shu hafta Farg'onada seminar bo'lib o'tdi, men faqat qatnashdim, shunchaki ma'lumot uchun.",neutral
8678,"bugun direktor bilan qisqa suhbatlashdim, neytral qarayman.",neutral
8679,"shu hafta Buxoroga bordim, hamma narsa hayratda qoldim. 😁",positive
8680,"shu hafta Xivada dars bo'lib o'tdi, men faqat qatnashdim, shunchaki ma'lumot uchun. 🤔",neutral
8681,"🙄 aviachiptalar haqida fikrlar turlicha, hozircha hech qanday o'zgarish sezilmadi.",neutral
8682,"Yangi telefon operatori ishga tushdi, hozircha hammasi yaxshi ishlayapti, zo'r bo'ldi. 😍",positive
8683,kommentlarni o'qib rostdan ham top,positive
8684,"Xivadagi sayohatim ajoyib o'tdi, xizmatlar hammasi darajasida, kayfiyatim ko'tarildi. ✨",positive
8685,"😎 kofe sotib oldim, narxi arzon emas, lekin sifati uchun zo'r bo'ldi.",positive
8686,"Samsung A55 sotib oldim, narxi arzon emas, lekin sifati uchun yoqib qoldi. 😊 🤩",positive
8687,bombaaa :),positive
8688,"dars juda samarali o'tdi, do'stim tushuntirgan mavzu juda foydali bo'ldi, hayratda qoldim.",positive
8689,"bugungi ilova haqidagi siyosat videolari yoqdi, yaxshi ishlayapti ;)",positive
8690,"planshet sifati kutilganidek emas, juda sust ishlayapti, juda jahlim chiqdi. 😭",negative
8691,"do'stim va'da qilgan ishini bajarmadi, natijadan umuman yoqmadi.",negative
8692,"Andijondagi sayohatim ajoyib o'tdi, xizmatlar hammasi darajasida, mamnunman. 😎 😎",positive
8693,"ertaga Samarqandda bo'lgan dars menga umuman yoqmadi, noroziman. 😭",negative
8694,"🙄 mijozlarga xizmat ko'rsatish bo'yicha yangilanish chiqdi, lekin hozircha oddatdagidek.",neutral
8695,juda yomon,negative
8696,"YouTubeda yangi noutbuk haqida post ko'rdim, menga juda yoqdi, mamnunman. 🤩 👍",positive
8697,"😭 Telegramdagi reklamalar juda asabga tegayapti, umuman yoqmadi.",negative
8698,"kelasi oy Qo'qonda konferensiya bo'lib o'tdi, men faqat qatnashdim, shunchaki ma'lumot uchun.",neutral
8699,"Facebookda Samsung A55 haqida e'lon ko'rdim, hozircha faqat ma'lumot yig'ayapman, oddatdagidek.",neutral
8700,"shu hafta Andijonda bo'lgan dars menga umuman yoqmadi, afsuslandim.",negative
8701,"ertaga o'qituvchi bilan qisqa suhbatlashdim, neytral qarayman. 🙄",neutral
8702,"😐 🙄 Telegramda aviachiptalar haqida e'lon ko'rdim, hozircha faqat ma'lumot yig'ayapman, shunchaki ma'lumot uchun.",neutral
8703,"Qo'qondagi sayohatim ajoyib o'tdi, xizmatlar hammasi darajasida, mamnunman. 😊 🤩",positive
8704,"rahbar va'da qilgan ishini bajarmadi, natijadan umuman yoqmadi.",negative
8705,"kelasi oy hamkasbim bilan qisqa suhbatlashdim, shunchaki ma'lumot uchun. 🙄",neutral
8706,"😊 🤩 seminar juda samarali o'tdi, hamkasbim tushuntirgan mavzu juda foydali bo'ldi, hayratda qoldim.",positive
8707,"🤬 Samsung A55 sifati kutilganidek emas, juda sust ishlayapti, afsuslandim.",negative
8708,"👎 😞 Facebookdagi reklamalar juda asabga tegayapti, juda jahlim chiqdi.",negative
8709,"Samsung A55 sifati kutilganidek emas, juda sust ishlayapti, xafa bo'ldim. 😞",negative
8710,"bugungi servis haqidagi yangiliklar videolari yoqdi, gap yo'q",positive
8711,"🥰 majlis juda samarali o'tdi, hamkasbim tushuntirgan mavzu juda foydali bo'ldi, kayfiyatim ko'tarildi.",positive
8712,"kecha Farg'onada majlis bo'lib o'tdi, men faqat qatnashdim, hech qanday o'zgarish sezilmadi. 😐 😐",neutral
8713,"ertaga Andijonda bo'lgan seminar menga umuman yoqmadi, hafsalam pir bo'ldi. 😔",negative
8714,"👍 ✨ Instagramda yangi iPhone 15 haqida post ko'rdim, menga juda yoqdi, zo'r bo'ldi.",positive
8715,"o'qib qo'ydim xolos, kulib qo'ydim xolos ✍️",neutral
8716,"kecha dekan bilan qisqa suhbatlashdim, oddatdagidek.",neutral
8717,"kommentlarda hammasi urush, juda yomon :(",negative
8718,"bloger umuman tushuntira olmadi, pulga achindim 😔",negative
8719,"planshet sotib oldim, narxi arzon emas, lekin sifati uchun yoqib qoldi. 😊",positive
8720,"bugun blog bo'yicha faqat kuzatib turdim, hech narsa o'zgarmadi 📌",neutral
8721,"majlis juda samarali o'tdi, rahbar tushuntirgan mavzu juda foydali bo'ldi, hayratda qoldim. 😁",positive
8722,"Telegramda Samsung A55 haqida e'lon ko'rdim, hozircha faqat ma'lumot yig'ayapman, shunchaki ma'lumot uchun.",neutral
8723,"😄 YouTubeda yangi kitob haqida post ko'rdim, menga juda yoqdi, hayratda qoldim.",positive
8724,"kelasi oy Farg'onada bo'lgan konferensiya menga umuman yoqmadi, juda jahlim chiqdi. 😞",negative
8725,"o'tgan oy Andijonga bordim, hamma narsa mamnunman. 🥰",positive
8726,"Samsung A55 haqida fikrlar turlicha, hozircha oddiy bo'ldi.",neutral
8727,"🤔 YouTubeda Redmi Note 13 haqida e'lon ko'rdim, hozircha faqat ma'lumot yig'ayapman, oddatdagidek.",neutral
8728,"telefon operatori bo'yicha yangilanish chiqdi, lekin hozircha oddiy bo'ldi. ℹ️ 😶",neutral
8729,"Samsung A55 haqida fikrlar turlicha, hozircha oddatdagidek.",neutral
8730,"sayt bo'yicha musiqa mavzusi zo'r chiqibdi, zo'r ✨",positive
8731,"oyin bo'yicha texnika postini ko'rdim, prosta savol 📌",neutral
8732,"🤔 Samsung A55 haqida fikrlar turlicha, hozircha neytral qarayman.",neutral
8733,"Twitterda Redmi Note 13 haqida e'lon ko'rdim, hozircha faqat ma'lumot yig'ayapman, hech qanday o'zgarish sezilmadi.",neutral
8734,"dars juda samarali o'tdi, dekan tushuntirgan mavzu juda foydali bo'ldi, hayratda qoldim. 😄",positive
8735,"💔 Telegramdagi reklamalar juda asabga tegayapti, afsuslandim.",negative
8736,"Yangi telefon operatori ishga tushdi, hozircha hammasi yaxshi ishlayapti, zo'r bo'ldi. 😁",positive
8737,"majlis juda samarali o'tdi, rahbar tushuntirgan mavzu juda foydali bo'ldi, kayfiyatim ko'tarildi. 😎",positive
8738,"📌 shu hafta rahbar bilan qisqa suhbatlashdim, shunchaki ma'lumot uchun.",neutral
8739,"🙄 Qo'qon haqida yangilik o'qidim, oddiy bo'ldi.",neutral
8740,"internet xizmati bilan muammo chiqdi, qo'llab-quvvatlash xizmati javob bermadi, afsuslandim.",negative
8741,"noutbuk sotib oldim, narxi arzon emas, lekin sifati uchun hayratda qoldim. 😊 😊",positive
8742,"mijozlarga xizmat ko'rsatish bilan muammo chiqdi, qo'llab-quvvatlash xizmati javob bermadi, juda jahlim chiqdi. 💔",negative
8743,"Twitterda yangi kitob haqida post ko'rdim, menga juda yoqdi, zo'r bo'ldi. 👍",positive
8744,"🥰 🤩 iPhone 15 sotib oldim, narxi arzon emas, lekin sifati uchun kayfiyatim ko'tarildi.",positive
8745,ℹ️ ✍️,neutral
8746,"noutbuk haqida fikrlar turlicha, hozircha oddiy bo'ldi.",neutral
8747,"o'tgan oy Toshkentda uchrashuv bo'lib o'tdi, men faqat qatnashdim, shunchaki ma'lumot uchun. 📌 ℹ️",neutral
8748,"opa juda chiroyli tushuntiribdi, zo'r 🔥",positive
8749,"Facebookda Redmi Note 13 haqida e'lon ko'rdim, hozircha faqat ma'lumot yig'ayapman, neytral qarayman. 😶",neutral
8750,"kecha Farg'onada seminar bo'lib o'tdi, men faqat qatnashdim, oddiy bo'ldi. 😐",neutral
8751,🤩 <3 👍,positive
8752,"Namangandagi sayohatim ajoyib o'tdi, xizmatlar hammasi darajasida, zo'r bo'ldi. 😎",positive
8753,"💔 noutbuk sifati kutilganidek emas, juda sust ishlayapti, xafa bo'ldim.",negative
8754,"Instagramda Redmi Note 13 haqida e'lon ko'rdim, hozircha faqat ma'lumot yig'ayapman, hech qanday o'zgarish sezilmadi.",neutral
8755,"😊 Yangi telefon operatori ishga tushdi, hozircha hammasi yaxshi ishlayapti, mamnunman.",positive
8756,👎 😢 >:( 😭,negative
8757,"aka juda chiroyli tushuntiribdi, bombaaa 🤩",positive
8758,"kommentlarni o'qidim, bilmayman",neutral
8759,"kecha Farg'onaga bordim, hamma narsa hayratda qoldim. 🥰",positive
8760,"bugun Andijonda seminar bo'lib o'tdi, men faqat qatnashdim, hech qanday o'zgarish sezilmadi. 😶",neutral
8761,"💔 Samarqandga borish rejam buzildi, chiptalar bilan muammo bo'ldi, noroziman.",negative
8762,"Farg'onaga borish rejam buzildi, chiptalar bilan muammo bo'ldi, xafa bo'ldim. 💔",negative
8763,"o'tgan oy Samarqandda bo'lgan konferensiya menga umuman yoqmadi, umuman yoqmadi. 😢",negative
8764,"😶 🙄 bugun professor bilan qisqa suhbatlashdim, oddiy bo'ldi.",neutral
8765,"shu hafta Andijonga bordim, hamma narsa kayfiyatim ko'tarildi. 😍",positive
8766,"kommentlarni o'qidim, info uchun 🤔",neutral
8767,"kecha Toshkentda bo'lgan konferensiya menga umuman yoqmadi, xafa bo'ldim.",negative
8768,"😊 ✨ Instagramda yangi kitob haqida post ko'rdim, menga juda yoqdi, kayfiyatim ko'tarildi.",positive
8769,"Andijondagi sayohatim ajoyib o'tdi, xizmatlar hammasi darajasida, hayratda qoldim. 🥰 ✨",positive
8770,"👍 Redmi Note 13 sotib oldim, narxi arzon emas, lekin sifati uchun mamnunman.",positive
8771,"dastur bilan muammo chiqdi, qo'llab-quvvatlash xizmati javob bermadi, umuman yoqmadi. 😞",negative
8772,"bugungi servis haqidagi yangiliklar videolari yoqdi, rosa yoqdi 😎",positive
8773,"😐 📌 Facebookda iPhone 15 haqida e'lon ko'rdim, hozircha faqat ma'lumot yig'ayapman, shunchaki ma'lumot uchun.",neutral
8774,"🥰 😄 noutbuk sotib oldim, narxi arzon emas, lekin sifati uchun mamnunman.",positive
8775,"ilova sifati yana tushib ketgan, nogiron qilindi 😭",negative
8776,"🤩 😎 Xivadagi sayohatim ajoyib o'tdi, xizmatlar hammasi darajasida, yoqib qoldi.",positive
8777,"kelasi oy Qo'qonda bo'lgan konferensiya menga umuman yoqmadi, afsuslandim. 🤬",negative
8778,"👎 👎 Telegramdagi reklamalar juda asabga tegayapti, hafsalam pir bo'ldi.",negative
8779,"Yangi internet xizmati ishga tushdi, hozircha hammasi yaxshi ishlayapti, kayfiyatim ko'tarildi. 😎 ✨",positive
8780,"bugungi ilova haqidagi blog videolari yoqdi, chiqqan joyi yoqdi 😊",positive
8781,"😍 😁 Yangi mijozlarga xizmat ko'rsatish ishga tushdi, hozircha hammasi yaxshi ishlayapti, zo'r bo'ldi.",positive
8782,"YouTubeda yangi Samsung A55 haqida post ko'rdim, menga juda yoqdi, hayratda qoldim.",positive
8783,"Samsung A55 sifati kutilganidek emas, juda sust ishlayapti, hafsalam pir bo'ldi.",negative
8784,"kelasi oy Namanganda bo'lgan dars menga umuman yoqmadi, juda jahlim chiqdi.",negative
8785,"YouTubeda planshet haqida e'lon ko'rdim, hozircha faqat ma'lumot yig'ayapman, hech qanday o'zgarish sezilmadi. 🙄 🤔",neutral
8786,"😁 Redmi Note 13 sotib oldim, narxi arzon emas, lekin sifati uchun hayratda qoldim.",positive
8787,"majlis juda samarali o'tdi, do'stim tushuntirgan mavzu juda foydali bo'ldi, hayratda qoldim. ✨ ✨",positive
8788,"Facebookda yangi kofe haqida post ko'rdim, menga juda yoqdi, hayratda qoldim.",positive
8789,"😄 o'tgan oy Toshkentga bordim, hamma narsa hayratda qoldim.",positive
8790,"ertaga professor bilan qisqa suhbatlashdim, oddiy bo'ldi. 🙄",neutral
8791,"kelasi oy Qo'qonda seminar bo'lib o'tdi, men faqat qatnashdim, neytral qarayman. ℹ️",neutral
8792,"o'tgan oy Xivaga bordim, hamma narsa mamnunman.",positive
8793,:'( 😢,negative
8794,"😄 😊 Yangi internet xizmati ishga tushdi, hozircha hammasi yaxshi ishlayapti, hayratda qoldim.",positive
8795,"🙄 kuryer xizmati bo'yicha yangilanish chiqdi, lekin hozircha shunchaki ma'lumot uchun.",neutral
8796,"bugun do'stim bilan qisqa suhbatlashdim, oddatdagidek. 😶",neutral
8797,"ℹ️ ertaga direktor bilan qisqa suhbatlashdim, oddiy bo'ldi.",neutral
8798,"bloger umuman tushuntira olmadi, qattiq hafsalam pir bo'ldi >:(",negative
8799,"folloverlar juda chiroyli tushuntiribdi, menga yoqdi",positive
8800,"dars juda samarali o'tdi, dekan tushuntirgan mavzu juda foydali bo'ldi, zo'r bo'ldi. 🤩",positive
8801,"Instagramdagi reklamalar juda asabga tegayapti, noroziman. 😠",negative
8802,"bugungi video haqidagi pul videolari yoqdi, chiqqan joyi yoqdi",positive
8803,"😐 shu hafta Buxoroda imtihon bo'lib o'tdi, men faqat qatnashdim, shunchaki ma'lumot uchun.",neutral
8804,"Instagramda yangi noutbuk haqida post ko'rdim, menga juda yoqdi, hayratda qoldim.",positive
8805,"dastur bilan muammo chiqdi, qo'llab-quvvatlash xizmati javob bermadi, juda jahlim chiqdi. 👎",negative
8806,"😎 Twitterda yangi Samsung A55 haqida post ko'rdim, menga juda yoqdi, hayratda qoldim.",positive
8807,"😄 Facebookda yangi kofe haqida post ko'rdim, menga juda yoqdi, juda xursand bo'ldim.",positive
8808,"majlis juda samarali o'tdi, o'qituvchi tushuntirgan mavzu juda foydali bo'ldi, juda xursand bo'ldim.",positive
8809,"bugun Namanganga bordim, hamma narsa mamnunman. 😊",positive
8810,"🤩 Instagramda yangi planshet haqida post ko'rdim, menga juda yoqdi, yoqib qoldi.",positive
8811,"😡 rahbar va'da qilgan ishini bajarmadi, natijadan noroziman.",negative
8812,"kitob sotib oldim, narxi arzon emas, lekin sifati uchun zo'r bo'ldi. 😊",positive
8813,"instagram sahifa sifati yana tushib ketgan, pulga achindim 🤦‍♀️",negative
8814,"Twitterda yangi Samsung A55 haqida post ko'rdim, menga juda yoqdi, kayfiyatim ko'tarildi. 😍",positive
8815,"bugungi oyin haqidagi kino videolari yoqdi, menga yoqdi :D",positive
8816,"Redmi Note 13 haqida fikrlar turlicha, hozircha oddatdagidek.",neutral
8817,"😶 ertaga Andijonda dars bo'lib o'tdi, men faqat qatnashdim, neytral qarayman.",neutral
8818,"kelasi oy do'stim bilan qisqa suhbatlashdim, hech qanday o'zgarish sezilmadi.",neutral
8819,"admin nimadir yozibdi, lekin men uchun neytralman",neutral
8820,"shu hafta Qo'qonga bordim, hamma narsa yoqib qoldi. 😎 ✨",positive
8821,"iPhone 15 haqida fikrlar turlicha, hozircha oddatdagidek. 🙄",neutral
8822,"🤔 🤔 Toshkent haqida yangilik o'qidim, hech qanday o'zgarish sezilmadi.",neutral
8823,"bugun siyosat bo'yicha faqat kuzatib turdim, hech narsa o'zgarmadi 😐",neutral
8824,"o'tgan oy o'qituvchi bilan qisqa suhbatlashdim, neytral qarayman. 🙄 ℹ️",neutral
8825,"Xivaga borish rejam buzildi, chiptalar bilan muammo bo'ldi, noroziman. 😞",negative
8826,"dastur bilan muammo chiqdi, qo'llab-quvvatlash xizmati javob bermadi, afsuslandim.",negative
8827,kommentlarni o'qib rostdan ham gap yo'q ✨,positive
8828,"ℹ️ Instagramda kofe haqida e'lon ko'rdim, hozircha faqat ma'lumot yig'ayapman, oddiy bo'ldi.",neutral
8829,"kofe sotib oldim, narxi arzon emas, lekin sifati uchun hayratda qoldim. 🥰",positive
8830,>:( 🤦‍♀️ 😔,negative
8831,"ℹ️ Buxoro haqida yangilik o'qidim, neytral qarayman.",neutral
8832,"😠 kofe sifati kutilganidek emas, juda sust ishlayapti, umuman yoqmadi.",negative
8833,"Yangi dastur ishga tushdi, hozircha hammasi yaxshi ishlayapti, juda xursand bo'ldim. 👍",positive
8834,"Samarqand haqida yangilik o'qidim, neytral qarayman. 🙄",neutral
8835,rosa yoqdi 😄,positive
8836,"aviachiptalar sotib oldim, narxi arzon emas, lekin sifati uchun mamnunman. 😁",positive
8837,"internet bo'yicha pul mavzusi zo'r chiqibdi, otliii 🔥",positive
8838,"Telegramda yangi kitob haqida post ko'rdim, menga juda yoqdi, kayfiyatim ko'tarildi.",positive
8839,"shu hafta hamkasbim bilan qisqa suhbatlashdim, shunchaki ma'lumot uchun.",neutral
8840,"Twitterda yangi planshet haqida post ko'rdim, menga juda yoqdi, zo'r bo'ldi. 😁 😍",positive
8841,"😭 kelasi oy Namanganda bo'lgan majlis menga umuman yoqmadi, umuman yoqmadi.",negative
8842,"o'tgan oy Qo'qonga bordim, hamma narsa kayfiyatim ko'tarildi. 😁 ✨",positive
8843,"😁 ✨ dars juda samarali o'tdi, direktor tushuntirgan mavzu juda foydali bo'ldi, yoqib qoldi.",positive
8844,"bugun Namanganda dars bo'lib o'tdi, men faqat qatnashdim, hech qanday o'zgarish sezilmadi.",neutral
8845,"Samarqanddagi sayohatim ajoyib o'tdi, xizmatlar hammasi darajasida, juda xursand bo'ldim. 🥰",positive
8846,"opa juda chiroyli tushuntiribdi, rosa yoqdi 😍",positive
8847,"😊 Telegramda yangi kitob haqida post ko'rdim, menga juda yoqdi, yoqib qoldi.",positive
8848,"ertaga Xivada konferensiya bo'lib o'tdi, men faqat qatnashdim, oddiy bo'ldi.",neutral
8849,"bugungi instagram sahifa haqidagi talim videolari yoqdi, rosa yoqdi =)",positive
8850,"o'tgan oy o'qituvchi bilan qisqa suhbatlashdim, neytral qarayman.",neutral
8851,"aviachiptalar sotib oldim, narxi arzon emas, lekin sifati uchun juda xursand bo'ldim. 🥰",positive
8852,"kofe sotib oldim, narxi arzon emas, lekin sifati uchun mamnunman. 😁",positive
8853,"aviachiptalar sotib oldim, narxi arzon emas, lekin sifati uchun zo'r bo'ldi. 🤩 😎",positive
8854,"Buxoro haqida yangilik o'qidim, oddatdagidek. 😐",neutral
8855,"mijozlarga xizmat ko'rsatish bilan muammo chiqdi, qo'llab-quvvatlash xizmati javob bermadi, juda jahlim chiqdi.",negative
8856,"imtihon juda samarali o'tdi, dekan tushuntirgan mavzu juda foydali bo'ldi, kayfiyatim ko'tarildi. 🤩",positive
8857,"konferensiya juda samarali o'tdi, direktor tushuntirgan mavzu juda foydali bo'ldi, juda xursand bo'ldim.",positive
8858,"o'tgan oy Namanganda dars bo'lib o'tdi, men faqat qatnashdim, shunchaki ma'lumot uchun. 📌",neutral
8859,"Telegramdagi reklamalar juda asabga tegayapti, xafa bo'ldim. 🤬",negative
8860,"ertaga Samarqandga bordim, hamma narsa juda xursand bo'ldim.",positive
8861,"kelasi oy Xivada uchrashuv bo'lib o'tdi, men faqat qatnashdim, shunchaki ma'lumot uchun. ℹ️ 🤔",neutral
8862,"bank xizmati bo'yicha yangilanish chiqdi, lekin hozircha hech qanday o'zgarish sezilmadi. ℹ️ 🤔",neutral
8863,"noutbuk haqida fikrlar turlicha, hozircha oddatdagidek. 🙄",neutral
8864,"👍 Xivadagi sayohatim ajoyib o'tdi, xizmatlar hammasi darajasida, yoqib qoldi.",positive
8865,"internet sifati yana tushib ketgan, zerikarli 💔",negative
8866,"😊 Twitterda yangi Samsung A55 haqida post ko'rdim, menga juda yoqdi, kayfiyatim ko'tarildi.",positive
8867,"😐 Buxoro haqida yangilik o'qidim, oddatdagidek.",neutral
8868,"😎 🥰 YouTubeda yangi kitob haqida post ko'rdim, menga juda yoqdi, juda xursand bo'ldim.",positive
8869,"dastur bo'yicha yangilanish chiqdi, lekin hozircha oddatdagidek. 😐",neutral
8870,"bank xizmati bilan muammo chiqdi, qo'llab-quvvatlash xizmati javob bermadi, xafa bo'ldim. 🤬 👎",negative
8871,shunchaki ℹ️,neutral
8872,"kommentlarni o'qidim, shunchaki",neutral
8873,"🥰 😊 Farg'onadagi sayohatim ajoyib o'tdi, xizmatlar hammasi darajasida, kayfiyatim ko'tarildi.",positive
8874,"😊 😍 Yangi dastur ishga tushdi, hozircha hammasi yaxshi ishlayapti, mamnunman.",positive
8875,"aka umuman tushuntira olmadi, hech nima tushunmadim 🤦‍♂️",negative
8876,"Samsung A55 sotib oldim, narxi arzon emas, lekin sifati uchun kayfiyatim ko'tarildi. 🤩",positive
8877,"😎 konferensiya juda samarali o'tdi, hamkasbim tushuntirgan mavzu juda foydali bo'ldi, hayratda qoldim.",positive
8878,😍 =) 😍,positive
8879,"bank xizmati bilan muammo chiqdi, qo'llab-quvvatlash xizmati javob bermadi, xafa bo'ldim.",negative
8880,"😭 🤬 o'qituvchi va'da qilgan ishini bajarmadi, natijadan hafsalam pir bo'ldi.",negative
8881,"bugun Farg'onaga bordim, hamma narsa mamnunman.",positive
8882,"YouTubeda yangi planshet haqida post ko'rdim, menga juda yoqdi, kayfiyatim ko'tarildi.",positive
8883,"kofe haqida fikrlar turlicha, hozircha hech qanday o'zgarish sezilmadi. 🤔",neutral
8884,"Redmi Note 13 haqida fikrlar turlicha, hozircha shunchaki ma'lumot uchun. ℹ️",neutral
8885,"🤩 Yangi kuryer xizmati ishga tushdi, hozircha hammasi yaxshi ishlayapti, yoqib qoldi.",positive
8886,"dastur bilan muammo chiqdi, qo'llab-quvvatlash xizmati javob bermadi, xafa bo'ldim. 😭 👎",negative
8887,"🤔 o'tgan oy Farg'onada majlis bo'lib o'tdi, men faqat qatnashdim, neytral qarayman.",neutral
8888,"kuryer xizmati bo'yicha yangilanish chiqdi, lekin hozircha oddatdagidek. 📌",neutral
8889,"bugungi oyin haqidagi musiqa videolari yoqdi, zo'r",positive
8890,aldashdi 🤦‍♀️,negative
8891,"Buxoroga borish rejam buzildi, chiptalar bilan muammo bo'ldi, umuman yoqmadi.",negative
8892,"kecha Qo'qonga bordim, hamma narsa juda xursand bo'ldim. 👍",positive
8893,"📌 🙄 ertaga direktor bilan qisqa suhbatlashdim, shunchaki ma'lumot uchun.",neutral
8894,"rahmat, zo'r ekan 😍",positive
8895,"ℹ️ mijozlarga xizmat ko'rsatish bo'yicha yangilanish chiqdi, lekin hozircha oddiy bo'ldi.",neutral
8896,"😍 YouTubeda yangi iPhone 15 haqida post ko'rdim, menga juda yoqdi, zo'r bo'ldi.",positive
8897,"Samarqanddagi sayohatim ajoyib o'tdi, xizmatlar hammasi darajasida, mamnunman. 👍 😍",positive
8898,😠 🤦‍♀️ 🤦‍♀️ >:(,negative
8899,"o'tgan oy Samarqandda bo'lgan konferensiya menga umuman yoqmadi, noroziman.",negative
8900,"👍 bugun Samarqandga bordim, hamma narsa yoqib qoldi.",positive
8901,"servis sifati yana tushib ketgan, umuman yoqmaydi 😠",negative
8902,"🤬 professor va'da qilgan ishini bajarmadi, natijadan afsuslandim.",negative
8903,yaxshi ishlayapti 😁,positive
8904,"💔 Twitterdagi reklamalar juda asabga tegayapti, juda jahlim chiqdi.",negative
8905,"💔 bank xizmati bilan muammo chiqdi, qo'llab-quvvatlash xizmati javob bermadi, xafa bo'ldim.",negative
8906,"o'qib qo'ydim xolos, bilmayman 🙄",neutral
8907,"Facebookda yangi Samsung A55 haqida post ko'rdim, menga juda yoqdi, kayfiyatim ko'tarildi. 😍",positive
8908,"Yangi bank xizmati ishga tushdi, hozircha hammasi yaxshi ishlayapti, hayratda qoldim. ✨",positive
8909,"bugun Toshkentga bordim, hamma narsa kayfiyatim ko'tarildi. 🥰 😄",positive
8910,"😄 seminar juda samarali o'tdi, o'qituvchi tushuntirgan mavzu juda foydali bo'ldi, zo'r bo'ldi.",positive
8911,"bugungi sayt haqidagi talim videolari yoqdi, menga yoqdi 😊",positive
8912,"internet xizmati bilan muammo chiqdi, qo'llab-quvvatlash xizmati javob bermadi, juda jahlim chiqdi. 👎",negative
8913,"shu hafta Buxoroga bordim, hamma narsa yoqib qoldi.",positive
8914,"👍 bugun Andijonga bordim, hamma narsa kayfiyatim ko'tarildi.",positive
8915,"kommentlarni o'qidim, ko'rdim xolos 😐",neutral
8916,"bugungi blog mavzusi zerikarli bo'ldi, aldashdi 😔",negative
8917,"bugun Namanganga bordim, hamma narsa juda xursand bo'ldim.",positive
8918,"bloger juda chiroyli tushuntiribdi, bombaaa ;)",positive
8919,"kommentlarni o'qidim, kulib qo'ydim xolos ✍️",neutral
8920,<3 🤩 😍,positive
8921,"odamlar umuman tushuntira olmadi, bunday bo'lmasligi kerak edi 👎",negative
8922,"😞 Namanganga borish rejam buzildi, chiptalar bilan muammo bo'ldi, juda jahlim chiqdi.",negative
8923,"kelasi oy rahbar bilan qisqa suhbatlashdim, oddiy bo'ldi. 😶",neutral
8924,"ℹ️ ertaga Samarqandda seminar bo'lib o'tdi, men faqat qatnashdim, oddiy bo'ldi.",neutral
8925,"Facebookda noutbuk haqida e'lon ko'rdim, hozircha faqat ma'lumot yig'ayapman, oddiy bo'ldi.",neutral
8926,"😍 dars juda samarali o'tdi, hamkasbim tushuntirgan mavzu juda foydali bo'ldi, kayfiyatim ko'tarildi.",positive
8927,"🤔 kelasi oy rahbar bilan qisqa suhbatlashdim, neytral qarayman.",neutral
8928,"kommentlarni o'qidim, kulib qo'ydim xolos ??",neutral
8929,"bugungi pul mavzusi zerikarli bo'ldi, hech nima tushunmadim",negative
8930,"kommentlarni o'qidim, bilmayman ℹ️",neutral
8931,rosa yoqdi 👍,positive
8932,"ℹ️ Telegramda iPhone 15 haqida e'lon ko'rdim, hozircha faqat ma'lumot yig'ayapman, hech qanday o'zgarish sezilmadi.",neutral
8933,"kommentlarni o'qidim, hech narsa o'zgarmadi 😶",neutral
8934,"🤩 Telegramda yangi kofe haqida post ko'rdim, menga juda yoqdi, zo'r bo'ldi.",positive
8935,"kitob sotib oldim, narxi arzon emas, lekin sifati uchun zo'r bo'ldi. 😎",positive
8936,"o'tgan oy dekan bilan qisqa suhbatlashdim, oddatdagidek.",neutral
8937,"dastur bo'yicha yangiliklar mavzusi zo'r chiqibdi, yaxshi ishlayapti 👍",positive
8938,"ℹ️ 📌 o'tgan oy Namanganda imtihon bo'lib o'tdi, men faqat qatnashdim, neytral qarayman.",neutral
8939,"kecha rahbar bilan qisqa suhbatlashdim, oddiy bo'ldi.",neutral
8940,"dars juda samarali o'tdi, o'qituvchi tushuntirgan mavzu juda foydali bo'ldi, hayratda qoldim.",positive
8941,"dars juda samarali o'tdi, professor tushuntirgan mavzu juda foydali bo'ldi, kayfiyatim ko'tarildi.",positive
8942,"🤩 😄 Instagramda yangi iPhone 15 haqida post ko'rdim, menga juda yoqdi, mamnunman.",positive
8943,"🤔 kofe haqida fikrlar turlicha, hozircha shunchaki ma'lumot uchun.",neutral
8944,😍 😁,positive
8945,"👍 YouTubeda yangi kitob haqida post ko'rdim, menga juda yoqdi, juda xursand bo'ldim.",positive
8946,kommentlarni o'qib rostdan ham menga yoqdi,positive
8947,"Xiva haqida yangilik o'qidim, hech qanday o'zgarish sezilmadi. 😐",neutral
8948,"🥰 🥰 Telegramda yangi Redmi Note 13 haqida post ko'rdim, menga juda yoqdi, hayratda qoldim.",positive
8949,bunaqa kontent ko'proq bo'lsa zo'r bo'lardi 😄,positive
8950,"Farg'ona haqida yangilik o'qidim, shunchaki ma'lumot uchun. 🙄 ℹ️",neutral
8951,"YouTubeda noutbuk haqida e'lon ko'rdim, hozircha faqat ma'lumot yig'ayapman, hech qanday o'zgarish sezilmadi.",neutral
8952,"o'tgan oy Namanganga bordim, hamma narsa juda xursand bo'ldim. 😁 ✨",positive
8953,"o'tgan oy Xivada bo'lgan seminar menga umuman yoqmadi, noroziman. 😔 😞",negative
8954,"Instagramda noutbuk haqida e'lon ko'rdim, hozircha faqat ma'lumot yig'ayapman, hech qanday o'zgarish sezilmadi.",neutral
8955,"👎 bugun Toshkentda bo'lgan majlis menga umuman yoqmadi, umuman yoqmadi.",negative
8956,"planshet sifati kutilganidek emas, juda sust ishlayapti, afsuslandim.",negative
8957,"bugungi yangiliklar mavzusi zerikarli bo'ldi, pulga achindim =/",negative
8958,"Buxoro haqida yangilik o'qidim, oddiy bo'ldi. 😶 ℹ️",neutral
8959,"Yangi internet xizmati ishga tushdi, hozircha hammasi yaxshi ishlayapti, mamnunman. 😎",positive
8960,"odamlar umuman tushuntira olmadi, umidsizlik 💔",negative
8961,"bank xizmati bo'yicha yangilanish chiqdi, lekin hozircha oddiy bo'ldi. ℹ️",neutral
8962,"do'stim va'da qilgan ishini bajarmadi, natijadan noroziman. 😢 🤬",negative
8963,"😄 Twitterda yangi Samsung A55 haqida post ko'rdim, menga juda yoqdi, hayratda qoldim.",positive
8964,"noutbuk sotib oldim, narxi arzon emas, lekin sifati uchun juda xursand bo'ldim. 😄",positive
8965,"folloverlar nimadir yozibdi, lekin men uchun shunchaki ✍️",neutral
8966,"bugun texnika bo'yicha faqat kuzatib turdim, info uchun",neutral
8967,"kommentlarni o'qidim, hech narsa o'zgarmadi ✍️",neutral
8968,"😍 ertaga Farg'onaga bordim, hamma narsa mamnunman.",positive
8969,"kommentlarda hammasi urush, servis noldan ham past 😔",negative
8970,"👍 Telegramda yangi iPhone 15 haqida post ko'rdim, menga juda yoqdi, juda xursand bo'ldim.",positive
8971,"👎 iPhone 15 sifati kutilganidek emas, juda sust ishlayapti, juda jahlim chiqdi.",negative
8972,"Redmi Note 13 sotib oldim, narxi arzon emas, lekin sifati uchun zo'r bo'ldi. 😍 😎",positive
8973,"internet bo'yicha yangiliklar mavzusi zo'r chiqibdi, menga yoqdi 🥰",positive
8974,"bloger nimadir yozibdi, lekin men uchun neytralman 😶",neutral
8975,"😍 kitob sotib oldim, narxi arzon emas, lekin sifati uchun juda xursand bo'ldim.",positive
8976,"🤬 internet xizmati bilan muammo chiqdi, qo'llab-quvvatlash xizmati javob bermadi, noroziman.",negative
8977,😠 🤬 👎 😢,negative
8978,"hamma nimadir yozibdi, lekin men uchun norm",neutral
8979,"😢 👎 dastur bilan muammo chiqdi, qo'llab-quvvatlash xizmati javob bermadi, umuman yoqmadi.",negative
8980,:( 🤦‍♀️,negative
8981,"Redmi Note 13 sifati kutilganidek emas, juda sust ishlayapti, xafa bo'ldim. 🤬",negative
8982,"ℹ️ kofe haqida fikrlar turlicha, hozircha shunchaki ma'lumot uchun.",neutral
8983,"Yangi bank xizmati ishga tushdi, hozircha hammasi yaxshi ishlayapti, zo'r bo'ldi. 😁",positive
8984,"sayt bo'yicha pul postini ko'rdim, info uchun 😐",neutral
8985,"kelasi oy dekan bilan qisqa suhbatlashdim, shunchaki ma'lumot uchun.",neutral
8986,"😁 🥰 Telegramda yangi iPhone 15 haqida post ko'rdim, menga juda yoqdi, mamnunman.",positive
8987,"Telegramda noutbuk haqida e'lon ko'rdim, hozircha faqat ma'lumot yig'ayapman, neytral qarayman.",neutral
8988,servis noldan ham past :'(,negative
8989,"😭 do'stim va'da qilgan ishini bajarmadi, natijadan hafsalam pir bo'ldi.",negative
8990,"seminar juda samarali o'tdi, professor tushuntirgan mavzu juda foydali bo'ldi, kayfiyatim ko'tarildi.",positive
8991,"konferensiya juda samarali o'tdi, hamkasbim tushuntirgan mavzu juda foydali bo'ldi, zo'r bo'ldi. 😊",positive
8992,"planshet sotib oldim, narxi arzon emas, lekin sifati uchun juda xursand bo'ldim. 🥰 😁",positive
8993,"Facebookda yangi planshet haqida post ko'rdim, menga juda yoqdi, kayfiyatim ko'tarildi.",positive
8994,"bugungi telegram kanal haqidagi pul videolari yoqdi, chiqqan joyi yoqdi 👍",positive
8995,"🤬 Qo'qonga borish rejam buzildi, chiptalar bilan muammo bo'ldi, juda jahlim chiqdi.",negative
8996,"do'stim va'da qilgan ishini bajarmadi, natijadan xafa bo'ldim. 😠",negative
8997,"kecha Farg'onada bo'lgan konferensiya menga umuman yoqmadi, umuman yoqmadi.",negative
8998,"dastur bo'yicha pul postini ko'rdim, norm 🙄",neutral
8999,chiqqan joyi yoqdi 👍,positive
9000,"bugungi instagram sahifa haqidagi musiqa videolari yoqdi, super 😄",positive
9001,"uchrashuv juda samarali o'tdi, do'stim tushuntirgan mavzu juda foydali bo'ldi, juda xursand bo'ldim.",positive
9002,🤔 😶,neutral
9003,"bugungi texnika mavzusi zerikarli bo'ldi, yoqmadi",negative
9004,"🤔 😶 planshet haqida fikrlar turlicha, hozircha shunchaki ma'lumot uchun.",neutral
9005,"kofe sifati kutilganidek emas, juda sust ishlayapti, hafsalam pir bo'ldi.",negative
9006,"ilova bo'yicha yangilanish chiqdi, lekin hozircha hech qanday o'zgarish sezilmadi. 📌",neutral
9007,"Facebookda Redmi Note 13 haqida e'lon ko'rdim, hozircha faqat ma'lumot yig'ayapman, oddiy bo'ldi.",neutral
9008,"bugun Xivada bo'lgan majlis menga umuman yoqmadi, umuman yoqmadi.",negative
9009,"Samarqanddagi sayohatim ajoyib o'tdi, xizmatlar hammasi darajasida, mamnunman. 👍 👍",positive
9010,"Redmi Note 13 haqida fikrlar turlicha, hozircha hech qanday o'zgarish sezilmadi. 😶 🤔",neutral
9011,"🙄 Buxoro haqida yangilik o'qidim, hech qanday o'zgarish sezilmadi.",neutral
9012,"dars juda samarali o'tdi, direktor tushuntirgan mavzu juda foydali bo'ldi, hayratda qoldim. 😊 ✨",positive
9013,"bugun Samarqandda seminar bo'lib o'tdi, men faqat qatnashdim, shunchaki ma'lumot uchun. ℹ️ 😐",neutral
9014,"😁 Instagramda yangi planshet haqida post ko'rdim, menga juda yoqdi, kayfiyatim ko'tarildi.",positive
9015,"Facebookda yangi noutbuk haqida post ko'rdim, menga juda yoqdi, juda xursand bo'ldim.",positive
9016,"aka juda chiroyli tushuntiribdi, klass ❤️",positive
9017,"😶 😶 Toshkent haqida yangilik o'qidim, oddatdagidek.",neutral
9018,"bugungi instagram sahifa haqidagi talim videolari yoqdi, bombaaa 😁",positive
9019,"YouTubeda planshet haqida e'lon ko'rdim, hozircha faqat ma'lumot yig'ayapman, neytral qarayman.",neutral
9020,"😭 kitob sifati kutilganidek emas, juda sust ishlayapti, hafsalam pir bo'ldi.",negative
9021,😊 👍 😄 👍,positive
9022,"😄 YouTubeda yangi noutbuk haqida post ko'rdim, menga juda yoqdi, zo'r bo'ldi.",positive
9023,"ilova sifati yana tushib ketgan, pulga achindim 💔",negative
9024,"Telegramda iPhone 15 haqida e'lon ko'rdim, hozircha faqat ma'lumot yig'ayapman, oddiy bo'ldi. 📌",neutral
9025,"bugungi futbol mavzusi zerikarli bo'ldi, bunday bo'lmasligi kerak edi 😡",negative
9026,norm ??,neutral
9027,"✨ Twitterda yangi Redmi Note 13 haqida post ko'rdim, menga juda yoqdi, mamnunman.",positive
9028,"👎 ertaga Xivada bo'lgan konferensiya menga umuman yoqmadi, juda jahlim chiqdi.",negative
9029,"📌 Telegramda noutbuk haqida e'lon ko'rdim, hozircha faqat ma'lumot yig'ayapman, oddatdagidek.",neutral
9030,yaxshi ishlayapti =),positive
9031,"🤔 📌 YouTubeda kitob haqida e'lon ko'rdim, hozircha faqat ma'lumot yig'ayapman, neytral qarayman.",neutral
9032,"Redmi Note 13 sotib oldim, narxi arzon emas, lekin sifati uchun juda xursand bo'ldim. 👍",positive
9033,"kecha Samarqandda uchrashuv bo'lib o'tdi, men faqat qatnashdim, shunchaki ma'lumot uchun. 🤔",neutral
9034,neytralman 😐,neutral
9035,"😐 Twitterda planshet haqida e'lon ko'rdim, hozircha faqat ma'lumot yig'ayapman, hech qanday o'zgarish sezilmadi.",neutral
9036,"planshet sifati kutilganidek emas, juda sust ishlayapti, afsuslandim. 👎",negative
9037,"bugun kommentlar bo'yicha faqat kuzatib turdim, fikir yo'q",neutral
9038,"konferensiya juda samarali o'tdi, direktor tushuntirgan mavzu juda foydali bo'ldi, juda xursand bo'ldim. 😍",positive
9039,"😶 📌 Farg'ona haqida yangilik o'qidim, oddiy bo'ldi.",neutral
9040,"YouTubeda yangi Redmi Note 13 haqida post ko'rdim, menga juda yoqdi, hayratda qoldim. 😁 ✨",positive
9041,"bugungi servis haqidagi kommentlar videolari yoqdi, super 😊",positive
9042,klass 🤩,positive
9043,"professor va'da qilgan ishini bajarmadi, natijadan afsuslandim.",negative
9044,"Yangi telefon operatori ishga tushdi, hozircha hammasi yaxshi ishlayapti, yoqib qoldi. 🥰",positive
9045,"dars juda samarali o'tdi, professor tushuntirgan mavzu juda foydali bo'ldi, zo'r bo'ldi. 😍",positive
9046,"video bo'yicha musiqa mavzusi zo'r chiqibdi, gap yo'q 😁",positive
9047,"YouTubeda yangi aviachiptalar haqida post ko'rdim, menga juda yoqdi, hayratda qoldim.",positive
9048,"o'tgan oy Farg'onaga bordim, hamma narsa hayratda qoldim.",positive
9049,"admin nimadir yozibdi, lekin men uchun info uchun 📌",neutral
9050,"Facebookda yangi kitob haqida post ko'rdim, menga juda yoqdi, hayratda qoldim.",positive
9051,"🙄 ilova bo'yicha yangilanish chiqdi, lekin hozircha hech qanday o'zgarish sezilmadi.",neutral
9052,"ertaga Farg'onada bo'lgan dars menga umuman yoqmadi, noroziman. 😭",negative
9053,"Xivadagi sayohatim ajoyib o'tdi, xizmatlar hammasi darajasida, juda xursand bo'ldim. 👍",positive
9054,"instagram sahifa bo'yicha siyosat mavzusi zo'r chiqibdi, yaxshi ishlayapti",positive
9055,"o'tgan oy Andijonda bo'lgan uchrashuv menga umuman yoqmadi, afsuslandim.",negative
9056,"🤔 😶 mijozlarga xizmat ko'rsatish bo'yicha yangilanish chiqdi, lekin hozircha oddatdagidek.",neutral
9057,"😁 konferensiya juda samarali o'tdi, hamkasbim tushuntirgan mavzu juda foydali bo'ldi, mamnunman.",positive
9058,"Namangandagi sayohatim ajoyib o'tdi, xizmatlar hammasi darajasida, zo'r bo'ldi. 😎 😎",positive
9059,"do'stlar nimadir yozibdi, lekin men uchun ko'rdim xolos",neutral
9060,"😔 ilova bilan muammo chiqdi, qo'llab-quvvatlash xizmati javob bermadi, xafa bo'ldim.",negative
9061,"dars juda samarali o'tdi, o'qituvchi tushuntirgan mavzu juda foydali bo'ldi, zo'r bo'ldi.",positive
9062,"😭 o'qituvchi va'da qilgan ishini bajarmadi, natijadan xafa bo'ldim.",negative
9063,"opa umuman tushuntira olmadi, nogiron qilindi 🤬",negative
9064,"shu hafta professor bilan qisqa suhbatlashdim, shunchaki ma'lumot uchun.",neutral
9065,"kitob haqida fikrlar turlicha, hozircha shunchaki ma'lumot uchun.",neutral
9066,"bugun Farg'onaga bordim, hamma narsa yoqib qoldi. 🥰 😁",positive
9067,"😁 kofe sotib oldim, narxi arzon emas, lekin sifati uchun zo'r bo'ldi.",positive
9068,"internet sifati yana tushib ketgan, juda yomon 🤦‍♂️",negative
9069,norm ...,neutral
9070,"Xiva haqida yangilik o'qidim, neytral qarayman.",neutral
9071,"oyin bo'yicha kommentlar mavzusi zo'r chiqibdi, otliii 👍",positive
9072,"bugungi instagram sahifa haqidagi kommentlar videolari yoqdi, zo'r 😍",positive
9073,"Instagramdagi reklamalar juda asabga tegayapti, xafa bo'ldim.",negative
9074,"telegram kanal bo'yicha talim mavzusi zo'r chiqibdi, klass 🤩",positive
9075,"Qo'qonga borish rejam buzildi, chiptalar bilan muammo bo'ldi, umuman yoqmadi. 💔",negative
9076,"ℹ️ ℹ️ Namangan haqida yangilik o'qidim, oddatdagidek.",neutral
9077,"folloverlar umuman tushuntira olmadi, umuman yoqmaydi",negative
9078,ko'rdim xolos 😐,neutral
9079,"kelasi oy Qo'qonda bo'lgan uchrashuv menga umuman yoqmadi, umuman yoqmadi.",negative
9080,bekor ketdi hamma narsasi 😔,negative
9081,"😡 Farg'onaga borish rejam buzildi, chiptalar bilan muammo bo'ldi, juda jahlim chiqdi.",negative
9082,menga yoqdi <3,positive
9083,"Facebookda yangi iPhone 15 haqida post ko'rdim, menga juda yoqdi, hayratda qoldim. 😄 🥰",positive
9084,"uchrashuv juda samarali o'tdi, hamkasbim tushuntirgan mavzu juda foydali bo'ldi, hayratda qoldim. 🥰",positive
9085,"kecha Samarqandda konferensiya bo'lib o'tdi, men faqat qatnashdim, oddiy bo'ldi. 😶 😶",neutral
9086,"🤬 ertaga Xivada bo'lgan konferensiya menga umuman yoqmadi, xafa bo'ldim.",negative
9087,"seminar juda samarali o'tdi, hamkasbim tushuntirgan mavzu juda foydali bo'ldi, yoqib qoldi. 😊 👍",positive
9088,"odamlar umuman tushuntira olmadi, nogiron qilindi 🤦‍♀️",negative
9089,"o'tgan oy do'stim bilan qisqa suhbatlashdim, oddiy bo'ldi.",neutral
9090,"shu hafta Andijonga bordim, hamma narsa zo'r bo'ldi.",positive
9091,✍️ 😶 ✍️,neutral
9092,"ertaga Buxoroga bordim, hamma narsa hayratda qoldim.",positive
9093,"Xiva haqida yangilik o'qidim, neytral qarayman. 🙄 😶",neutral
9094,"Farg'onaga borish rejam buzildi, chiptalar bilan muammo bo'ldi, hafsalam pir bo'ldi. 🤬",negative
9095,"Twitterda yangi planshet haqida post ko'rdim, menga juda yoqdi, mamnunman.",positive
9096,"Yangi internet xizmati ishga tushdi, hozircha hammasi yaxshi ishlayapti, zo'r bo'ldi. 🤩",positive
9097,"o'tgan oy Namanganda bo'lgan konferensiya menga umuman yoqmadi, afsuslandim.",negative
9098,"👎 kitob sifati kutilganidek emas, juda sust ishlayapti, noroziman.",negative
9099,"rahbar va'da qilgan ishini bajarmadi, natijadan xafa bo'ldim. 👎",negative
9100,"😐 ertaga o'qituvchi bilan qisqa suhbatlashdim, oddiy bo'ldi.",neutral
9101,"aka nimadir yozibdi, lekin men uchun fikir yo'q 🤔",neutral
9102,"ertaga Andijonga bordim, hamma narsa hayratda qoldim. 😄",positive
9103,neytralman ...,neutral
9104,"ertaga Toshkentda bo'lgan seminar menga umuman yoqmadi, juda jahlim chiqdi. 🤬",negative
9105,"sayt sifati yana tushib ketgan, tavsiya etmayman 🤦‍♂️",negative
9106,"Buxoroga borish rejam buzildi, chiptalar bilan muammo bo'ldi, umuman yoqmadi. 😭 😔",negative
9107,kommentlarni o'qib rostdan ham kontent yoqdi 👍,positive
9108,"bugungi post haqidagi kommentlar videolari yoqdi, chiqqan joyi yoqdi",positive
9109,"🙄 kecha rahbar bilan qisqa suhbatlashdim, hech qanday o'zgarish sezilmadi.",neutral
9110,"seminar juda samarali o'tdi, direktor tushuntirgan mavzu juda foydali bo'ldi, juda xursand bo'ldim.",positive
9111,"😊 ertaga Samarqandga bordim, hamma narsa mamnunman.",positive
9112,"Samarqandga borish rejam buzildi, chiptalar bilan muammo bo'ldi, xafa bo'ldim. 😡",negative
9113,"😍 Qo'qondagi sayohatim ajoyib o'tdi, xizmatlar hammasi darajasida, zo'r bo'ldi.",positive
9114,"konferensiya juda samarali o'tdi, direktor tushuntirgan mavzu juda foydali bo'ldi, mamnunman.",positive
9115,"Toshkent haqida yangilik o'qidim, hech qanday o'zgarish sezilmadi. 🙄",neutral
9116,"dastur bilan muammo chiqdi, qo'llab-quvvatlash xizmati javob bermadi, xafa bo'ldim. 🤬",negative
9117,"instagram sahifa bo'yicha texnika mavzusi zo'r chiqibdi, zo'r 🥰",positive
9118,"Instagramda planshet haqida e'lon ko'rdim, hozircha faqat ma'lumot yig'ayapman, hech qanday o'zgarish sezilmadi.",neutral
9119,"kofe sotib oldim, narxi arzon emas, lekin sifati uchun juda xursand bo'ldim. ✨",positive
9120,📌,neutral
9121,"Facebookda Redmi Note 13 haqida e'lon ko'rdim, hozircha faqat ma'lumot yig'ayapman, neytral qarayman. 🙄",neutral
9122,"uchrashuv juda samarali o'tdi, o'qituvchi tushuntirgan mavzu juda foydali bo'ldi, kayfiyatim ko'tarildi. 😊",positive
9123,"dars juda samarali o'tdi, professor tushuntirgan mavzu juda foydali bo'ldi, hayratda qoldim. 😎",positive
9124,"aviachiptalar haqida fikrlar turlicha, hozircha shunchaki ma'lumot uchun.",neutral
9125,"kommentlarda hammasi urush, umuman yoqmaydi :(",negative
9126,"Instagramda yangi Redmi Note 13 haqida post ko'rdim, menga juda yoqdi, yoqib qoldi. 😎 🤩",positive
9127,"video sifati yana tushib ketgan, bekor ketdi hamma narsasi 💔",negative
9128,"Samarqand haqida yangilik o'qidim, hech qanday o'zgarish sezilmadi.",neutral
9129,"planshet sotib oldim, narxi arzon emas, lekin sifati uchun juda xursand bo'ldim. 😊",positive
9130,"🤩 😊 o'tgan oy Farg'onaga bordim, hamma narsa mamnunman.",positive
9131,"kecha hamkasbim bilan qisqa suhbatlashdim, oddiy bo'ldi. 🙄",neutral
9132,"Redmi Note 13 sotib oldim, narxi arzon emas, lekin sifati uchun kayfiyatim ko'tarildi. 😎",positive
9133,"kommentlarni o'qidim, shunchaki :|",neutral
9134,juda yomon 😢,negative
9135,"Redmi Note 13 sotib oldim, narxi arzon emas, lekin sifati uchun hayratda qoldim. 🥰",positive
9136,"🤩 Yangi bank xizmati ishga tushdi, hozircha hammasi yaxshi ishlayapti, zo'r bo'ldi.",positive
9137,"kelasi oy rahbar bilan qisqa suhbatlashdim, neytral qarayman. 🙄 🙄",neutral
9138,"kelasi oy direktor bilan qisqa suhbatlashdim, hech qanday o'zgarish sezilmadi. 🙄 🤔",neutral
9139,"🤩 🥰 konferensiya juda samarali o'tdi, rahbar tushuntirgan mavzu juda foydali bo'ldi, hayratda qoldim.",positive
9140,"😎 😁 kecha Samarqandga bordim, hamma narsa juda xursand bo'ldim.",positive
9141,"Yangi dastur ishga tushdi, hozircha hammasi yaxshi ishlayapti, zo'r bo'ldi. 😁",positive
9142,"bugungi post haqidagi futbol videolari yoqdi, kontent yoqdi 🤩",positive
9143,"✨ uchrashuv juda samarali o'tdi, o'qituvchi tushuntirgan mavzu juda foydali bo'ldi, hayratda qoldim.",positive
9144,"ertaga Toshkentga bordim, hamma narsa zo'r bo'ldi. 👍",positive
9145,"bugun Toshkentda konferensiya bo'lib o'tdi, men faqat qatnashdim, oddiy bo'ldi. 📌 😶",neutral
9146,"bugungi video haqidagi pul videolari yoqdi, yaxshi ishlayapti 😍",positive
9147,"Instagramda yangi iPhone 15 haqida post ko'rdim, menga juda yoqdi, juda xursand bo'ldim. 😁",positive
9148,"kommentlarda hammasi urush, aldashdi :-/",negative
9149,"shu hafta Namanganga bordim, hamma narsa juda xursand bo'ldim. 🤩",positive
9150,"Twitterda kofe haqida e'lon ko'rdim, hozircha faqat ma'lumot yig'ayapman, shunchaki ma'lumot uchun. 📌 ℹ️",neutral
9151,"😎 konferensiya juda samarali o'tdi, direktor tushuntirgan mavzu juda foydali bo'ldi, zo'r bo'ldi.",positive
9152,"kelasi oy Namanganda bo'lgan imtihon menga umuman yoqmadi, umuman yoqmadi. 😔",negative
9153,"planshet sotib oldim, narxi arzon emas, lekin sifati uchun juda xursand bo'ldim. 😁 🤩",positive
9154,"bugungi telegram kanal haqidagi pul videolari yoqdi, super 🔥",positive
9155,"🤩 ✨ Twitterda yangi Samsung A55 haqida post ko'rdim, menga juda yoqdi, yoqib qoldi.",positive
9156,"bugungi ilova haqidagi pul videolari yoqdi, zo'r ❤️",positive
9157,"bugun o'qituvchi bilan qisqa suhbatlashdim, oddiy bo'ldi. 📌 😶",neutral
9158,"😍 Yangi telefon operatori ishga tushdi, hozircha hammasi yaxshi ishlayapti, yoqib qoldi.",positive
9159,"do'stlar juda chiroyli tushuntiribdi, super 🥰",positive
9160,"ℹ️ dastur bo'yicha yangilanish chiqdi, lekin hozircha oddatdagidek.",neutral
9161,"Twitterda kofe haqida e'lon ko'rdim, hozircha faqat ma'lumot yig'ayapman, neytral qarayman. 😶 📌",neutral
9162,"🤬 kuryer xizmati bilan muammo chiqdi, qo'llab-quvvatlash xizmati javob bermadi, xafa bo'ldim.",negative
9163,zo'r 👍,positive
9164,💔 😭,negative
9165,"Facebookda planshet haqida e'lon ko'rdim, hozircha faqat ma'lumot yig'ayapman, oddiy bo'ldi. 🤔",neutral
9166,"dastur bo'yicha yangilanish chiqdi, lekin hozircha oddatdagidek.",neutral
9167,"🙄 ertaga Toshkentda seminar bo'lib o'tdi, men faqat qatnashdim, hech qanday o'zgarish sezilmadi.",neutral
9168,"bugun pul bo'yicha faqat kuzatib turdim, ok 🤔",neutral
9169,"🥰 Toshkentdagi sayohatim ajoyib o'tdi, xizmatlar hammasi darajasida, mamnunman.",positive
9170,"kelasi oy Qo'qonga bordim, hamma narsa yoqib qoldi.",positive
9171,"😶 Xiva haqida yangilik o'qidim, neytral qarayman.",neutral
9172,"servis bo'yicha kommentlar postini ko'rdim, info uchun 🤔",neutral
9173,"shu hafta do'stim bilan qisqa suhbatlashdim, hech qanday o'zgarish sezilmadi.",neutral
9174,"internet xizmati bilan muammo chiqdi, qo'llab-quvvatlash xizmati javob bermadi, afsuslandim. 😭",negative
9175,"iPhone 15 sotib oldim, narxi arzon emas, lekin sifati uchun kayfiyatim ko'tarildi. 😄 😊",positive
9176,"🤩 bugun Qo'qonga bordim, hamma narsa hayratda qoldim.",positive
9177,✍️ 😐 ℹ️,neutral
9178,"😁 😁 seminar juda samarali o'tdi, o'qituvchi tushuntirgan mavzu juda foydali bo'ldi, hayratda qoldim.",positive
9179,"😔 Instagramdagi reklamalar juda asabga tegayapti, noroziman.",negative
9180,"📌 🤔 o'tgan oy o'qituvchi bilan qisqa suhbatlashdim, oddiy bo'ldi.",neutral
9181,"Twitterda yangi Redmi Note 13 haqida post ko'rdim, menga juda yoqdi, kayfiyatim ko'tarildi.",positive
9182,"👍 Yangi internet xizmati ishga tushdi, hozircha hammasi yaxshi ishlayapti, zo'r bo'ldi.",positive
9183,"seminar juda samarali o'tdi, o'qituvchi tushuntirgan mavzu juda foydali bo'ldi, zo'r bo'ldi.",positive
9184,"🤔 kofe haqida fikrlar turlicha, hozircha oddiy bo'ldi.",neutral
9185,🤩 =) 😁,positive
9186,"Farg'onaga borish rejam buzildi, chiptalar bilan muammo bo'ldi, hafsalam pir bo'ldi. 💔",negative
9187,"shu hafta Samarqandga bordim, hamma narsa kayfiyatim ko'tarildi.",positive
9188,😍 ;) :) 🤩,positive
9189,"internet xizmati bilan muammo chiqdi, qo'llab-quvvatlash xizmati javob bermadi, hafsalam pir bo'ldi.",negative
9190,"Instagramdagi reklamalar juda asabga tegayapti, hafsalam pir bo'ldi. 😔 😔",negative
9191,"YouTubedagi reklamalar juda asabga tegayapti, afsuslandim.",negative
9192,😍 :) 😎,positive
9193,"video bo'yicha pul postini ko'rdim, fikir yo'q",neutral
9194,"📌 😶 Facebookda kitob haqida e'lon ko'rdim, hozircha faqat ma'lumot yig'ayapman, oddiy bo'ldi.",neutral
9195,"o'qib qo'ydim xolos, prosta savol 😶",neutral
9196,"📌 kelasi oy professor bilan qisqa suhbatlashdim, hech qanday o'zgarish sezilmadi.",neutral
9197,"YouTubeda yangi aviachiptalar haqida post ko'rdim, menga juda yoqdi, juda xursand bo'ldim.",positive
9198,"kecha rahbar bilan qisqa suhbatlashdim, shunchaki ma'lumot uchun.",neutral
9199,"ilova bilan muammo chiqdi, qo'llab-quvvatlash xizmati javob bermadi, xafa bo'ldim. 😔 😞",negative
9200,"bugun Andijonda dars bo'lib o'tdi, men faqat qatnashdim, shunchaki ma'lumot uchun. 🤔 😶",neutral
9201,"Facebookda kofe haqida e'lon ko'rdim, hozircha faqat ma'lumot yig'ayapman, hech qanday o'zgarish sezilmadi. 🤔",neutral
9202,"rahbar va'da qilgan ishini bajarmadi, natijadan hafsalam pir bo'ldi. 😢 😢",negative
9203,"Yangi mijozlarga xizmat ko'rsatish ishga tushdi, hozircha hammasi yaxshi ishlayapti, yoqib qoldi. 😎 😊",positive
9204,"mijozlarga xizmat ko'rsatish bilan muammo chiqdi, qo'llab-quvvatlash xizmati javob bermadi, noroziman.",negative
9205,"kelasi oy Toshkentga bordim, hamma narsa kayfiyatim ko'tarildi. 😍 🤩",positive
9206,"o'qib qo'ydim xolos, info uchun ??",neutral
9207,"😶 😐 o'tgan oy direktor bilan qisqa suhbatlashdim, oddiy bo'ldi.",neutral
9208,"kelasi oy Namanganga bordim, hamma narsa hayratda qoldim.",positive
9209,"do'stlar nimadir yozibdi, lekin men uchun ko'rdim xolos ℹ️",neutral
9210,"ilova bo'yicha texnika mavzusi zo'r chiqibdi, top 😍",positive
9211,"uchrashuv juda samarali o'tdi, professor tushuntirgan mavzu juda foydali bo'ldi, yoqib qoldi.",positive
9212,"🤔 bank xizmati bo'yicha yangilanish chiqdi, lekin hozircha hech qanday o'zgarish sezilmadi.",neutral
9213,"😐 noutbuk haqida fikrlar turlicha, hozircha shunchaki ma'lumot uchun.",neutral
9214,"Twitterda yangi kofe haqida post ko'rdim, menga juda yoqdi, yoqib qoldi.",positive
9215,"✨ Yangi kuryer xizmati ishga tushdi, hozircha hammasi yaxshi ishlayapti, juda xursand bo'ldim.",positive
9216,"😢 Buxoroga borish rejam buzildi, chiptalar bilan muammo bo'ldi, xafa bo'ldim.",negative
9217,"bloger juda chiroyli tushuntiribdi, rahmat, zo'r ekan ;)",positive
9218,"Yangi mijozlarga xizmat ko'rsatish ishga tushdi, hozircha hammasi yaxshi ishlayapti, juda xursand bo'ldim. 😍 😊",positive
9219,"😎 kelasi oy Toshkentga bordim, hamma narsa hayratda qoldim.",positive
9220,"👍 Andijondagi sayohatim ajoyib o'tdi, xizmatlar hammasi darajasida, yoqib qoldi.",positive
9221,"bugun do'stim bilan qisqa suhbatlashdim, hech qanday o'zgarish sezilmadi.",neutral
9222,"kecha Farg'onada imtihon bo'lib o'tdi, men faqat qatnashdim, oddatdagidek.",neutral
9223,"servis bo'yicha siyosat postini ko'rdim, bilmayman 🤔",neutral
9224,"😭 YouTubedagi reklamalar juda asabga tegayapti, afsuslandim.",negative
9225,"bugungi musiqa mavzusi zerikarli bo'ldi, zerikarli 🤬",negative
9226,"Samsung A55 haqida fikrlar turlicha, hozircha hech qanday o'zgarish sezilmadi.",neutral
9227,"bugungi siyosat mavzusi zerikarli bo'ldi, yoqmadi 🤬",negative
9228,"Andijonga borish rejam buzildi, chiptalar bilan muammo bo'ldi, afsuslandim. 😞",negative
9229,"bugungi blog mavzusi zerikarli bo'ldi, bekor ekan 🤦‍♀️",negative
9230,"admin umuman tushuntira olmadi, juda yomon 🤦‍♀️",negative
9231,"Instagramda yangi noutbuk haqida post ko'rdim, menga juda yoqdi, zo'r bo'ldi. 👍",positive
9232,"dastur sifati yana tushib ketgan, hech nima tushunmadim 🤦‍♂️",negative
9233,"😍 🥰 bugun Buxoroga bordim, hamma narsa yoqib qoldi.",positive
9234,:) 👍,positive
9235,"bugungi video haqidagi kommentlar videolari yoqdi, menga yoqdi",positive
9236,ko'rdim xolos 📌,neutral
9237,;) 👍,positive
9238,"💔 Samsung A55 sifati kutilganidek emas, juda sust ishlayapti, umuman yoqmadi.",negative
9239,"😭 bank xizmati bilan muammo chiqdi, qo'llab-quvvatlash xizmati javob bermadi, umuman yoqmadi.",negative
9240,"bugun Qo'qonga bordim, hamma narsa juda xursand bo'ldim. 😄",positive
9241,"kecha Farg'onada bo'lgan seminar menga umuman yoqmadi, noroziman.",negative
9242,ℹ️ 🤔,neutral
9243,"YouTubeda yangi noutbuk haqida post ko'rdim, menga juda yoqdi, juda xursand bo'ldim.",positive
9244,"kommentlarda hammasi urush, qattiq hafsalam pir bo'ldi 😔",negative
9245,"👎 o'tgan oy Xivada bo'lgan dars menga umuman yoqmadi, juda jahlim chiqdi.",negative
9246,"✨ majlis juda samarali o'tdi, hamkasbim tushuntirgan mavzu juda foydali bo'ldi, zo'r bo'ldi.",positive
9247,💔 >:( 😔,negative
9248,"kommentlarni o'qidim, norm 😶",neutral
9249,nogiron qilindi 😢,negative
9250,"planshet sifati kutilganidek emas, juda sust ishlayapti, umuman yoqmadi. 💔",negative
9251,"Andijon haqida yangilik o'qidim, oddatdagidek. 📌",neutral
9252,"yana shunaqa reklama chiqdi, charchatdi 😞",negative
9253,"🥰 noutbuk sotib oldim, narxi arzon emas, lekin sifati uchun kayfiyatim ko'tarildi.",positive
9254,"kelasi oy Buxoroga bordim, hamma narsa hayratda qoldim.",positive
9255,"o'qib qo'ydim xolos, neytralman 🙄",neutral
9256,"dars juda samarali o'tdi, direktor tushuntirgan mavzu juda foydali bo'ldi, juda xursand bo'ldim.",positive
9257,"bugungi kommentlar mavzusi zerikarli bo'ldi, bekor ketdi hamma narsasi 💔",negative
9258,"😊 Andijondagi sayohatim ajoyib o'tdi, xizmatlar hammasi darajasida, zo'r bo'ldi.",positive
9259,bombaaa 👍,positive
9260,zor 👍,positive
9261,"imtihon juda samarali o'tdi, direktor tushuntirgan mavzu juda foydali bo'ldi, kayfiyatim ko'tarildi. 😊 😍",positive
9262,kommentlarni o'qib rostdan ham kontent yoqdi 😄,positive
9263,"Namangandagi sayohatim ajoyib o'tdi, xizmatlar hammasi darajasida, zo'r bo'ldi. 👍 😄",positive
9264,"😎 😊 dars juda samarali o'tdi, o'qituvchi tushuntirgan mavzu juda foydali bo'ldi, juda xursand bo'ldim.",positive
9265,"shu hafta Samarqandda bo'lgan seminar menga umuman yoqmadi, noroziman. 😢 😠",negative
9266,"🤔 planshet haqida fikrlar turlicha, hozircha shunchaki ma'lumot uchun.",neutral
9267,"ertaga Andijonga bordim, hamma narsa kayfiyatim ko'tarildi. 🤩",positive
9268,"😭 kecha Andijonda bo'lgan majlis menga umuman yoqmadi, noroziman.",negative
9269,"Samarqand haqida yangilik o'qidim, oddiy bo'ldi.",neutral
9270,🤩,positive
9271,"Farg'onadagi sayohatim ajoyib o'tdi, xizmatlar hammasi darajasida, yoqib qoldi. 🤩",positive
9272,"✨ 😊 YouTubeda yangi kitob haqida post ko'rdim, menga juda yoqdi, juda xursand bo'ldim.",positive
9273,"Samarqand haqida yangilik o'qidim, oddatdagidek. 😶",neutral
9274,"😎 Yangi mijozlarga xizmat ko'rsatish ishga tushdi, hozircha hammasi yaxshi ishlayapti, kayfiyatim ko'tarildi.",positive
9275,"Yangi kuryer xizmati ishga tushdi, hozircha hammasi yaxshi ishlayapti, zo'r bo'ldi.",positive
9276,"Toshkentdagi sayohatim ajoyib o'tdi, xizmatlar hammasi darajasida, yoqib qoldi. 🥰",positive
9277,"odamlar umuman tushuntira olmadi, tavsiya etmayman :'(",negative
9278,"do'stim va'da qilgan ishini bajarmadi, natijadan umuman yoqmadi. 😢",negative
9279,"✨ o'tgan oy Toshkentga bordim, hamma narsa yoqib qoldi.",positive
9280,"aviachiptalar haqida fikrlar turlicha, hozircha oddiy bo'ldi.",neutral
9281,super,positive
9282,"😎 konferensiya juda samarali o'tdi, dekan tushuntirgan mavzu juda foydali bo'ldi, hayratda qoldim.",positive
9283,"Yangi internet xizmati ishga tushdi, hozircha hammasi yaxshi ishlayapti, zo'r bo'ldi. 🥰 🥰",positive
9284,😢 😔,negative
9285,"Farg'onaga borish rejam buzildi, chiptalar bilan muammo bo'ldi, afsuslandim.",negative
9286,"😐 ℹ️ aviachiptalar haqida fikrlar turlicha, hozircha oddiy bo'ldi.",neutral
9287,"📌 Andijon haqida yangilik o'qidim, hech qanday o'zgarish sezilmadi.",neutral
9288,nogiron qilindi 😠,negative
9289,"seminar juda samarali o'tdi, professor tushuntirgan mavzu juda foydali bo'ldi, yoqib qoldi. 😁 😄",positive
9290,"bloger nimadir yozibdi, lekin men uchun info uchun ℹ️",neutral
9291,"shu hafta Farg'onaga bordim, hamma narsa yoqib qoldi. 😄",positive
9292,"🙄 🙄 Telegramda kofe haqida e'lon ko'rdim, hozircha faqat ma'lumot yig'ayapman, hech qanday o'zgarish sezilmadi.",neutral
9293,"kecha direktor bilan qisqa suhbatlashdim, shunchaki ma'lumot uchun. ℹ️",neutral
9294,"🤬 Xivaga borish rejam buzildi, chiptalar bilan muammo bo'ldi, hafsalam pir bo'ldi.",negative
9295,"kecha Farg'onaga bordim, hamma narsa kayfiyatim ko'tarildi. 😁 😁",positive
9296,"majlis juda samarali o'tdi, o'qituvchi tushuntirgan mavzu juda foydali bo'ldi, hayratda qoldim.",positive
9297,"ertaga Qo'qonda majlis bo'lib o'tdi, men faqat qatnashdim, hech qanday o'zgarish sezilmadi.",neutral
9298,juda yomon :(,negative
9299,"📌 iPhone 15 haqida fikrlar turlicha, hozircha hech qanday o'zgarish sezilmadi.",neutral
9300,bombaaa 🥰,positive
9301,"Yangi dastur ishga tushdi, hozircha hammasi yaxshi ishlayapti, hayratda qoldim. 😄",positive
9302,"😄 Yangi mijozlarga xizmat ko'rsatish ishga tushdi, hozircha hammasi yaxshi ishlayapti, hayratda qoldim.",positive
9303,"shu hafta Toshkentga bordim, hamma narsa yoqib qoldi.",positive
9304,"servis sifati yana tushib ketgan, umuman yoqmaydi 😡",negative
9305,🤩 =),positive
9306,"seminar juda samarali o'tdi, do'stim tushuntirgan mavzu juda foydali bo'ldi, mamnunman.",positive
9307,"bugungi futbol mavzusi zerikarli bo'ldi, qattiq hafsalam pir bo'ldi",negative
9308,"👍 ertaga Buxoroga bordim, hamma narsa yoqib qoldi.",positive
9309,"internet xizmati bo'yicha yangilanish chiqdi, lekin hozircha hech qanday o'zgarish sezilmadi.",neutral
9310,"😐 bugun Xivada imtihon bo'lib o'tdi, men faqat qatnashdim, oddiy bo'ldi.",neutral
9311,"seminar juda samarali o'tdi, direktor tushuntirgan mavzu juda foydali bo'ldi, mamnunman.",positive
9312,norm 🤔,neutral
9313,"😞 YouTubedagi reklamalar juda asabga tegayapti, hafsalam pir bo'ldi.",negative
9314,"😎 Yangi dastur ishga tushdi, hozircha hammasi yaxshi ishlayapti, mamnunman.",positive
9315,zo'r 🥰,positive
9316,"😎 🥰 imtihon juda samarali o'tdi, direktor tushuntirgan mavzu juda foydali bo'ldi, hayratda qoldim.",positive
9317,😡 :'(,negative
9318,"kommentlarda hammasi urush, umuman yoqmaydi 🤬",negative
9319,"noutbuk sotib oldim, narxi arzon emas, lekin sifati uchun hayratda qoldim.",positive
9320,,
9321,"imtihon juda samarali o'tdi, o'qituvchi tushuntirgan mavzu juda foydali bo'ldi, mamnunman. 👍 😄",positive
9322,"kuryer xizmati bo'yicha yangilanish chiqdi, lekin hozircha shunchaki ma'lumot uchun.",neutral
9323,"shu hafta Namanganga bordim, hamma narsa zo'r bo'ldi. 😁",positive
9324,"bugun Andijonga bordim, hamma narsa zo'r bo'ldi.",positive
9325,"ilova bo'yicha yangilanish chiqdi, lekin hozircha neytral qarayman.",neutral
9326,"uchrashuv juda samarali o'tdi, rahbar tushuntirgan mavzu juda foydali bo'ldi, kayfiyatim ko'tarildi. 👍 😎",positive
9327,"✨ shu hafta Xivaga bordim, hamma narsa yoqib qoldi.",positive
9328,"😡 Telegramdagi reklamalar juda asabga tegayapti, afsuslandim.",negative
9329,pulga achindim 😭,negative
9330,"ℹ️ kofe haqida fikrlar turlicha, hozircha neytral qarayman.",neutral
9331,"👍 konferensiya juda samarali o'tdi, do'stim tushuntirgan mavzu juda foydali bo'ldi, juda xursand bo'ldim.",positive
9332,"kommentlarni o'qidim, neytralman 📌",neutral
9333,"odamlar juda chiroyli tushuntiribdi, klass 😄",positive
9334,"Yangi kuryer xizmati ishga tushdi, hozircha hammasi yaxshi ishlayapti, hayratda qoldim. 🤩",positive
9335,"😶 Xiva haqida yangilik o'qidim, oddiy bo'ldi.",neutral
9336,"kelasi oy Namanganda dars bo'lib o'tdi, men faqat qatnashdim, shunchaki ma'lumot uchun. ℹ️ 🤔",neutral
9337,"😢 bugun Toshkentda bo'lgan imtihon menga umuman yoqmadi, hafsalam pir bo'ldi.",negative
9338,"Namangandagi sayohatim ajoyib o'tdi, xizmatlar hammasi darajasida, yoqib qoldi.",positive
9339,"Yangi telefon operatori ishga tushdi, hozircha hammasi yaxshi ishlayapti, mamnunman.",positive
9340,"post bo'yicha siyosat mavzusi zo'r chiqibdi, rosa yoqdi 😄",positive
9341,"Yangi mijozlarga xizmat ko'rsatish ishga tushdi, hozircha hammasi yaxshi ishlayapti, juda xursand bo'ldim.",positive
9342,"post sifati yana tushib ketgan, tavsiya etmayman 😞",negative
9343,"Yangi internet xizmati ishga tushdi, hozircha hammasi yaxshi ishlayapti, yoqib qoldi. 😁 😎",positive
9344,"Namangan haqida yangilik o'qidim, neytral qarayman. 😶",neutral
9345,"noutbuk sotib oldim, narxi arzon emas, lekin sifati uchun hayratda qoldim. 😁",positive
9346,"Facebookda yangi aviachiptalar haqida post ko'rdim, menga juda yoqdi, yoqib qoldi. 😁",positive
9347,"🥰 ertaga Toshkentga bordim, hamma narsa mamnunman.",positive
9348,:'( 👎 >:(,negative
9349,"kecha Toshkentda dars bo'lib o'tdi, men faqat qatnashdim, shunchaki ma'lumot uchun. 🙄",neutral
9350,"Facebookda iPhone 15 haqida e'lon ko'rdim, hozircha faqat ma'lumot yig'ayapman, shunchaki ma'lumot uchun. ℹ️",neutral
9351,"planshet haqida fikrlar turlicha, hozircha oddatdagidek. 🤔 😶",neutral
9352,"post bo'yicha yangiliklar postini ko'rdim, prosta savol 📌",neutral
9353,"ilova bo'yicha yangiliklar mavzusi zo'r chiqibdi, gap yo'q",positive
9354,"😍 kelasi oy Samarqandga bordim, hamma narsa hayratda qoldim.",positive
9355,"imtihon juda samarali o'tdi, dekan tushuntirgan mavzu juda foydali bo'ldi, hayratda qoldim.",positive
9356,"😍 aviachiptalar sotib oldim, narxi arzon emas, lekin sifati uchun hayratda qoldim.",positive
9357,"kommentlarda hammasi urush, umuman yoqmaydi 🤦‍♀️",negative
9358,"aviachiptalar sotib oldim, narxi arzon emas, lekin sifati uchun juda xursand bo'ldim. ✨",positive
9359,"o'tgan oy Toshkentda seminar bo'lib o'tdi, men faqat qatnashdim, oddiy bo'ldi. 🤔",neutral
9360,"💔 Buxoroga borish rejam buzildi, chiptalar bilan muammo bo'ldi, hafsalam pir bo'ldi.",negative
9361,"o'qib qo'ydim xolos, prosta savol ...",neutral
9362,"ertaga rahbar bilan qisqa suhbatlashdim, oddatdagidek. 😐 ℹ️",neutral
9363,"bank xizmati bilan muammo chiqdi, qo'llab-quvvatlash xizmati javob bermadi, umuman yoqmadi. 😡 😭",negative
9364,"😊 o'tgan oy Buxoroga bordim, hamma narsa mamnunman.",positive
9365,"👍 Yangi mijozlarga xizmat ko'rsatish ishga tushdi, hozircha hammasi yaxshi ishlayapti, kayfiyatim ko'tarildi.",positive
9366,"kuryer xizmati bilan muammo chiqdi, qo'llab-quvvatlash xizmati javob bermadi, umuman yoqmadi. 👎 👎",negative
9367,"Telegramda Samsung A55 haqida e'lon ko'rdim, hozircha faqat ma'lumot yig'ayapman, hech qanday o'zgarish sezilmadi. 🤔",neutral
9368,"📌 Telegramda kitob haqida e'lon ko'rdim, hozircha faqat ma'lumot yig'ayapman, shunchaki ma'lumot uchun.",neutral
9369,"bugungi video haqidagi siyosat videolari yoqdi, otliii 🥰",positive
9370,"odamlar umuman tushuntira olmadi, bekor ekan 😢",negative
9371,"YouTubeda yangi noutbuk haqida post ko'rdim, menga juda yoqdi, zo'r bo'ldi.",positive
9372,"Buxoroga borish rejam buzildi, chiptalar bilan muammo bo'ldi, xafa bo'ldim.",negative
9373,"ilova bilan muammo chiqdi, qo'llab-quvvatlash xizmati javob bermadi, xafa bo'ldim. 💔 😔",negative
9374,"bugungi telegram kanal haqidagi texnika videolari yoqdi, klass ❤️",positive
9375,"kelasi oy Andijonda seminar bo'lib o'tdi, men faqat qatnashdim, hech qanday o'zgarish sezilmadi. 🤔",neutral
9376,👎 😢,negative
9377,kulib qo'ydim xolos :|,neutral
9378,"🤔 Farg'ona haqida yangilik o'qidim, shunchaki ma'lumot uchun.",neutral
9379,"Twitterda Redmi Note 13 haqida e'lon ko'rdim, hozircha faqat ma'lumot yig'ayapman, shunchaki ma'lumot uchun.",neutral
9380,"YouTubeda iPhone 15 haqida e'lon ko'rdim, hozircha faqat ma'lumot yig'ayapman, oddatdagidek. 😶",neutral
9381,"😔 internet xizmati bilan muammo chiqdi, qo'llab-quvvatlash xizmati javob bermadi, juda jahlim chiqdi.",negative
9382,"Yangi mijozlarga xizmat ko'rsatish ishga tushdi, hozircha hammasi yaxshi ishlayapti, yoqib qoldi. ✨ 👍",positive
9383,"ertaga do'stim bilan qisqa suhbatlashdim, oddiy bo'ldi.",neutral
9384,"😎 Yangi telefon operatori ishga tushdi, hozircha hammasi yaxshi ishlayapti, zo'r bo'ldi.",positive
9385,"shu hafta Farg'onada bo'lgan majlis menga umuman yoqmadi, noroziman.",negative
9386,"konferensiya juda samarali o'tdi, direktor tushuntirgan mavzu juda foydali bo'ldi, mamnunman. 😍 😄",positive
9387,"😐 kelasi oy o'qituvchi bilan qisqa suhbatlashdim, hech qanday o'zgarish sezilmadi.",neutral
9388,"kelasi oy Andijonga bordim, hamma narsa yoqib qoldi.",positive
9389,bekor ekan :'(,negative
9390,"😭 hamkasbim va'da qilgan ishini bajarmadi, natijadan afsuslandim.",negative
9391,otliii 🔥,positive
9392,"konferensiya juda samarali o'tdi, dekan tushuntirgan mavzu juda foydali bo'ldi, mamnunman. 🥰",positive
9393,"Redmi Note 13 haqida fikrlar turlicha, hozircha neytral qarayman. 📌 🙄",neutral
9394,nogiron qilindi 😞,negative
9395,"o'tgan oy rahbar bilan qisqa suhbatlashdim, oddiy bo'ldi.",neutral
9396,"iPhone 15 sotib oldim, narxi arzon emas, lekin sifati uchun hayratda qoldim.",positive
9397,"🤩 Namangandagi sayohatim ajoyib o'tdi, xizmatlar hammasi darajasida, kayfiyatim ko'tarildi.",positive
9398,"iPhone 15 sotib oldim, narxi arzon emas, lekin sifati uchun yoqib qoldi. 🥰",positive
9399,"kecha Xivada bo'lgan seminar menga umuman yoqmadi, xafa bo'ldim. 👎",negative
9400,"telegram kanal bo'yicha talim mavzusi zo'r chiqibdi, zor",positive
9401,"bugungi blog mavzusi zerikarli bo'ldi, servis noldan ham past 💔",negative
9402,😍 ;) 👍,positive
9403,kommentlarni o'qib rostdan ham otliii 🤩,positive
9404,"o'qib qo'ydim xolos, shunchaki",neutral
9405,"konferensiya juda samarali o'tdi, direktor tushuntirgan mavzu juda foydali bo'ldi, kayfiyatim ko'tarildi. ✨",positive
9406,"bloger juda chiroyli tushuntiribdi, klass 🔥",positive
9407,"🙄 😐 ertaga Andijonda uchrashuv bo'lib o'tdi, men faqat qatnashdim, oddiy bo'ldi.",neutral
9408,"😄 👍 Qo'qondagi sayohatim ajoyib o'tdi, xizmatlar hammasi darajasida, mamnunman.",positive
9409,"internet sifati yana tushib ketgan, yoqmadi 😭",negative
9410,"seminar juda samarali o'tdi, o'qituvchi tushuntirgan mavzu juda foydali bo'ldi, kayfiyatim ko'tarildi. 🤩",positive
9411,"😞 Samarqandga borish rejam buzildi, chiptalar bilan muammo bo'ldi, noroziman.",negative
9412,"opa umuman tushuntira olmadi, aldashdi 🤦‍♂️",negative
9413,"o'tgan oy professor bilan qisqa suhbatlashdim, oddatdagidek. 😶",neutral
9414,"Redmi Note 13 sotib oldim, narxi arzon emas, lekin sifati uchun mamnunman. 🥰",positive
9415,"ℹ️ ertaga Buxoroda uchrashuv bo'lib o'tdi, men faqat qatnashdim, shunchaki ma'lumot uchun.",neutral
9416,"🙄 ilova bo'yicha yangilanish chiqdi, lekin hozircha oddiy bo'ldi.",neutral
9417,"bugun Samarqandda bo'lgan konferensiya menga umuman yoqmadi, juda jahlim chiqdi.",negative
9418,"post sifati yana tushib ketgan, umuman yoqmaydi 👎",negative
9419,"🥰 😊 Yangi telefon operatori ishga tushdi, hozircha hammasi yaxshi ishlayapti, hayratda qoldim.",positive
9420,"kecha Qo'qonga bordim, hamma narsa hayratda qoldim. 😊",positive
9421,"📌 bank xizmati bo'yicha yangilanish chiqdi, lekin hozircha hech qanday o'zgarish sezilmadi.",neutral
9422,"kelasi oy Qo'qonda uchrashuv bo'lib o'tdi, men faqat qatnashdim, neytral qarayman. 🤔",neutral
9423,"Twitterda kofe haqida e'lon ko'rdim, hozircha faqat ma'lumot yig'ayapman, oddiy bo'ldi.",neutral
9424,"o'tgan oy Toshkentda seminar bo'lib o'tdi, men faqat qatnashdim, hech qanday o'zgarish sezilmadi. 🙄",neutral
9425,"🙄 ertaga Andijonda imtihon bo'lib o'tdi, men faqat qatnashdim, oddiy bo'ldi.",neutral
9426,"iPhone 15 haqida fikrlar turlicha, hozircha hech qanday o'zgarish sezilmadi.",neutral
9427,"Yangi internet xizmati ishga tushdi, hozircha hammasi yaxshi ishlayapti, zo'r bo'ldi. 😎 🤩",positive
9428,"😍 Yangi kuryer xizmati ishga tushdi, hozircha hammasi yaxshi ishlayapti, kayfiyatim ko'tarildi.",positive
9429,:'( 😔 👎 =/,negative
9430,"📌 📌 ertaga Xivada majlis bo'lib o'tdi, men faqat qatnashdim, shunchaki ma'lumot uchun.",neutral
9431,gap yo'q 👍,positive
9432,"😁 konferensiya juda samarali o'tdi, direktor tushuntirgan mavzu juda foydali bo'ldi, yoqib qoldi.",positive
9433,"Farg'ona haqida yangilik o'qidim, oddatdagidek. 🙄 🤔",neutral
9434,"kecha dekan bilan qisqa suhbatlashdim, neytral qarayman. 📌",neutral
9435,"telegram kanal sifati yana tushib ketgan, bunday bo'lmasligi kerak edi 😞",negative
9436,"💔 😔 kuryer xizmati bilan muammo chiqdi, qo'llab-quvvatlash xizmati javob bermadi, afsuslandim.",negative
9437,"😶 bugun Samarqandda majlis bo'lib o'tdi, men faqat qatnashdim, oddatdagidek.",neutral
9438,"kelasi oy Xivada dars bo'lib o'tdi, men faqat qatnashdim, oddiy bo'ldi. ℹ️",neutral
9439,"😠 🤬 Facebookdagi reklamalar juda asabga tegayapti, umuman yoqmadi.",negative
9440,"Samsung A55 sotib oldim, narxi arzon emas, lekin sifati uchun yoqib qoldi. 😍 😊",positive
9441,"😄 ✨ seminar juda samarali o'tdi, professor tushuntirgan mavzu juda foydali bo'ldi, hayratda qoldim.",positive
9442,"kommentlarda hammasi urush, bekor ekan 😢",negative
9443,"Yangi mijozlarga xizmat ko'rsatish ishga tushdi, hozircha hammasi yaxshi ishlayapti, juda xursand bo'ldim. 😄",positive
9444,"bugungi dastur haqidagi texnika videolari yoqdi, chiqqan joyi yoqdi ✨",positive
9445,"Samarqand haqida yangilik o'qidim, oddatdagidek. ℹ️",neutral
9446,"kecha Samarqandga bordim, hamma narsa juda xursand bo'ldim.",positive
9447,😍 🔥,positive
9448,"ilova bilan muammo chiqdi, qo'llab-quvvatlash xizmati javob bermadi, noroziman. 👎",negative
9449,"video sifati yana tushib ketgan, aldashdi >:(",negative
9450,ko'rdim xolos :|,neutral
9451,😄 🤩,positive
9452,"dars juda samarali o'tdi, o'qituvchi tushuntirgan mavzu juda foydali bo'ldi, mamnunman.",positive
9453,"bloger umuman tushuntira olmadi, umuman yoqmaydi 😭",negative
9454,"oyin bo'yicha talim mavzusi zo'r chiqibdi, super 🔥",positive
9455,kontent yoqdi ;),positive
9456,"shu hafta professor bilan qisqa suhbatlashdim, hech qanday o'zgarish sezilmadi. 🤔",neutral
9457,"internet xizmati bo'yicha yangilanish chiqdi, lekin hozircha oddiy bo'ldi.",neutral
9458,"bugungi video haqidagi pul videolari yoqdi, menga yoqdi ✨",positive
9459,"👍 Yangi bank xizmati ishga tushdi, hozircha hammasi yaxshi ishlayapti, kayfiyatim ko'tarildi.",positive
9460,"Samarqandga borish rejam buzildi, chiptalar bilan muammo bo'ldi, juda jahlim chiqdi. 😔",negative
9461,"Instagramdagi reklamalar juda asabga tegayapti, noroziman. 😭",negative
9462,"oyin bo'yicha kino postini ko'rdim, hech narsa o'zgarmadi",neutral
9463,"😞 👎 Andijonga borish rejam buzildi, chiptalar bilan muammo bo'ldi, afsuslandim.",negative
9464,"seminar juda samarali o'tdi, dekan tushuntirgan mavzu juda foydali bo'ldi, juda xursand bo'ldim.",positive
9465,"ilova bo'yicha yangiliklar postini ko'rdim, kulib qo'ydim xolos 📌",neutral
9466,servis noldan ham past 😔,negative
9467,❤️ 🔥 ✨ 😁,positive
9468,"kelasi oy Samarqandga bordim, hamma narsa juda xursand bo'ldim.",positive
9469,"🥰 Yangi kuryer xizmati ishga tushdi, hozircha hammasi yaxshi ishlayapti, juda xursand bo'ldim.",positive
9470,;) 🔥 🔥 😎,positive
9471,🤬 >:( 😭,negative
9472,neytralman !?,neutral
9473,"Telegramda yangi kitob haqida post ko'rdim, menga juda yoqdi, mamnunman.",positive
9474,:),positive
9475,"Facebookda yangi kofe haqida post ko'rdim, menga juda yoqdi, juda xursand bo'ldim.",positive
9476,"uchrashuv juda samarali o'tdi, hamkasbim tushuntirgan mavzu juda foydali bo'ldi, yoqib qoldi. 😄",positive
9477,"konferensiya juda samarali o'tdi, o'qituvchi tushuntirgan mavzu juda foydali bo'ldi, mamnunman.",positive
9478,"kelasi oy direktor bilan qisqa suhbatlashdim, oddiy bo'ldi. 😶",neutral
9479,"kecha Buxoroga bordim, hamma narsa juda xursand bo'ldim.",positive
9480,"🤔 kelasi oy o'qituvchi bilan qisqa suhbatlashdim, shunchaki ma'lumot uchun.",neutral
9481,"kommentlarda hammasi urush, hech nima tushunmadim 🤦‍♂️",negative
9482,"ertaga Namanganda bo'lgan uchrashuv menga umuman yoqmadi, afsuslandim. 😭",negative
9483,"😊 seminar juda samarali o'tdi, rahbar tushuntirgan mavzu juda foydali bo'ldi, yoqib qoldi.",positive
9484,"ertaga Toshkentga bordim, hamma narsa yoqib qoldi.",positive
9485,"kecha Farg'onada majlis bo'lib o'tdi, men faqat qatnashdim, neytral qarayman.",neutral
9486,"post bo'yicha texnika postini ko'rdim, ok",neutral
9487,"ℹ️ 📌 kecha hamkasbim bilan qisqa suhbatlashdim, oddiy bo'ldi.",neutral
9488,"seminar juda samarali o'tdi, rahbar tushuntirgan mavzu juda foydali bo'ldi, hayratda qoldim. 🥰",positive
9489,😢 💔 😔 😢,negative
9490,kulib qo'ydim xolos ℹ️,neutral
9491,"opa juda chiroyli tushuntiribdi, otliii",positive
9492,"😁 Buxorodagi sayohatim ajoyib o'tdi, xizmatlar hammasi darajasida, mamnunman.",positive
9493,"😊 YouTubeda yangi Samsung A55 haqida post ko'rdim, menga juda yoqdi, mamnunman.",positive
9494,"💔 😭 hamkasbim va'da qilgan ishini bajarmadi, natijadan juda jahlim chiqdi.",negative
9495,"Samsung A55 sotib oldim, narxi arzon emas, lekin sifati uchun zo'r bo'ldi. 🤩 🥰",positive
9496,"telegram kanal sifati yana tushib ketgan, umidsizlik 😢",negative
9497,"aka umuman tushuntira olmadi, bekor ketdi hamma narsasi 😢",negative
9498,"majlis juda samarali o'tdi, rahbar tushuntirgan mavzu juda foydali bo'ldi, hayratda qoldim.",positive
9499,"Namangandagi sayohatim ajoyib o'tdi, xizmatlar hammasi darajasida, juda xursand bo'ldim. 😁 👍",positive
9500,"Redmi Note 13 haqida fikrlar turlicha, hozircha neytral qarayman.",neutral
9501,"🙄 Samsung A55 haqida fikrlar turlicha, hozircha hech qanday o'zgarish sezilmadi.",neutral
9502,"Instagramdagi reklamalar juda asabga tegayapti, juda jahlim chiqdi.",negative
9503,"Namangandagi sayohatim ajoyib o'tdi, xizmatlar hammasi darajasida, kayfiyatim ko'tarildi. 🥰",positive
9504,"Namanganga borish rejam buzildi, chiptalar bilan muammo bo'ldi, umuman yoqmadi.",negative
9505,"🥰 😄 o'tgan oy Andijonga bordim, hamma narsa zo'r bo'ldi.",positive
9506,"Telegramdagi reklamalar juda asabga tegayapti, xafa bo'ldim.",negative
9507,"😍 😄 Facebookda yangi kitob haqida post ko'rdim, menga juda yoqdi, mamnunman.",positive
9508,"ilova bo'yicha talim mavzusi zo'r chiqibdi, chiqqan joyi yoqdi 😍",positive
9509,"kommentlarni o'qidim, info uchun ✍️",neutral
9510,"bugungi dastur haqidagi talim videolari yoqdi, super 😎",positive
9511,"imtihon juda samarali o'tdi, o'qituvchi tushuntirgan mavzu juda foydali bo'ldi, hayratda qoldim. 😄 😍",positive
9512,"Telegramdagi reklamalar juda asabga tegayapti, xafa bo'ldim. 😭",negative
9513,"😄 Namangandagi sayohatim ajoyib o'tdi, xizmatlar hammasi darajasida, zo'r bo'ldi.",positive
9514,"bugun rahbar bilan qisqa suhbatlashdim, hech qanday o'zgarish sezilmadi.",neutral
9515,"bugungi ilova haqidagi texnika videolari yoqdi, zor ✨",positive
9516,"👍 😊 Facebookda yangi kitob haqida post ko'rdim, menga juda yoqdi, hayratda qoldim.",positive
9517,"👍 kofe sotib oldim, narxi arzon emas, lekin sifati uchun zo'r bo'ldi.",positive
9518,"Namangandagi sayohatim ajoyib o'tdi, xizmatlar hammasi darajasida, zo'r bo'ldi. 😍",positive
9519,"bugun Samarqandda dars bo'lib o'tdi, men faqat qatnashdim, shunchaki ma'lumot uchun.",neutral
9520,"kecha Farg'onada bo'lgan konferensiya menga umuman yoqmadi, noroziman. 🤬",negative
9521,"😊 dars juda samarali o'tdi, rahbar tushuntirgan mavzu juda foydali bo'ldi, mamnunman.",positive
9522,"😊 konferensiya juda samarali o'tdi, o'qituvchi tushuntirgan mavzu juda foydali bo'ldi, zo'r bo'ldi.",positive
9523,"kofe sotib oldim, narxi arzon emas, lekin sifati uchun zo'r bo'ldi. 🤩",positive
9524,?? 😐 ??,neutral
9525,"YouTubedagi reklamalar juda asabga tegayapti, hafsalam pir bo'ldi. 😠",negative
9526,"ertaga dekan bilan qisqa suhbatlashdim, neytral qarayman.",neutral
9527,😠 😔 🤬,negative
9528,"Samarqanddagi sayohatim ajoyib o'tdi, xizmatlar hammasi darajasida, kayfiyatim ko'tarildi. 😁",positive
9529,"dastur bilan muammo chiqdi, qo'llab-quvvatlash xizmati javob bermadi, juda jahlim chiqdi. 😠",negative
9530,kommentlarni o'qib rostdan ham rosa yoqdi,positive
9531,"🙄 🤔 kecha hamkasbim bilan qisqa suhbatlashdim, oddiy bo'ldi.",neutral
9532,"Twitterdagi reklamalar juda asabga tegayapti, xafa bo'ldim. 😔",negative
9533,"kecha Farg'onada dars bo'lib o'tdi, men faqat qatnashdim, neytral qarayman. 📌",neutral
9534,ℹ️ ...,neutral
9535,??,neutral
9536,"📌 📌 kecha hamkasbim bilan qisqa suhbatlashdim, neytral qarayman.",neutral
9537,"👍 🤩 Xivadagi sayohatim ajoyib o'tdi, xizmatlar hammasi darajasida, kayfiyatim ko'tarildi.",positive
9538,"bugungi talim mavzusi zerikarli bo'ldi, tavsiya etmayman 😞",negative
9539,"Facebookda yangi aviachiptalar haqida post ko'rdim, menga juda yoqdi, kayfiyatim ko'tarildi.",positive
9540,🤦‍♀️ 🤬,negative
9541,"shu hafta Toshkentda seminar bo'lib o'tdi, men faqat qatnashdim, hech qanday o'zgarish sezilmadi.",neutral
9542,"kelasi oy Andijonda dars bo'lib o'tdi, men faqat qatnashdim, oddatdagidek.",neutral
9543,"Samsung A55 haqida fikrlar turlicha, hozircha shunchaki ma'lumot uchun. 🙄",neutral
9544,"video bo'yicha kino mavzusi zo'r chiqibdi, chiqqan joyi yoqdi",positive
9545,"bugungi siyosat mavzusi zerikarli bo'ldi, bekor ketdi hamma narsasi",negative
9546,"dastur bilan muammo chiqdi, qo'llab-quvvatlash xizmati javob bermadi, hafsalam pir bo'ldi. 🤬",negative
9547,"Buxorodagi sayohatim ajoyib o'tdi, xizmatlar hammasi darajasida, mamnunman. 👍",positive
9548,"o'tgan oy dekan bilan qisqa suhbatlashdim, hech qanday o'zgarish sezilmadi. 🤔",neutral
9549,"😞 Facebookdagi reklamalar juda asabga tegayapti, afsuslandim.",negative
9550,"aviachiptalar sotib oldim, narxi arzon emas, lekin sifati uchun hayratda qoldim. 😄 😍",positive
9551,"😍 kecha Qo'qonga bordim, hamma narsa yoqib qoldi.",positive
9552,"ℹ️ 🤔 shu hafta Farg'onada majlis bo'lib o'tdi, men faqat qatnashdim, oddiy bo'ldi.",neutral
9553,"😢 o'qituvchi va'da qilgan ishini bajarmadi, natijadan hafsalam pir bo'ldi.",negative
9554,"Twitterda yangi planshet haqida post ko'rdim, menga juda yoqdi, hayratda qoldim.",positive
9555,"Telegramda kofe haqida e'lon ko'rdim, hozircha faqat ma'lumot yig'ayapman, oddiy bo'ldi. 😐",neutral
9556,"YouTubeda yangi noutbuk haqida post ko'rdim, menga juda yoqdi, zo'r bo'ldi. 🥰",positive
9557,"😠 👎 Samsung A55 sifati kutilganidek emas, juda sust ishlayapti, umuman yoqmadi.",negative
9558,"o'tgan oy Andijonga bordim, hamma narsa mamnunman. 😁 😎",positive
9559,"😁 Yangi kuryer xizmati ishga tushdi, hozircha hammasi yaxshi ishlayapti, zo'r bo'ldi.",positive
9560,"ertaga Xivada konferensiya bo'lib o'tdi, men faqat qatnashdim, hech qanday o'zgarish sezilmadi.",neutral
9561,"servis sifati yana tushib ketgan, umidsizlik 👎",negative
9562,"kecha Toshkentga bordim, hamma narsa zo'r bo'ldi. ✨",positive
9563,"😠 do'stim va'da qilgan ishini bajarmadi, natijadan hafsalam pir bo'ldi.",negative
9564,"kecha Toshkentga bordim, hamma narsa kayfiyatim ko'tarildi. ✨",positive
9565,"bugungi sayt haqidagi texnika videolari yoqdi, zo'r ❤️",positive
9566,"internet sifati yana tushib ketgan, qattiq hafsalam pir bo'ldi 😞",negative
9567,"kelasi oy Xivaga bordim, hamma narsa hayratda qoldim. 😄",positive
9568,"oyin bo'yicha kino mavzusi zo'r chiqibdi, rahmat, zo'r ekan ;)",positive
9569,"YouTubeda iPhone 15 haqida e'lon ko'rdim, hozircha faqat ma'lumot yig'ayapman, shunchaki ma'lumot uchun.",neutral
9570,"instagram sahifa sifati yana tushib ketgan, zerikarli 😔",negative
9571,"bugun Samarqandda bo'lgan majlis menga umuman yoqmadi, hafsalam pir bo'ldi. 😔 🤬",negative
9572,"😄 Yangi kuryer xizmati ishga tushdi, hozircha hammasi yaxshi ishlayapti, kayfiyatim ko'tarildi.",positive
9573,"😁 kelasi oy Xivaga bordim, hamma narsa zo'r bo'ldi.",positive
9574,"😭 mijozlarga xizmat ko'rsatish bilan muammo chiqdi, qo'llab-quvvatlash xizmati javob bermadi, xafa bo'ldim.",negative
9575,"direktor va'da qilgan ishini bajarmadi, natijadan umuman yoqmadi.",negative
9576,"📌 shu hafta professor bilan qisqa suhbatlashdim, oddatdagidek.",neutral
9577,"Facebookda yangi Redmi Note 13 haqida post ko'rdim, menga juda yoqdi, mamnunman.",positive
9578,"Buxorodagi sayohatim ajoyib o'tdi, xizmatlar hammasi darajasida, hayratda qoldim.",positive
9579,"👍 Samsung A55 sotib oldim, narxi arzon emas, lekin sifati uchun mamnunman.",positive
9580,"Yangi mijozlarga xizmat ko'rsatish ishga tushdi, hozircha hammasi yaxshi ishlayapti, zo'r bo'ldi.",positive
9581,"do'stlar juda chiroyli tushuntiribdi, rosa yoqdi 😊",positive
9582,"Farg'onadagi sayohatim ajoyib o'tdi, xizmatlar hammasi darajasida, hayratda qoldim. ✨",positive
9583,"hamkasbim va'da qilgan ishini bajarmadi, natijadan juda jahlim chiqdi. 🤬 😭",negative
9584,🙄 ℹ️,neutral
9585,kommentlarni o'qib rostdan ham rosa yoqdi ✨,positive
9586,"bugun Qo'qonda majlis bo'lib o'tdi, men faqat qatnashdim, shunchaki ma'lumot uchun.",neutral
9587,"yana shunaqa reklama chiqdi, charchatdi 😢",negative
9588,"😍 kofe sotib oldim, narxi arzon emas, lekin sifati uchun zo'r bo'ldi.",positive
9589,"✨ 😊 Qo'qondagi sayohatim ajoyib o'tdi, xizmatlar hammasi darajasida, hayratda qoldim.",positive
9590,"Xivaga borish rejam buzildi, chiptalar bilan muammo bo'ldi, noroziman.",negative
9591,"Namangan haqida yangilik o'qidim, shunchaki ma'lumot uchun. 📌 🤔",neutral
9592,"internet xizmati bilan muammo chiqdi, qo'llab-quvvatlash xizmati javob bermadi, xafa bo'ldim. 😭",negative
9593,"🙄 ℹ️ ertaga o'qituvchi bilan qisqa suhbatlashdim, hech qanday o'zgarish sezilmadi.",neutral
9594,"😭 ertaga Toshkentda bo'lgan uchrashuv menga umuman yoqmadi, hafsalam pir bo'ldi.",negative
9595,"✨ Xivadagi sayohatim ajoyib o'tdi, xizmatlar hammasi darajasida, yoqib qoldi.",positive
9596,"😐 🙄 kecha Samarqandda majlis bo'lib o'tdi, men faqat qatnashdim, hech qanday o'zgarish sezilmadi.",neutral
9597,"iPhone 15 haqida fikrlar turlicha, hozircha shunchaki ma'lumot uchun. 🤔 😶",neutral
9598,"😞 dastur bilan muammo chiqdi, qo'llab-quvvatlash xizmati javob bermadi, umuman yoqmadi.",negative
9599,"bugun Qo'qonda majlis bo'lib o'tdi, men faqat qatnashdim, oddiy bo'ldi.",neutral
9600,"Yangi bank xizmati ishga tushdi, hozircha hammasi yaxshi ishlayapti, hayratda qoldim. 🥰",positive
9601,"Xivaga borish rejam buzildi, chiptalar bilan muammo bo'ldi, umuman yoqmadi. 🤬",negative
9602,"telegram kanal bo'yicha texnika postini ko'rdim, hech narsa o'zgarmadi ✍️",neutral
9603,"📌 😶 Telegramda iPhone 15 haqida e'lon ko'rdim, hozircha faqat ma'lumot yig'ayapman, oddatdagidek.",neutral
9604,"😞 Twitterdagi reklamalar juda asabga tegayapti, umuman yoqmadi.",negative
9605,😍 😊 :),positive
9606,"folloverlar umuman tushuntira olmadi, bunday bo'lmasligi kerak edi 😔",negative
9607,😊 🤩,positive
9608,"kelasi oy Toshkentga bordim, hamma narsa yoqib qoldi.",positive
9609,"konferensiya juda samarali o'tdi, dekan tushuntirgan mavzu juda foydali bo'ldi, juda xursand bo'ldim.",positive
9610,"😐 Samsung A55 haqida fikrlar turlicha, hozircha shunchaki ma'lumot uchun.",neutral
9611,"✨ 👍 Yangi internet xizmati ishga tushdi, hozircha hammasi yaxshi ishlayapti, juda xursand bo'ldim.",positive
9612,"kelasi oy Buxoroga bordim, hamma narsa juda xursand bo'ldim.",positive
9613,"😔 Namanganga borish rejam buzildi, chiptalar bilan muammo bo'ldi, umuman yoqmadi.",negative
9614,"😎 😎 dars juda samarali o'tdi, hamkasbim tushuntirgan mavzu juda foydali bo'ldi, kayfiyatim ko'tarildi.",positive
9615,"Toshkentdagi sayohatim ajoyib o'tdi, xizmatlar hammasi darajasida, kayfiyatim ko'tarildi. 😍",positive
9616,"🥰 noutbuk sotib oldim, narxi arzon emas, lekin sifati uchun hayratda qoldim.",positive
9617,"o'tgan oy Andijonga bordim, hamma narsa zo'r bo'ldi.",positive
9618,"ℹ️ 😐 Instagramda iPhone 15 haqida e'lon ko'rdim, hozircha faqat ma'lumot yig'ayapman, oddiy bo'ldi.",neutral
9619,"bugun Farg'onada bo'lgan imtihon menga umuman yoqmadi, noroziman. 🤬 😡",negative
9620,"💔 YouTubedagi reklamalar juda asabga tegayapti, noroziman.",negative
9621,"😍 🥰 noutbuk sotib oldim, narxi arzon emas, lekin sifati uchun zo'r bo'ldi.",positive
9622,"Yangi ilova ishga tushdi, hozircha hammasi yaxshi ishlayapti, yoqib qoldi. 👍",positive
9623,"internet xizmati bilan muammo chiqdi, qo'llab-quvvatlash xizmati javob bermadi, xafa bo'ldim. 😡",negative
9624,"Toshkentga borish rejam buzildi, chiptalar bilan muammo bo'ldi, afsuslandim.",negative
9625,"bugungi ilova haqidagi siyosat videolari yoqdi, klass 👍",positive
9626,"ertaga Samarqandga bordim, hamma narsa hayratda qoldim.",positive
9627,"Samarqanddagi sayohatim ajoyib o'tdi, xizmatlar hammasi darajasida, mamnunman. 😁 👍",positive
9628,"kelasi oy Namanganga bordim, hamma narsa zo'r bo'ldi. 👍",positive
9629,"do'stlar umuman tushuntira olmadi, bekor ketdi hamma narsasi",negative
9630,"😶 Redmi Note 13 haqida fikrlar turlicha, hozircha oddiy bo'ldi.",neutral
9631,"dars juda samarali o'tdi, hamkasbim tushuntirgan mavzu juda foydali bo'ldi, zo'r bo'ldi.",positive
9632,"😭 👎 Namanganga borish rejam buzildi, chiptalar bilan muammo bo'ldi, noroziman.",negative
9633,"noutbuk sotib oldim, narxi arzon emas, lekin sifati uchun mamnunman. 😎",positive
9634,"admin nimadir yozibdi, lekin men uchun bilmayman",neutral
9635,"😄 YouTubeda yangi planshet haqida post ko'rdim, menga juda yoqdi, kayfiyatim ko'tarildi.",positive
9636,:|,neutral
9637,🤦‍♂️ 🤦‍♂️ 😔,negative
9638,"Twitterda yangi planshet haqida post ko'rdim, menga juda yoqdi, yoqib qoldi. 😊 🤩",positive
9639,"😎 planshet sotib oldim, narxi arzon emas, lekin sifati uchun yoqib qoldi.",positive
9640,😎 😄 🥰,positive
9641,"uchrashuv juda samarali o'tdi, rahbar tushuntirgan mavzu juda foydali bo'ldi, zo'r bo'ldi.",positive
9642,🤦‍♂️ :'(,negative
9643,otliii,positive
9644,😠 😞 😡 =/,negative
9645,"seminar juda samarali o'tdi, hamkasbim tushuntirgan mavzu juda foydali bo'ldi, yoqib qoldi. 😊",positive
9646,"seminar juda samarali o'tdi, do'stim tushuntirgan mavzu juda foydali bo'ldi, zo'r bo'ldi.",positive
9647,"Twitterda yangi Redmi Note 13 haqida post ko'rdim, menga juda yoqdi, hayratda qoldim. 👍",positive
9648,,
9649,"🤔 Twitterda Samsung A55 haqida e'lon ko'rdim, hozircha faqat ma'lumot yig'ayapman, oddatdagidek.",neutral
9650,"ℹ️ Instagramda kofe haqida e'lon ko'rdim, hozircha faqat ma'lumot yig'ayapman, oddatdagidek.",neutral
9651,"internet bo'yicha kommentlar mavzusi zo'r chiqibdi, super 😎",positive
9652,"Farg'onadagi sayohatim ajoyib o'tdi, xizmatlar hammasi darajasida, hayratda qoldim. 😎 😊",positive
9653,"😄 😊 bugun Samarqandga bordim, hamma narsa mamnunman.",positive
9654,neytralman 🙄,neutral
9655,"aka nimadir yozibdi, lekin men uchun ok",neutral
9656,"kelasi oy Namanganda bo'lgan imtihon menga umuman yoqmadi, xafa bo'ldim.",negative
9657,"Yangi telefon operatori ishga tushdi, hozircha hammasi yaxshi ishlayapti, juda xursand bo'ldim. 😎",positive
9658,"ℹ️ 😶 ertaga Andijonda uchrashuv bo'lib o'tdi, men faqat qatnashdim, shunchaki ma'lumot uchun.",neutral
9659,"🤔 🤔 shu hafta Xivada konferensiya bo'lib o'tdi, men faqat qatnashdim, neytral qarayman.",neutral
9660,"Samarqanddagi sayohatim ajoyib o'tdi, xizmatlar hammasi darajasida, yoqib qoldi. 😊 😄",positive
9661,"servis bo'yicha yangiliklar postini ko'rdim, bilmayman ✍️",neutral
9662,"ertaga Namanganga bordim, hamma narsa yoqib qoldi. 😎",positive
9663,"😞 Samsung A55 sifati kutilganidek emas, juda sust ishlayapti, umuman yoqmadi.",negative
9664,"🤔 shu hafta direktor bilan qisqa suhbatlashdim, shunchaki ma'lumot uchun.",neutral
9665,🤦‍♂️ >:( 🤦‍♀️ 😔,negative
9666,"kelasi oy rahbar bilan qisqa suhbatlashdim, oddiy bo'ldi.",neutral
9667,"📌 Telegramda iPhone 15 haqida e'lon ko'rdim, hozircha faqat ma'lumot yig'ayapman, oddatdagidek.",neutral
9668,neytralman ℹ️,neutral
9669,"🤬 noutbuk sifati kutilganidek emas, juda sust ishlayapti, hafsalam pir bo'ldi.",negative
9670,🤔 😐 :|,neutral
9671,🤬 😢 😡,negative
9672,"😶 Twitterda kofe haqida e'lon ko'rdim, hozircha faqat ma'lumot yig'ayapman, oddiy bo'ldi.",neutral
9673,"Buxorodagi sayohatim ajoyib o'tdi, xizmatlar hammasi darajasida, yoqib qoldi. 🥰",positive
9674,"👎 😡 kecha Farg'onada bo'lgan konferensiya menga umuman yoqmadi, afsuslandim.",negative
9675,"ilova bo'yicha yangilanish chiqdi, lekin hozircha shunchaki ma'lumot uchun.",neutral
9676,"shu hafta Samarqandda bo'lgan dars menga umuman yoqmadi, noroziman. 😠",negative
9677,"😎 dars juda samarali o'tdi, dekan tushuntirgan mavzu juda foydali bo'ldi, zo'r bo'ldi.",positive
9678,"Redmi Note 13 sotib oldim, narxi arzon emas, lekin sifati uchun zo'r bo'ldi. 😄 🤩",positive
9679,umuman yoqmaydi 💔,negative
9680,"kofe sotib oldim, narxi arzon emas, lekin sifati uchun juda xursand bo'ldim.",positive
9681,"bugungi blog mavzusi zerikarli bo'ldi, aldashdi 🤬",negative
9682,...,neutral
9683,"shu hafta hamkasbim bilan qisqa suhbatlashdim, hech qanday o'zgarish sezilmadi. 📌",neutral
9684,"telegram kanal sifati yana tushib ketgan, umuman yoqmaydi :-/",negative
9685,kommentlarni o'qib rostdan ham zor 😊,positive
9686,"ℹ️ 😶 YouTubeda iPhone 15 haqida e'lon ko'rdim, hozircha faqat ma'lumot yig'ayapman, neytral qarayman.",neutral
9687,"o'tgan oy Farg'onada imtihon bo'lib o'tdi, men faqat qatnashdim, oddiy bo'ldi. 😐",neutral
9688,"👍 Samsung A55 sotib oldim, narxi arzon emas, lekin sifati uchun juda xursand bo'ldim.",positive
9689,"Buxoroga borish rejam buzildi, chiptalar bilan muammo bo'ldi, hafsalam pir bo'ldi. 😢",negative
9690,"Samsung A55 haqida fikrlar turlicha, hozircha neytral qarayman. 📌",neutral
9691,"Andijondagi sayohatim ajoyib o'tdi, xizmatlar hammasi darajasida, mamnunman. 😄",positive
9692,✍️ !?,neutral
9693,"🤩 👍 Yangi dastur ishga tushdi, hozircha hammasi yaxshi ishlayapti, hayratda qoldim.",positive
9694,kulib qo'ydim xolos ✍️,neutral
9695,✍️ :| ...,neutral
9696,"Redmi Note 13 haqida fikrlar turlicha, hozircha hech qanday o'zgarish sezilmadi. 📌 🙄",neutral
9697,"🥰 Telegramda yangi planshet haqida post ko'rdim, menga juda yoqdi, kayfiyatim ko'tarildi.",positive
9698,"Yangi dastur ishga tushdi, hozircha hammasi yaxshi ishlayapti, mamnunman. 😊",positive
9699,"😄 iPhone 15 sotib oldim, narxi arzon emas, lekin sifati uchun juda xursand bo'ldim.",positive
9700,"shu hafta Toshkentda bo'lgan uchrashuv menga umuman yoqmadi, xafa bo'ldim.",negative
9701,"Farg'ona haqida yangilik o'qidim, neytral qarayman.",neutral
9702,"😐 iPhone 15 haqida fikrlar turlicha, hozircha oddatdagidek.",neutral
9703,"🤔 kecha Toshkentda uchrashuv bo'lib o'tdi, men faqat qatnashdim, oddatdagidek.",neutral
9704,"Facebookda planshet haqida e'lon ko'rdim, hozircha faqat ma'lumot yig'ayapman, hech qanday o'zgarish sezilmadi. ℹ️",neutral
9705,"bank xizmati bo'yicha yangilanish chiqdi, lekin hozircha shunchaki ma'lumot uchun.",neutral
9706,"😊 Yangi dastur ishga tushdi, hozircha hammasi yaxshi ishlayapti, mamnunman.",positive
9707,"hamkasbim va'da qilgan ishini bajarmadi, natijadan umuman yoqmadi.",negative
9708,"iPhone 15 sifati kutilganidek emas, juda sust ishlayapti, juda jahlim chiqdi. 😭",negative
9709,"😍 🤩 Telegramda yangi planshet haqida post ko'rdim, menga juda yoqdi, juda xursand bo'ldim.",positive
9710,"internet xizmati bo'yicha yangilanish chiqdi, lekin hozircha oddatdagidek.",neutral
9711,"Twitterda yangi Samsung A55 haqida post ko'rdim, menga juda yoqdi, kayfiyatim ko'tarildi. 😁",positive
9712,"Telegramda yangi noutbuk haqida post ko'rdim, menga juda yoqdi, kayfiyatim ko'tarildi.",positive
9713,"kecha Xivada bo'lgan konferensiya menga umuman yoqmadi, xafa bo'ldim. 😔",negative
9714,"😄 Instagramda yangi aviachiptalar haqida post ko'rdim, menga juda yoqdi, juda xursand bo'ldim.",positive
9715,"🤩 shu hafta Xivaga bordim, hamma narsa zo'r bo'ldi.",positive
9716,"imtihon juda samarali o'tdi, professor tushuntirgan mavzu juda foydali bo'ldi, mamnunman. 🥰",positive
9717,"internet xizmati bo'yicha yangilanish chiqdi, lekin hozircha hech qanday o'zgarish sezilmadi. 🙄 🤔",neutral
9718,"😊 😎 Yangi ilova ishga tushdi, hozircha hammasi yaxshi ishlayapti, mamnunman.",positive
9719,"✨ Andijondagi sayohatim ajoyib o'tdi, xizmatlar hammasi darajasida, juda xursand bo'ldim.",positive
9720,"o'tgan oy direktor bilan qisqa suhbatlashdim, shunchaki ma'lumot uchun.",neutral
9721,"😍 Redmi Note 13 sotib oldim, narxi arzon emas, lekin sifati uchun hayratda qoldim.",positive
9722,"😁 Qo'qondagi sayohatim ajoyib o'tdi, xizmatlar hammasi darajasida, kayfiyatim ko'tarildi.",positive
9723,"🤔 YouTubeda aviachiptalar haqida e'lon ko'rdim, hozircha faqat ma'lumot yig'ayapman, oddiy bo'ldi.",neutral
9724,"hamkasbim va'da qilgan ishini bajarmadi, natijadan afsuslandim.",negative
9725,"Redmi Note 13 haqida fikrlar turlicha, hozircha oddatdagidek. 🤔",neutral
9726,👍 ;),positive
9727,"😄 😄 Yangi internet xizmati ishga tushdi, hozircha hammasi yaxshi ishlayapti, mamnunman.",positive
9728,"Telegramda kitob haqida e'lon ko'rdim, hozircha faqat ma'lumot yig'ayapman, shunchaki ma'lumot uchun.",neutral
9729,"💔 😠 kuryer xizmati bilan muammo chiqdi, qo'llab-quvvatlash xizmati javob bermadi, xafa bo'ldim.",negative
9730,"Telegramda noutbuk haqida e'lon ko'rdim, hozircha faqat ma'lumot yig'ayapman, hech qanday o'zgarish sezilmadi. ℹ️",neutral
9731,"Yangi bank xizmati ishga tushdi, hozircha hammasi yaxshi ishlayapti, kayfiyatim ko'tarildi. 👍",positive
9732,"✨ 😊 Xivadagi sayohatim ajoyib o'tdi, xizmatlar hammasi darajasida, kayfiyatim ko'tarildi.",positive
9733,"hamma juda chiroyli tushuntiribdi, zo'r 😍",positive
9734,"konferensiya juda samarali o'tdi, dekan tushuntirgan mavzu juda foydali bo'ldi, kayfiyatim ko'tarildi.",positive
9735,"hamma umuman tushuntira olmadi, servis noldan ham past 😢",negative
9736,"bugungi post haqidagi blog videolari yoqdi, klass 😄",positive
9737,"ertaga Xivada bo'lgan seminar menga umuman yoqmadi, afsuslandim. 😭",negative
9738,"ℹ️ Farg'ona haqida yangilik o'qidim, hech qanday o'zgarish sezilmadi.",neutral
9739,📌 ✍️,neutral
9740,"kelasi oy direktor bilan qisqa suhbatlashdim, hech qanday o'zgarish sezilmadi.",neutral
9741,"noutbuk haqida fikrlar turlicha, hozircha hech qanday o'zgarish sezilmadi. ℹ️ 📌",neutral
9742,"ertaga hamkasbim bilan qisqa suhbatlashdim, hech qanday o'zgarish sezilmadi. 🙄",neutral
9743,"Yangi kuryer xizmati ishga tushdi, hozircha hammasi yaxshi ishlayapti, zo'r bo'ldi. 🤩",positive
9744,"mijozlarga xizmat ko'rsatish bo'yicha yangilanish chiqdi, lekin hozircha hech qanday o'zgarish sezilmadi. 🙄 🙄",neutral
9745,"ilova bo'yicha yangilanish chiqdi, lekin hozircha oddatdagidek. 🤔",neutral
9746,"konferensiya juda samarali o'tdi, direktor tushuntirgan mavzu juda foydali bo'ldi, juda xursand bo'ldim. 😄",positive
9747,"kelasi oy Samarqandda bo'lgan uchrashuv menga umuman yoqmadi, hafsalam pir bo'ldi.",negative
9748,💔 >:(,negative
9749,klass 🔥,positive
9750,"😠 shu hafta Andijonda bo'lgan dars menga umuman yoqmadi, afsuslandim.",negative
9751,"😁 Instagramda yangi kofe haqida post ko'rdim, menga juda yoqdi, kayfiyatim ko'tarildi.",positive
9752,"Farg'ona haqida yangilik o'qidim, neytral qarayman. ℹ️ ℹ️",neutral
9753,"😎 😁 Toshkentdagi sayohatim ajoyib o'tdi, xizmatlar hammasi darajasida, hayratda qoldim.",positive
9754,"seminar juda samarali o'tdi, dekan tushuntirgan mavzu juda foydali bo'ldi, kayfiyatim ko'tarildi.",positive
9755,"Samsung A55 sotib oldim, narxi arzon emas, lekin sifati uchun zo'r bo'ldi. 😊 🤩",positive
9756,"bugun futbol bo'yicha faqat kuzatib turdim, prosta savol",neutral
9757,"Yangi dastur ishga tushdi, hozircha hammasi yaxshi ishlayapti, hayratda qoldim. 🤩",positive
9758,"shu hafta Namanganga bordim, hamma narsa juda xursand bo'ldim.",positive
9759,"Xivaga borish rejam buzildi, chiptalar bilan muammo bo'ldi, noroziman. 😡",negative
9760,yaxshi ishlayapti 😎,positive
9761,"kecha Buxoroda majlis bo'lib o'tdi, men faqat qatnashdim, oddatdagidek.",neutral
9762,"o'qib qo'ydim xolos, ok 😐",neutral
9763,"do'stlar juda chiroyli tushuntiribdi, gap yo'q 😍",positive
9764,"Andijonga borish rejam buzildi, chiptalar bilan muammo bo'ldi, xafa bo'ldim. 😔",negative
9765,"bugungi sayt haqidagi pul videolari yoqdi, rahmat, zo'r ekan ✨",positive
9766,kulib qo'ydim xolos 📌,neutral
9767,"seminar juda samarali o'tdi, direktor tushuntirgan mavzu juda foydali bo'ldi, zo'r bo'ldi.",positive
9768,"bank xizmati bilan muammo chiqdi, qo'llab-quvvatlash xizmati javob bermadi, afsuslandim. 👎 💔",negative
9769,"👍 Samsung A55 sotib oldim, narxi arzon emas, lekin sifati uchun zo'r bo'ldi.",positive
9770,"bugun blog bo'yicha faqat kuzatib turdim, ok 📌",neutral
9771,"Instagramda Redmi Note 13 haqida e'lon ko'rdim, hozircha faqat ma'lumot yig'ayapman, neytral qarayman.",neutral
9772,"Qo'qon haqida yangilik o'qidim, oddiy bo'ldi.",neutral
9773,"Redmi Note 13 sotib oldim, narxi arzon emas, lekin sifati uchun zo'r bo'ldi.",positive
9774,"ertaga Xivaga bordim, hamma narsa mamnunman. ✨ 😄",positive
9775,😄 🔥 :D,positive
9776,"Twitterdagi reklamalar juda asabga tegayapti, hafsalam pir bo'ldi.",negative
9777,"hamma nimadir yozibdi, lekin men uchun info uchun !?",neutral
9778,"😁 Redmi Note 13 sotib oldim, narxi arzon emas, lekin sifati uchun kayfiyatim ko'tarildi.",positive
9779,"bugungi servis haqidagi kommentlar videolari yoqdi, otliii 🔥",positive
9780,"telegram kanal bo'yicha futbol postini ko'rdim, fikir yo'q ...",neutral
9781,"📌 Telegramda Samsung A55 haqida e'lon ko'rdim, hozircha faqat ma'lumot yig'ayapman, hech qanday o'zgarish sezilmadi.",neutral
9782,"dastur bo'yicha blog mavzusi zo'r chiqibdi, klass ✨",positive
9783,"ℹ️ 📌 Andijon haqida yangilik o'qidim, oddatdagidek.",neutral
9784,"internet sifati yana tushib ketgan, juda yomon 😡",negative
9785,"kuryer xizmati bilan muammo chiqdi, qo'llab-quvvatlash xizmati javob bermadi, juda jahlim chiqdi. 💔",negative
9786,"shu hafta Qo'qonda imtihon bo'lib o'tdi, men faqat qatnashdim, oddiy bo'ldi.",neutral
9787,"😄 Twitterda yangi iPhone 15 haqida post ko'rdim, menga juda yoqdi, mamnunman.",positive
9788,"😁 🤩 uchrashuv juda samarali o'tdi, direktor tushuntirgan mavzu juda foydali bo'ldi, yoqib qoldi.",positive
9789,"kelasi oy Buxoroga bordim, hamma narsa zo'r bo'ldi.",positive
9790,"sayt bo'yicha siyosat postini ko'rdim, hech narsa o'zgarmadi",neutral
9791,"iPhone 15 haqida fikrlar turlicha, hozircha oddatdagidek. 📌",neutral
9792,"Samsung A55 sotib oldim, narxi arzon emas, lekin sifati uchun yoqib qoldi. 👍",positive
9793,kommentlarni o'qib rostdan ham zor 🤩,positive
9794,"majlis juda samarali o'tdi, do'stim tushuntirgan mavzu juda foydali bo'ldi, hayratda qoldim.",positive
9795,"Yangi kuryer xizmati ishga tushdi, hozircha hammasi yaxshi ishlayapti, yoqib qoldi. ✨",positive
9796,tavsiya etmayman =/,negative
9797,"Farg'onadagi sayohatim ajoyib o'tdi, xizmatlar hammasi darajasida, zo'r bo'ldi. 👍",positive
9798,"Samsung A55 sifati kutilganidek emas, juda sust ishlayapti, xafa bo'ldim.",negative
9799,"telegram kanal bo'yicha siyosat mavzusi zo'r chiqibdi, yaxshi ishlayapti 🔥",positive
9800,"😐 kuryer xizmati bo'yicha yangilanish chiqdi, lekin hozircha neytral qarayman.",neutral
9801,"iPhone 15 sotib oldim, narxi arzon emas, lekin sifati uchun hayratda qoldim. 😊",positive
9802,"oyin bo'yicha talim postini ko'rdim, ko'rdim xolos ✍️",neutral
9803,"🥰 😄 Yangi mijozlarga xizmat ko'rsatish ishga tushdi, hozircha hammasi yaxshi ishlayapti, yoqib qoldi.",positive
9804,"YouTubeda iPhone 15 haqida e'lon ko'rdim, hozircha faqat ma'lumot yig'ayapman, hech qanday o'zgarish sezilmadi.",neutral
9805,"aviachiptalar haqida fikrlar turlicha, hozircha neytral qarayman.",neutral
9806,yaxshi ishlayapti :),positive
9807,"shu hafta professor bilan qisqa suhbatlashdim, hech qanday o'zgarish sezilmadi. 😶",neutral
9808,"opa umuman tushuntira olmadi, nogiron qilindi 💔",negative
9809,kommentlarni o'qib rostdan ham bombaaa,positive
9810,"bugungi siyosat mavzusi zerikarli bo'ldi, qattiq hafsalam pir bo'ldi 😞",negative
9811,🔥 🥰 🥰,positive
9812,"YouTubeda yangi kitob haqida post ko'rdim, menga juda yoqdi, mamnunman. 😍",positive
9813,"Facebookda yangi iPhone 15 haqida post ko'rdim, menga juda yoqdi, zo'r bo'ldi. 😍 😎",positive
9814,"instagram sahifa bo'yicha texnika postini ko'rdim, prosta savol 📌",neutral
9815,"o'tgan oy Toshkentga bordim, hamma narsa hayratda qoldim. 😊",positive
9816,"imtihon juda samarali o'tdi, rahbar tushuntirgan mavzu juda foydali bo'ldi, hayratda qoldim.",positive
9817,"Samarqandga borish rejam buzildi, chiptalar bilan muammo bo'ldi, umuman yoqmadi.",negative
9818,😐 📌 📌,neutral
9819,"Telegramda yangi planshet haqida post ko'rdim, menga juda yoqdi, zo'r bo'ldi.",positive
9820,"🥰 Telegramda yangi iPhone 15 haqida post ko'rdim, menga juda yoqdi, kayfiyatim ko'tarildi.",positive
9821,:| !?,neutral
9822,"seminar juda samarali o'tdi, hamkasbim tushuntirgan mavzu juda foydali bo'ldi, yoqib qoldi.",positive
9823,"Instagramdagi reklamalar juda asabga tegayapti, xafa bo'ldim. 😠 😠",negative
9824,"😎 Instagramda yangi planshet haqida post ko'rdim, menga juda yoqdi, zo'r bo'ldi.",positive
9825,"🙄 Samsung A55 haqida fikrlar turlicha, hozircha neytral qarayman.",neutral
9826,"planshet haqida fikrlar turlicha, hozircha oddatdagidek. 🤔",neutral
9827,"ilova bilan muammo chiqdi, qo'llab-quvvatlash xizmati javob bermadi, afsuslandim. 😔",negative
9828,🤩 😊,positive
9829,"instagram sahifa sifati yana tushib ketgan, bekor ketdi hamma narsasi 😢",negative
9830,"konferensiya juda samarali o'tdi, hamkasbim tushuntirgan mavzu juda foydali bo'ldi, yoqib qoldi. 😎 😍",positive
9831,zo'r ;),positive
9832,"😄 Twitterda yangi aviachiptalar haqida post ko'rdim, menga juda yoqdi, kayfiyatim ko'tarildi.",positive
9833,"🤩 😍 Yangi kuryer xizmati ishga tushdi, hozircha hammasi yaxshi ishlayapti, mamnunman.",positive
9834,"😎 😎 Yangi telefon operatori ishga tushdi, hozircha hammasi yaxshi ishlayapti, mamnunman.",positive
9835,"😁 Twitterda yangi noutbuk haqida post ko'rdim, menga juda yoqdi, yoqib qoldi.",positive
9836,💔 💔 :-/ 🤦‍♀️,negative
9837,"kommentlarni o'qidim, kulib qo'ydim xolos 📌",neutral
9838,"😄 Facebookda yangi noutbuk haqida post ko'rdim, menga juda yoqdi, juda xursand bo'ldim.",positive
9839,"Yangi kuryer xizmati ishga tushdi, hozircha hammasi yaxshi ishlayapti, juda xursand bo'ldim. 😎",positive
9840,"planshet sotib oldim, narxi arzon emas, lekin sifati uchun hayratda qoldim. 😊 😄",positive
9841,"Samarqanddagi sayohatim ajoyib o'tdi, xizmatlar hammasi darajasida, juda xursand bo'ldim. 🤩 😁",positive
9842,"🙄 kecha hamkasbim bilan qisqa suhbatlashdim, neytral qarayman.",neutral
9843,"😄 ertaga Toshkentga bordim, hamma narsa kayfiyatim ko'tarildi.",positive
9844,"kofe sotib oldim, narxi arzon emas, lekin sifati uchun zo'r bo'ldi. 😄",positive
9845,"Buxoroga borish rejam buzildi, chiptalar bilan muammo bo'ldi, afsuslandim. 😞 💔",negative
9846,✍️ :|,neutral
9847,"👎 planshet sifati kutilganidek emas, juda sust ishlayapti, xafa bo'ldim.",negative
9848,"bugun blog bo'yicha faqat kuzatib turdim, shunchaki ✍️",neutral
9849,"😁 😄 Andijondagi sayohatim ajoyib o'tdi, xizmatlar hammasi darajasida, mamnunman.",positive
9850,klass 😄,positive
9851,"Toshkentdagi sayohatim ajoyib o'tdi, xizmatlar hammasi darajasida, mamnunman.",positive
9852,"konferensiya juda samarali o'tdi, hamkasbim tushuntirgan mavzu juda foydali bo'ldi, kayfiyatim ko'tarildi.",positive
9853,"📌 o'tgan oy professor bilan qisqa suhbatlashdim, oddiy bo'ldi.",neutral
9854,"😍 🥰 Buxorodagi sayohatim ajoyib o'tdi, xizmatlar hammasi darajasida, yoqib qoldi.",positive
9855,"😍 😎 Yangi bank xizmati ishga tushdi, hozircha hammasi yaxshi ishlayapti, hayratda qoldim.",positive
9856,"😡 kelasi oy Xivada bo'lgan uchrashuv menga umuman yoqmadi, juda jahlim chiqdi.",negative
9857,"admin juda chiroyli tushuntiribdi, top 😎",positive
9858,"Toshkentdagi sayohatim ajoyib o'tdi, xizmatlar hammasi darajasida, mamnunman. 🥰",positive
9859,"Namangandagi sayohatim ajoyib o'tdi, xizmatlar hammasi darajasida, hayratda qoldim. 😁 😄",positive
9860,"kecha Qo'qonda seminar bo'lib o'tdi, men faqat qatnashdim, oddiy bo'ldi.",neutral
9861,juda yomon 😡,negative
9862,"bugun kommentlar bo'yicha faqat kuzatib turdim, kulib qo'ydim xolos",neutral
9863,"😢 Instagramdagi reklamalar juda asabga tegayapti, xafa bo'ldim.",negative
9864,"bugun rahbar bilan qisqa suhbatlashdim, neytral qarayman.",neutral
9865,"Toshkent haqida yangilik o'qidim, neytral qarayman. 📌 ℹ️",neutral
9866,"ilova bo'yicha pul mavzusi zo'r chiqibdi, chiqqan joyi yoqdi 😎",positive
9867,"😄 Yangi internet xizmati ishga tushdi, hozircha hammasi yaxshi ishlayapti, mamnunman.",positive
9868,"bugun futbol bo'yicha faqat kuzatib turdim, ok 😶",neutral
9869,"bugungi texnika mavzusi zerikarli bo'ldi, aldashdi 🤦‍♂️",negative
9870,"👎 o'tgan oy Samarqandda bo'lgan dars menga umuman yoqmadi, noroziman.",negative
9871,"kommentlarda hammasi urush, servis noldan ham past 😭",negative
9872,"konferensiya juda samarali o'tdi, do'stim tushuntirgan mavzu juda foydali bo'ldi, juda xursand bo'ldim. 👍",positive
9873,"Buxorodagi sayohatim ajoyib o'tdi, xizmatlar hammasi darajasida, juda xursand bo'ldim. 🤩",positive
9874,"kommentlarda hammasi urush, umidsizlik 🤦‍♂️",negative
9875,"kofe sotib oldim, narxi arzon emas, lekin sifati uchun hayratda qoldim. ✨ 🥰",positive
9876,"kelasi oy Qo'qonda bo'lgan uchrashuv menga umuman yoqmadi, noroziman. 🤬",negative
9877,"Namangan haqida yangilik o'qidim, neytral qarayman. ℹ️",neutral
9878,"folloverlar umuman tushuntira olmadi, tavsiya etmayman 😭",negative
9879,otliii :),positive
9880,"ertaga o'qituvchi bilan qisqa suhbatlashdim, shunchaki ma'lumot uchun.",neutral
9881,"shu hafta Farg'onada bo'lgan seminar menga umuman yoqmadi, afsuslandim. 😞",negative
9882,"ertaga Toshkentga bordim, hamma narsa kayfiyatim ko'tarildi.",positive
9883,"Telegramda planshet haqida e'lon ko'rdim, hozircha faqat ma'lumot yig'ayapman, shunchaki ma'lumot uchun.",neutral
9884,"Samarqandga borish rejam buzildi, chiptalar bilan muammo bo'ldi, noroziman.",negative
9885,😊 ;),positive
9886,"o'tgan oy rahbar bilan qisqa suhbatlashdim, oddatdagidek.",neutral
9887,✨ 😎 =) 👍,positive
9888,,
9889,"shu hafta o'qituvchi bilan qisqa suhbatlashdim, oddatdagidek. 📌 😐",neutral
9890,"kelasi oy hamkasbim bilan qisqa suhbatlashdim, neytral qarayman. 😶",neutral
9891,"🥰 Twitterda yangi kofe haqida post ko'rdim, menga juda yoqdi, mamnunman.",positive
9892,"kommentlarda hammasi urush, bekor ketdi hamma narsasi 🤦‍♂️",negative
9893,"Toshkent haqida yangilik o'qidim, neytral qarayman.",neutral
9894,"Samarqand haqida yangilik o'qidim, oddiy bo'ldi. 🤔 😶",neutral
9895,👎 🤬 😞,negative
9896,"😁 Facebookda yangi noutbuk haqida post ko'rdim, menga juda yoqdi, hayratda qoldim.",positive
9897,"o'qib qo'ydim xolos, ok 🙄",neutral
9898,klass 😍,positive
9899,"Farg'onadagi sayohatim ajoyib o'tdi, xizmatlar hammasi darajasida, juda xursand bo'ldim. 😊",positive
9900,"🤩 ertaga Buxoroga bordim, hamma narsa zo'r bo'ldi.",positive
9901,"kommentlarda hammasi urush, zerikarli :'(",negative
9902,?? :|,neutral
9903,"🤔 kecha Samarqandda imtihon bo'lib o'tdi, men faqat qatnashdim, oddiy bo'ldi.",neutral
9904,"konferensiya juda samarali o'tdi, dekan tushuntirgan mavzu juda foydali bo'ldi, mamnunman. ✨",positive
9905,"kitob sifati kutilganidek emas, juda sust ishlayapti, xafa bo'ldim. 👎",negative
9906,"folloverlar juda chiroyli tushuntiribdi, klass ✨",positive
9907,kommentlarni o'qib rostdan ham zo'r ❤️,positive
9908,"kommentlarni o'qidim, ok",neutral
9909,"😁 imtihon juda samarali o'tdi, hamkasbim tushuntirgan mavzu juda foydali bo'ldi, yoqib qoldi.",positive
9910,"Yangi mijozlarga xizmat ko'rsatish ishga tushdi, hozircha hammasi yaxshi ishlayapti, hayratda qoldim. 😁 ✨",positive
9911,"bugungi ilova haqidagi talim videolari yoqdi, otliii",positive
9912,"🤩 majlis juda samarali o'tdi, do'stim tushuntirgan mavzu juda foydali bo'ldi, zo'r bo'ldi.",positive
9913,"Xivadagi sayohatim ajoyib o'tdi, xizmatlar hammasi darajasida, mamnunman.",positive
9914,"servis sifati yana tushib ketgan, pulga achindim 🤦‍♀️",negative
9915,"dastur bilan muammo chiqdi, qo'llab-quvvatlash xizmati javob bermadi, umuman yoqmadi.",negative
9916,kommentlarni o'qib rostdan ham chiqqan joyi yoqdi,positive
9917,"ℹ️ 🤔 noutbuk haqida fikrlar turlicha, hozircha hech qanday o'zgarish sezilmadi.",neutral
9918,"imtihon juda samarali o'tdi, professor tushuntirgan mavzu juda foydali bo'ldi, kayfiyatim ko'tarildi. 😄",positive
9919,"Farg'onadagi sayohatim ajoyib o'tdi, xizmatlar hammasi darajasida, mamnunman. 🤩",positive
9920,"kofe sotib oldim, narxi arzon emas, lekin sifati uchun kayfiyatim ko'tarildi. 😄 🥰",positive
9921,"📌 🤔 YouTubeda noutbuk haqida e'lon ko'rdim, hozircha faqat ma'lumot yig'ayapman, shunchaki ma'lumot uchun.",neutral
9922,"bugun Xivada konferensiya bo'lib o'tdi, men faqat qatnashdim, hech qanday o'zgarish sezilmadi. 📌",neutral
9923,yaxshi ishlayapti <3,positive
9924,"✨ uchrashuv juda samarali o'tdi, o'qituvchi tushuntirgan mavzu juda foydali bo'ldi, juda xursand bo'ldim.",positive
9925,"YouTubedagi reklamalar juda asabga tegayapti, hafsalam pir bo'ldi. 💔 😡",negative
9926,"Redmi Note 13 haqida fikrlar turlicha, hozircha neytral qarayman. 🤔",neutral
9927,"😎 Yangi ilova ishga tushdi, hozircha hammasi yaxshi ishlayapti, zo'r bo'ldi.",positive
9928,bombaaa 😁,positive
9929,"ertaga Qo'qonga bordim, hamma narsa hayratda qoldim.",positive
9930,"YouTubeda planshet haqida e'lon ko'rdim, hozircha faqat ma'lumot yig'ayapman, hech qanday o'zgarish sezilmadi. 🙄 😶",neutral
9931,"Yangi telefon operatori ishga tushdi, hozircha hammasi yaxshi ishlayapti, kayfiyatim ko'tarildi. 🥰 🥰",positive
9932,❤️ :D,positive
9933,"Telegramda Redmi Note 13 haqida e'lon ko'rdim, hozircha faqat ma'lumot yig'ayapman, hech qanday o'zgarish sezilmadi.",neutral
9934,"Samsung A55 sifati kutilganidek emas, juda sust ishlayapti, umuman yoqmadi.",negative
9935,"🤔 📌 Andijon haqida yangilik o'qidim, neytral qarayman.",neutral
9936,"😞 dekan va'da qilgan ishini bajarmadi, natijadan hafsalam pir bo'ldi.",negative
9937,😞 🤦‍♂️ >:( 👎,negative
9938,"📌 Instagramda planshet haqida e'lon ko'rdim, hozircha faqat ma'lumot yig'ayapman, shunchaki ma'lumot uchun.",neutral
9939,"Yangi ilova ishga tushdi, hozircha hammasi yaxshi ishlayapti, kayfiyatim ko'tarildi. 🥰",positive
9940,"dastur bo'yicha yangilanish chiqdi, lekin hozircha hech qanday o'zgarish sezilmadi.",neutral
9941,"😊 😍 o'tgan oy Xivaga bordim, hamma narsa yoqib qoldi.",positive
9942,"bugun texnika bo'yicha faqat kuzatib turdim, info uchun 😶",neutral
9943,"✨ majlis juda samarali o'tdi, dekan tushuntirgan mavzu juda foydali bo'ldi, kayfiyatim ko'tarildi.",positive
9944,"🥰 😍 Yangi telefon operatori ishga tushdi, hozircha hammasi yaxshi ishlayapti, kayfiyatim ko'tarildi.",positive
9945,"Qo'qondagi sayohatim ajoyib o'tdi, xizmatlar hammasi darajasida, juda xursand bo'ldim. ✨ 😁",positive
9946,"shu hafta do'stim bilan qisqa suhbatlashdim, oddiy bo'ldi. ℹ️",neutral
9947,"bloger nimadir yozibdi, lekin men uchun bilmayman",neutral
9948,"😭 👎 Toshkentga borish rejam buzildi, chiptalar bilan muammo bo'ldi, xafa bo'ldim.",negative
9949,"do'stlar nimadir yozibdi, lekin men uchun prosta savol 📌",neutral
9950,"😶 bugun Buxoroda seminar bo'lib o'tdi, men faqat qatnashdim, neytral qarayman.",neutral
9951,"Instagramda yangi kitob haqida post ko'rdim, menga juda yoqdi, hayratda qoldim.",positive
9952,"😎 YouTubeda yangi Samsung A55 haqida post ko'rdim, menga juda yoqdi, kayfiyatim ko'tarildi.",positive
9953,"shu hafta Xivaga bordim, hamma narsa mamnunman.",positive
9954,"seminar juda samarali o'tdi, o'qituvchi tushuntirgan mavzu juda foydali bo'ldi, zo'r bo'ldi. 😁 😍",positive
9955,"👍 🤩 imtihon juda samarali o'tdi, direktor tushuntirgan mavzu juda foydali bo'ldi, yoqib qoldi.",positive
9956,"😶 kecha o'qituvchi bilan qisqa suhbatlashdim, shunchaki ma'lumot uchun.",neutral
9957,"YouTubeda yangi kofe haqida post ko'rdim, menga juda yoqdi, kayfiyatim ko'tarildi. 😊",positive
9958,"😎 😍 ertaga Toshkentga bordim, hamma narsa zo'r bo'ldi.",positive
9959,prosta savol ...,neutral
9960,"post sifati yana tushib ketgan, umuman yoqmaydi 😞",negative
9961,"Andijonga borish rejam buzildi, chiptalar bilan muammo bo'ldi, umuman yoqmadi.",negative
9962,?? ...,neutral
9963,"😞 💔 Twitterdagi reklamalar juda asabga tegayapti, umuman yoqmadi.",negative
9964,"internet xizmati bilan muammo chiqdi, qo'llab-quvvatlash xizmati javob bermadi, xafa bo'ldim.",negative
9965,"dastur bo'yicha texnika mavzusi zo'r chiqibdi, zor ❤️",positive
9966,"ℹ️ Namangan haqida yangilik o'qidim, hech qanday o'zgarish sezilmadi.",neutral
9967,menga yoqdi 🔥,positive
9968,"kelasi oy Toshkentda bo'lgan seminar menga umuman yoqmadi, umuman yoqmadi. 👎",negative
9969,"👍 shu hafta Namanganga bordim, hamma narsa hayratda qoldim.",positive
9970,bunday bo'lmasligi kerak edi 😭,negative
